ticker,fold,feature_set,lookback,seed,Date,ActualUp,p_up,pred_up
GOOG,1,close-return,5,42,2024-10-21,1,0.527764,1
GOOG,1,close-return,5,42,2024-10-22,1,0.528151,1
GOOG,1,close-return,5,42,2024-10-23,0,0.527584,1
GOOG,1,close-return,5,42,2024-10-24,1,0.526454,1
GOOG,1,close-return,5,42,2024-10-25,1,0.527471,1
GOOG,1,close-return,5,42,2024-10-28,1,0.526775,1
GOOG,1,close-return,5,42,2024-10-29,1,0.525739,1
GOOG,1,close-return,5,42,2024-10-30,1,0.521765,1
GOOG,1,close-return,5,42,2024-10-31,0,0.509979,1
GOOG,1,close-return,5,42,2024-11-01,0,0.523322,1
GOOG,1,close-return,5,42,2024-11-04,0,0.525718,1
GOOG,1,close-return,5,42,2024-11-05,1,0.525896,1
GOOG,1,close-return,5,42,2024-11-06,1,0.528091,1
GOOG,1,close-return,5,42,2024-11-07,1,0.514477,1
GOOG,1,close-return,5,42,2024-11-08,0,0.510431,1
GOOG,1,close-return,5,42,2024-11-11,1,0.523221,1
GOOG,1,close-return,5,42,2024-11-12,1,0.522553,1
GOOG,1,close-return,5,42,2024-11-13,0,0.523090,1
GOOG,1,close-return,5,42,2024-11-14,0,0.525619,1
GOOG,1,close-return,5,42,2024-11-15,0,0.525414,1
GOOG,1,close-return,5,42,2024-11-18,1,0.524949,1
GOOG,1,close-return,5,42,2024-11-19,1,0.529723,1
GOOG,1,close-return,5,42,2024-11-20,0,0.527035,1
GOOG,1,close-return,5,42,2024-11-21,0,0.527032,1
GOOG,1,close-return,5,42,2024-11-22,0,0.521771,1
GOOG,1,close-return,5,42,2024-11-25,1,0.524508,1
GOOG,1,close-return,5,42,2024-11-26,1,0.530215,1
GOOG,1,close-return,5,42,2024-11-27,1,0.529775,1
GOOG,1,close-return,5,42,2024-11-29,0,0.528583,1
GOOG,1,close-return,5,42,2024-12-02,1,0.526810,1
GOOG,1,close-return,5,42,2024-12-03,1,0.524577,1
GOOG,1,close-return,5,42,2024-12-04,1,0.526219,1
GOOG,1,close-return,5,42,2024-12-05,0,0.522711,1
GOOG,1,close-return,5,42,2024-12-06,1,0.525732,1
GOOG,1,close-return,5,42,2024-12-09,1,0.525290,1
GOOG,1,close-return,5,42,2024-12-10,1,0.526042,1
GOOG,1,close-return,5,42,2024-12-11,1,0.501795,1
GOOG,1,close-return,5,42,2024-12-12,0,0.492672,0
GOOG,1,close-return,5,42,2024-12-13,0,0.515196,1
GOOG,1,close-return,5,42,2024-12-16,1,0.521875,1
GOOG,1,close-return,5,42,2024-12-17,0,0.512855,1
GOOG,1,close-return,5,42,2024-12-18,0,0.524050,1
GOOG,1,close-return,5,42,2024-12-19,0,0.523309,1
GOOG,1,close-return,5,42,2024-12-20,1,0.526842,1
GOOG,1,close-return,5,42,2024-12-23,1,0.528193,1
GOOG,1,close-return,5,42,2024-12-24,1,0.525639,1
GOOG,1,close-return,5,42,2024-12-26,0,0.524717,1
GOOG,1,close-return,5,42,2024-12-27,0,0.524851,1
GOOG,1,close-return,5,42,2024-12-30,0,0.524920,1
GOOG,1,close-return,5,42,2024-12-31,0,0.526544,1
GOOG,1,close-return,5,42,2025-01-02,1,0.526668,1
GOOG,1,close-return,5,42,2025-01-03,1,0.528663,1
GOOG,1,close-return,5,42,2025-01-06,1,0.528548,1
GOOG,1,close-return,5,42,2025-01-07,0,0.519055,1
GOOG,1,close-return,5,42,2025-01-08,0,0.525148,1
GOOG,1,close-return,5,42,2025-01-10,0,0.525543,1
GOOG,1,close-return,5,42,2025-01-13,0,0.525706,1
GOOG,1,close-return,5,42,2025-01-14,0,0.527179,1
GOOG,1,close-return,5,42,2025-01-15,1,0.527791,1
GOOG,1,close-return,5,42,2025-01-16,0,0.522931,1
GOOG,1,close-return,5,42,2025-01-17,1,0.526726,1
GOOG,1,close-return,5,42,2025-01-21,1,0.524845,1
GOOG,1,close-return,5,42,2025-01-22,1,0.523163,1
GOOG,1,close-return,5,42,2025-01-23,0,0.524398,1
GOOG,1,close-return,5,42,2025-01-24,1,0.526457,1
GOOG,1,close-return,5,42,2025-01-27,0,0.525102,1
GOOG,1,close-return,5,42,2025-01-28,1,0.522744,1
GOOG,1,close-return,5,42,2025-01-29,1,0.528947,1
GOOG,1,close-return,5,42,2025-01-30,1,0.528538,1
GOOG,1,close-return,5,42,2025-01-31,1,0.520600,1
GOOG,1,close-return,5,42,2025-02-03,0,0.519498,1
GOOG,1,close-return,5,42,2025-02-04,1,0.523950,1
GOOG,1,close-return,5,42,2025-02-05,0,0.520307,1
GOOG,1,close-return,5,42,2025-02-06,1,0.519785,1
GOOG,1,close-return,5,42,2025-02-07,0,0.526444,1
GOOG,1,close-return,5,42,2025-02-10,1,0.524187,1
GOOG,1,close-return,5,42,2025-02-11,0,0.529094,1
GOOG,1,close-return,5,42,2025-02-12,0,0.529189,1
GOOG,1,close-return,5,42,2025-02-13,1,0.527626,1
GOOG,1,close-return,5,42,2025-02-14,0,0.528979,1
GOOG,1,close-return,5,42,2025-02-18,0,0.527410,1
GOOG,1,close-return,5,42,2025-02-19,1,0.527325,1
GOOG,1,close-return,5,42,2025-02-20,0,0.527882,1
GOOG,1,close-return,5,42,2025-02-21,0,0.527313,1
GOOG,1,close-return,5,42,2025-02-24,0,0.524514,1
GOOG,1,close-return,5,42,2025-02-25,0,0.527459,1
GOOG,1,close-return,5,42,2025-02-26,0,0.525495,1
GOOG,1,close-return,5,42,2025-02-27,0,0.526117,1
GOOG,1,close-return,5,42,2025-02-28,1,0.524742,1
GOOG,1,close-return,5,42,2025-03-03,0,0.529785,1
GOOG,1,close-return,5,42,2025-03-04,1,0.526635,1
GOOG,1,close-return,5,42,2025-03-05,1,0.528394,1
GOOG,1,close-return,5,42,2025-03-06,0,0.524461,1
GOOG,1,close-return,5,42,2025-03-07,1,0.525662,1
GOOG,1,close-return,5,42,2025-03-10,0,0.525656,1
GOOG,1,close-return,5,42,2025-03-11,0,0.521745,1
GOOG,1,close-return,5,42,2025-03-12,1,0.525424,1
GOOG,1,close-return,5,42,2025-03-13,0,0.529922,1
GOOG,1,close-return,5,42,2025-03-14,1,0.526090,1
GOOG,1,close-return,5,42,2025-03-17,0,0.529523,1
GOOG,1,close-return,5,123,2024-10-21,1,0.541816,1
GOOG,1,close-return,5,123,2024-10-22,1,0.541465,1
GOOG,1,close-return,5,123,2024-10-23,0,0.540493,1
GOOG,1,close-return,5,123,2024-10-24,1,0.540084,1
GOOG,1,close-return,5,123,2024-10-25,1,0.541621,1
GOOG,1,close-return,5,123,2024-10-28,1,0.539277,1
GOOG,1,close-return,5,123,2024-10-29,1,0.538553,1
GOOG,1,close-return,5,123,2024-10-30,1,0.535544,1
GOOG,1,close-return,5,123,2024-10-31,0,0.529535,1
GOOG,1,close-return,5,123,2024-11-01,0,0.537388,1
GOOG,1,close-return,5,123,2024-11-04,0,0.540133,1
GOOG,1,close-return,5,123,2024-11-05,1,0.539831,1
GOOG,1,close-return,5,123,2024-11-06,1,0.542009,1
GOOG,1,close-return,5,123,2024-11-07,1,0.530917,1
GOOG,1,close-return,5,123,2024-11-08,0,0.529340,1
GOOG,1,close-return,5,123,2024-11-11,1,0.537329,1
GOOG,1,close-return,5,123,2024-11-12,1,0.537087,1
GOOG,1,close-return,5,123,2024-11-13,0,0.537572,1
GOOG,1,close-return,5,123,2024-11-14,0,0.539462,1
GOOG,1,close-return,5,123,2024-11-15,0,0.537079,1
GOOG,1,close-return,5,123,2024-11-18,1,0.534922,1
GOOG,1,close-return,5,123,2024-11-19,1,0.542441,1
GOOG,1,close-return,5,123,2024-11-20,0,0.538527,1
GOOG,1,close-return,5,123,2024-11-21,0,0.540491,1
GOOG,1,close-return,5,123,2024-11-22,0,0.522666,1
GOOG,1,close-return,5,123,2024-11-25,1,0.531982,1
GOOG,1,close-return,5,123,2024-11-26,1,0.543085,1
GOOG,1,close-return,5,123,2024-11-27,1,0.541623,1
GOOG,1,close-return,5,123,2024-11-29,0,0.541162,1
GOOG,1,close-return,5,123,2024-12-02,1,0.540758,1
GOOG,1,close-return,5,123,2024-12-03,1,0.537961,1
GOOG,1,close-return,5,123,2024-12-04,1,0.539822,1
GOOG,1,close-return,5,123,2024-12-05,0,0.536262,1
GOOG,1,close-return,5,123,2024-12-06,1,0.539874,1
GOOG,1,close-return,5,123,2024-12-09,1,0.538692,1
GOOG,1,close-return,5,123,2024-12-10,1,0.539521,1
GOOG,1,close-return,5,123,2024-12-11,1,0.525158,1
GOOG,1,close-return,5,123,2024-12-12,0,0.520251,1
GOOG,1,close-return,5,123,2024-12-13,0,0.530492,1
GOOG,1,close-return,5,123,2024-12-16,1,0.536469,1
GOOG,1,close-return,5,123,2024-12-17,0,0.530601,1
GOOG,1,close-return,5,123,2024-12-18,0,0.537993,1
GOOG,1,close-return,5,123,2024-12-19,0,0.529699,1
GOOG,1,close-return,5,123,2024-12-20,1,0.539943,1
GOOG,1,close-return,5,123,2024-12-23,1,0.540429,1
GOOG,1,close-return,5,123,2024-12-24,1,0.537472,1
GOOG,1,close-return,5,123,2024-12-26,0,0.537407,1
GOOG,1,close-return,5,123,2024-12-27,0,0.539142,1
GOOG,1,close-return,5,123,2024-12-30,0,0.538710,1
GOOG,1,close-return,5,123,2024-12-31,0,0.540481,1
GOOG,1,close-return,5,123,2025-01-02,1,0.539734,1
GOOG,1,close-return,5,123,2025-01-03,1,0.542546,1
GOOG,1,close-return,5,123,2025-01-06,1,0.540644,1
GOOG,1,close-return,5,123,2025-01-07,0,0.533632,1
GOOG,1,close-return,5,123,2025-01-08,0,0.538754,1
GOOG,1,close-return,5,123,2025-01-10,0,0.539993,1
GOOG,1,close-return,5,123,2025-01-13,0,0.539634,1
GOOG,1,close-return,5,123,2025-01-14,0,0.541325,1
GOOG,1,close-return,5,123,2025-01-15,1,0.541561,1
GOOG,1,close-return,5,123,2025-01-16,0,0.535479,1
GOOG,1,close-return,5,123,2025-01-17,1,0.540068,1
GOOG,1,close-return,5,123,2025-01-21,1,0.537712,1
GOOG,1,close-return,5,123,2025-01-22,1,0.536816,1
GOOG,1,close-return,5,123,2025-01-23,0,0.538530,1
GOOG,1,close-return,5,123,2025-01-24,1,0.540466,1
GOOG,1,close-return,5,123,2025-01-27,0,0.538628,1
GOOG,1,close-return,5,123,2025-01-28,1,0.528288,1
GOOG,1,close-return,5,123,2025-01-29,1,0.541752,1
GOOG,1,close-return,5,123,2025-01-30,1,0.541605,1
GOOG,1,close-return,5,123,2025-01-31,1,0.534213,1
GOOG,1,close-return,5,123,2025-02-03,0,0.533871,1
GOOG,1,close-return,5,123,2025-02-04,1,0.538424,1
GOOG,1,close-return,5,123,2025-02-05,0,0.534687,1
GOOG,1,close-return,5,123,2025-02-06,1,0.513064,1
GOOG,1,close-return,5,123,2025-02-07,0,0.535896,1
GOOG,1,close-return,5,123,2025-02-10,1,0.527901,1
GOOG,1,close-return,5,123,2025-02-11,0,0.542269,1
GOOG,1,close-return,5,123,2025-02-12,0,0.542225,1
GOOG,1,close-return,5,123,2025-02-13,1,0.541083,1
GOOG,1,close-return,5,123,2025-02-14,0,0.541302,1
GOOG,1,close-return,5,123,2025-02-18,0,0.541245,1
GOOG,1,close-return,5,123,2025-02-19,1,0.541308,1
GOOG,1,close-return,5,123,2025-02-20,0,0.541195,1
GOOG,1,close-return,5,123,2025-02-21,0,0.541272,1
GOOG,1,close-return,5,123,2025-02-24,0,0.534076,1
GOOG,1,close-return,5,123,2025-02-25,0,0.541045,1
GOOG,1,close-return,5,123,2025-02-26,0,0.535847,1
GOOG,1,close-return,5,123,2025-02-27,0,0.536755,1
GOOG,1,close-return,5,123,2025-02-28,1,0.531675,1
GOOG,1,close-return,5,123,2025-03-03,0,0.543337,1
GOOG,1,close-return,5,123,2025-03-04,1,0.537853,1
GOOG,1,close-return,5,123,2025-03-05,1,0.539726,1
GOOG,1,close-return,5,123,2025-03-06,0,0.536805,1
GOOG,1,close-return,5,123,2025-03-07,1,0.539461,1
GOOG,1,close-return,5,123,2025-03-10,0,0.538977,1
GOOG,1,close-return,5,123,2025-03-11,0,0.524922,1
GOOG,1,close-return,5,123,2025-03-12,1,0.535280,1
GOOG,1,close-return,5,123,2025-03-13,0,0.542177,1
GOOG,1,close-return,5,123,2025-03-14,1,0.536633,1
GOOG,1,close-return,5,123,2025-03-17,0,0.541381,1
GOOG,1,close-return,5,2026,2024-10-21,1,0.598942,1
GOOG,1,close-return,5,2026,2024-10-22,1,0.604859,1
GOOG,1,close-return,5,2026,2024-10-23,0,0.590195,1
GOOG,1,close-return,5,2026,2024-10-24,1,0.492527,0
GOOG,1,close-return,5,2026,2024-10-25,1,0.580486,1
GOOG,1,close-return,5,2026,2024-10-28,1,0.579682,1
GOOG,1,close-return,5,2026,2024-10-29,1,0.568037,1
GOOG,1,close-return,5,2026,2024-10-30,1,0.542688,1
GOOG,1,close-return,5,2026,2024-10-31,0,0.511545,1
GOOG,1,close-return,5,2026,2024-11-01,0,0.401265,0
GOOG,1,close-return,5,2026,2024-11-04,0,0.483611,0
GOOG,1,close-return,5,2026,2024-11-05,1,0.488081,0
GOOG,1,close-return,5,2026,2024-11-06,1,0.612440,1
GOOG,1,close-return,5,2026,2024-11-07,1,0.526667,1
GOOG,1,close-return,5,2026,2024-11-08,0,0.512405,1
GOOG,1,close-return,5,2026,2024-11-11,1,0.428914,0
GOOG,1,close-return,5,2026,2024-11-12,1,0.517139,1
GOOG,1,close-return,5,2026,2024-11-13,0,0.537710,1
GOOG,1,close-return,5,2026,2024-11-14,0,0.454709,0
GOOG,1,close-return,5,2026,2024-11-15,0,0.476896,0
GOOG,1,close-return,5,2026,2024-11-18,1,0.499768,0
GOOG,1,close-return,5,2026,2024-11-19,1,0.609818,1
GOOG,1,close-return,5,2026,2024-11-20,0,0.570521,1
GOOG,1,close-return,5,2026,2024-11-21,0,0.505987,1
GOOG,1,close-return,5,2026,2024-11-22,0,0.389938,0
GOOG,1,close-return,5,2026,2024-11-25,1,0.500824,1
GOOG,1,close-return,5,2026,2024-11-26,1,0.612393,1
GOOG,1,close-return,5,2026,2024-11-27,1,0.600662,1
GOOG,1,close-return,5,2026,2024-11-29,0,0.595710,1
GOOG,1,close-return,5,2026,2024-12-02,1,0.550050,1
GOOG,1,close-return,5,2026,2024-12-03,1,0.561885,1
GOOG,1,close-return,5,2026,2024-12-04,1,0.558077,1
GOOG,1,close-return,5,2026,2024-12-05,0,0.548400,1
GOOG,1,close-return,5,2026,2024-12-06,1,0.478600,0
GOOG,1,close-return,5,2026,2024-12-09,1,0.563832,1
GOOG,1,close-return,5,2026,2024-12-10,1,0.564944,1
GOOG,1,close-return,5,2026,2024-12-11,1,0.501607,1
GOOG,1,close-return,5,2026,2024-12-12,0,0.488712,0
GOOG,1,close-return,5,2026,2024-12-13,0,0.424511,0
GOOG,1,close-return,5,2026,2024-12-16,1,0.390326,0
GOOG,1,close-return,5,2026,2024-12-17,0,0.513330,1
GOOG,1,close-return,5,2026,2024-12-18,0,0.503100,1
GOOG,1,close-return,5,2026,2024-12-19,0,0.391508,0
GOOG,1,close-return,5,2026,2024-12-20,1,0.549267,1
GOOG,1,close-return,5,2026,2024-12-23,1,0.594386,1
GOOG,1,close-return,5,2026,2024-12-24,1,0.562512,1
GOOG,1,close-return,5,2026,2024-12-26,0,0.554034,1
GOOG,1,close-return,5,2026,2024-12-27,0,0.503409,1
GOOG,1,close-return,5,2026,2024-12-30,0,0.432472,0
GOOG,1,close-return,5,2026,2024-12-31,0,0.534983,1
GOOG,1,close-return,5,2026,2025-01-02,1,0.559222,1
GOOG,1,close-return,5,2026,2025-01-03,1,0.625425,1
GOOG,1,close-return,5,2026,2025-01-06,1,0.591034,1
GOOG,1,close-return,5,2026,2025-01-07,0,0.535631,1
GOOG,1,close-return,5,2026,2025-01-08,0,0.501247,1
GOOG,1,close-return,5,2026,2025-01-10,0,0.468231,0
GOOG,1,close-return,5,2026,2025-01-13,0,0.477351,0
GOOG,1,close-return,5,2026,2025-01-14,0,0.576985,1
GOOG,1,close-return,5,2026,2025-01-15,1,0.602343,1
GOOG,1,close-return,5,2026,2025-01-16,0,0.549467,1
GOOG,1,close-return,5,2026,2025-01-17,1,0.493527,0
GOOG,1,close-return,5,2026,2025-01-21,1,0.560443,1
GOOG,1,close-return,5,2026,2025-01-22,1,0.548624,1
GOOG,1,close-return,5,2026,2025-01-23,0,0.533939,1
GOOG,1,close-return,5,2026,2025-01-24,1,0.536707,1
GOOG,1,close-return,5,2026,2025-01-27,0,0.564127,1
GOOG,1,close-return,5,2026,2025-01-28,1,0.384888,0
GOOG,1,close-return,5,2026,2025-01-29,1,0.616044,1
GOOG,1,close-return,5,2026,2025-01-30,1,0.612460,1
GOOG,1,close-return,5,2026,2025-01-31,1,0.541678,1
GOOG,1,close-return,5,2026,2025-02-03,0,0.533014,1
GOOG,1,close-return,5,2026,2025-02-04,1,0.420763,0
GOOG,1,close-return,5,2026,2025-02-05,0,0.535875,1
GOOG,1,close-return,5,2026,2025-02-06,1,0.358274,0
GOOG,1,close-return,5,2026,2025-02-07,0,0.513990,1
GOOG,1,close-return,5,2026,2025-02-10,1,0.501391,1
GOOG,1,close-return,5,2026,2025-02-11,0,0.630697,1
GOOG,1,close-return,5,2026,2025-02-12,0,0.630802,1
GOOG,1,close-return,5,2026,2025-02-13,1,0.592013,1
GOOG,1,close-return,5,2026,2025-02-14,0,0.599787,1
GOOG,1,close-return,5,2026,2025-02-18,0,0.570110,1
GOOG,1,close-return,5,2026,2025-02-19,1,0.560485,1
GOOG,1,close-return,5,2026,2025-02-20,0,0.599917,1
GOOG,1,close-return,5,2026,2025-02-21,0,0.576888,1
GOOG,1,close-return,5,2026,2025-02-24,0,0.437953,0
GOOG,1,close-return,5,2026,2025-02-25,0,0.591452,1
GOOG,1,close-return,5,2026,2025-02-26,0,0.519103,1
GOOG,1,close-return,5,2026,2025-02-27,0,0.567626,1
GOOG,1,close-return,5,2026,2025-02-28,1,0.528177,1
GOOG,1,close-return,5,2026,2025-03-03,0,0.624553,1
GOOG,1,close-return,5,2026,2025-03-04,1,0.547485,1
GOOG,1,close-return,5,2026,2025-03-05,1,0.582484,1
GOOG,1,close-return,5,2026,2025-03-06,0,0.557303,1
GOOG,1,close-return,5,2026,2025-03-07,1,0.517759,1
GOOG,1,close-return,5,2026,2025-03-10,0,0.561762,1
GOOG,1,close-return,5,2026,2025-03-11,0,0.375204,0
GOOG,1,close-return,5,2026,2025-03-12,1,0.512591,1
GOOG,1,close-return,5,2026,2025-03-13,0,0.605202,1
GOOG,1,close-return,5,2026,2025-03-14,1,0.493178,0
GOOG,1,close-return,5,2026,2025-03-17,0,0.602620,1
GOOG,1,close-return,20,42,2024-10-21,1,0.528056,1
GOOG,1,close-return,20,42,2024-10-22,1,0.528183,1
GOOG,1,close-return,20,42,2024-10-23,0,0.527650,1
GOOG,1,close-return,20,42,2024-10-24,1,0.526653,1
GOOG,1,close-return,20,42,2024-10-25,1,0.527939,1
GOOG,1,close-return,20,42,2024-10-28,1,0.527311,1
GOOG,1,close-return,20,42,2024-10-29,1,0.526188,1
GOOG,1,close-return,20,42,2024-10-30,1,0.522231,1
GOOG,1,close-return,20,42,2024-10-31,0,0.511407,1
GOOG,1,close-return,20,42,2024-11-01,0,0.524208,1
GOOG,1,close-return,20,42,2024-11-04,0,0.525989,1
GOOG,1,close-return,20,42,2024-11-05,1,0.526018,1
GOOG,1,close-return,20,42,2024-11-06,1,0.527876,1
GOOG,1,close-return,20,42,2024-11-07,1,0.513673,1
GOOG,1,close-return,20,42,2024-11-08,0,0.511084,1
GOOG,1,close-return,20,42,2024-11-11,1,0.523802,1
GOOG,1,close-return,20,42,2024-11-12,1,0.523719,1
GOOG,1,close-return,20,42,2024-11-13,0,0.523938,1
GOOG,1,close-return,20,42,2024-11-14,0,0.525303,1
GOOG,1,close-return,20,42,2024-11-15,0,0.525042,1
GOOG,1,close-return,20,42,2024-11-18,1,0.524926,1
GOOG,1,close-return,20,42,2024-11-19,1,0.529490,1
GOOG,1,close-return,20,42,2024-11-20,0,0.526835,1
GOOG,1,close-return,20,42,2024-11-21,0,0.527387,1
GOOG,1,close-return,20,42,2024-11-22,0,0.522106,1
GOOG,1,close-return,20,42,2024-11-25,1,0.524869,1
GOOG,1,close-return,20,42,2024-11-26,1,0.530331,1
GOOG,1,close-return,20,42,2024-11-27,1,0.529679,1
GOOG,1,close-return,20,42,2024-11-29,0,0.528900,1
GOOG,1,close-return,20,42,2024-12-02,1,0.528309,1
GOOG,1,close-return,20,42,2024-12-03,1,0.526813,1
GOOG,1,close-return,20,42,2024-12-04,1,0.527114,1
GOOG,1,close-return,20,42,2024-12-05,0,0.523502,1
GOOG,1,close-return,20,42,2024-12-06,1,0.526237,1
GOOG,1,close-return,20,42,2024-12-09,1,0.525952,1
GOOG,1,close-return,20,42,2024-12-10,1,0.526148,1
GOOG,1,close-return,20,42,2024-12-11,1,0.502371,1
GOOG,1,close-return,20,42,2024-12-12,0,0.492412,0
GOOG,1,close-return,20,42,2024-12-13,0,0.516026,1
GOOG,1,close-return,20,42,2024-12-16,1,0.522284,1
GOOG,1,close-return,20,42,2024-12-17,0,0.513456,1
GOOG,1,close-return,20,42,2024-12-18,0,0.522802,1
GOOG,1,close-return,20,42,2024-12-19,0,0.522453,1
GOOG,1,close-return,20,42,2024-12-20,1,0.526491,1
GOOG,1,close-return,20,42,2024-12-23,1,0.528172,1
GOOG,1,close-return,20,42,2024-12-24,1,0.524686,1
GOOG,1,close-return,20,42,2024-12-26,0,0.524507,1
GOOG,1,close-return,20,42,2024-12-27,0,0.526139,1
GOOG,1,close-return,20,42,2024-12-30,0,0.525689,1
GOOG,1,close-return,20,42,2024-12-31,0,0.526763,1
GOOG,1,close-return,20,42,2025-01-02,1,0.526631,1
GOOG,1,close-return,20,42,2025-01-03,1,0.528505,1
GOOG,1,close-return,20,42,2025-01-06,1,0.528542,1
GOOG,1,close-return,20,42,2025-01-07,0,0.520387,1
GOOG,1,close-return,20,42,2025-01-08,0,0.526151,1
GOOG,1,close-return,20,42,2025-01-10,0,0.526535,1
GOOG,1,close-return,20,42,2025-01-13,0,0.526307,1
GOOG,1,close-return,20,42,2025-01-14,0,0.527383,1
GOOG,1,close-return,20,42,2025-01-15,1,0.527591,1
GOOG,1,close-return,20,42,2025-01-16,0,0.523277,1
GOOG,1,close-return,20,42,2025-01-17,1,0.527111,1
GOOG,1,close-return,20,42,2025-01-21,1,0.525884,1
GOOG,1,close-return,20,42,2025-01-22,1,0.524381,1
GOOG,1,close-return,20,42,2025-01-23,0,0.525560,1
GOOG,1,close-return,20,42,2025-01-24,1,0.526349,1
GOOG,1,close-return,20,42,2025-01-27,0,0.525679,1
GOOG,1,close-return,20,42,2025-01-28,1,0.522828,1
GOOG,1,close-return,20,42,2025-01-29,1,0.528829,1
GOOG,1,close-return,20,42,2025-01-30,1,0.528493,1
GOOG,1,close-return,20,42,2025-01-31,1,0.521225,1
GOOG,1,close-return,20,42,2025-02-03,0,0.519693,1
GOOG,1,close-return,20,42,2025-02-04,1,0.525441,1
GOOG,1,close-return,20,42,2025-02-05,0,0.521349,1
GOOG,1,close-return,20,42,2025-02-06,1,0.520006,1
GOOG,1,close-return,20,42,2025-02-07,0,0.526390,1
GOOG,1,close-return,20,42,2025-02-10,1,0.524004,1
GOOG,1,close-return,20,42,2025-02-11,0,0.529052,1
GOOG,1,close-return,20,42,2025-02-12,0,0.528943,1
GOOG,1,close-return,20,42,2025-02-13,1,0.528331,1
GOOG,1,close-return,20,42,2025-02-14,0,0.529784,1
GOOG,1,close-return,20,42,2025-02-18,0,0.528755,1
GOOG,1,close-return,20,42,2025-02-19,1,0.528126,1
GOOG,1,close-return,20,42,2025-02-20,0,0.528748,1
GOOG,1,close-return,20,42,2025-02-21,0,0.528181,1
GOOG,1,close-return,20,42,2025-02-24,0,0.524794,1
GOOG,1,close-return,20,42,2025-02-25,0,0.527718,1
GOOG,1,close-return,20,42,2025-02-26,0,0.525735,1
GOOG,1,close-return,20,42,2025-02-27,0,0.526192,1
GOOG,1,close-return,20,42,2025-02-28,1,0.524786,1
GOOG,1,close-return,20,42,2025-03-03,0,0.530049,1
GOOG,1,close-return,20,42,2025-03-04,1,0.526924,1
GOOG,1,close-return,20,42,2025-03-05,1,0.529406,1
GOOG,1,close-return,20,42,2025-03-06,0,0.526361,1
GOOG,1,close-return,20,42,2025-03-07,1,0.527599,1
GOOG,1,close-return,20,42,2025-03-10,0,0.526862,1
GOOG,1,close-return,20,42,2025-03-11,0,0.522428,1
GOOG,1,close-return,20,42,2025-03-12,1,0.525608,1
GOOG,1,close-return,20,42,2025-03-13,0,0.529868,1
GOOG,1,close-return,20,42,2025-03-14,1,0.526193,1
GOOG,1,close-return,20,42,2025-03-17,0,0.529489,1
GOOG,1,close-return,20,123,2024-10-21,1,0.542099,1
GOOG,1,close-return,20,123,2024-10-22,1,0.541465,1
GOOG,1,close-return,20,123,2024-10-23,0,0.540351,1
GOOG,1,close-return,20,123,2024-10-24,1,0.540578,1
GOOG,1,close-return,20,123,2024-10-25,1,0.542123,1
GOOG,1,close-return,20,123,2024-10-28,1,0.539295,1
GOOG,1,close-return,20,123,2024-10-29,1,0.538284,1
GOOG,1,close-return,20,123,2024-10-30,1,0.534915,1
GOOG,1,close-return,20,123,2024-10-31,0,0.528796,1
GOOG,1,close-return,20,123,2024-11-01,0,0.537195,1
GOOG,1,close-return,20,123,2024-11-04,0,0.539912,1
GOOG,1,close-return,20,123,2024-11-05,1,0.540223,1
GOOG,1,close-return,20,123,2024-11-06,1,0.541992,1
GOOG,1,close-return,20,123,2024-11-07,1,0.529695,1
GOOG,1,close-return,20,123,2024-11-08,0,0.528351,1
GOOG,1,close-return,20,123,2024-11-11,1,0.536779,1
GOOG,1,close-return,20,123,2024-11-12,1,0.536711,1
GOOG,1,close-return,20,123,2024-11-13,0,0.537097,1
GOOG,1,close-return,20,123,2024-11-14,0,0.539380,1
GOOG,1,close-return,20,123,2024-11-15,0,0.537879,1
GOOG,1,close-return,20,123,2024-11-18,1,0.536230,1
GOOG,1,close-return,20,123,2024-11-19,1,0.542682,1
GOOG,1,close-return,20,123,2024-11-20,0,0.538249,1
GOOG,1,close-return,20,123,2024-11-21,0,0.540856,1
GOOG,1,close-return,20,123,2024-11-22,0,0.524597,1
GOOG,1,close-return,20,123,2024-11-25,1,0.533503,1
GOOG,1,close-return,20,123,2024-11-26,1,0.543697,1
GOOG,1,close-return,20,123,2024-11-27,1,0.541726,1
GOOG,1,close-return,20,123,2024-11-29,0,0.541407,1
GOOG,1,close-return,20,123,2024-12-02,1,0.541578,1
GOOG,1,close-return,20,123,2024-12-03,1,0.538518,1
GOOG,1,close-return,20,123,2024-12-04,1,0.539813,1
GOOG,1,close-return,20,123,2024-12-05,0,0.535789,1
GOOG,1,close-return,20,123,2024-12-06,1,0.539804,1
GOOG,1,close-return,20,123,2024-12-09,1,0.538434,1
GOOG,1,close-return,20,123,2024-12-10,1,0.539063,1
GOOG,1,close-return,20,123,2024-12-11,1,0.524074,1
GOOG,1,close-return,20,123,2024-12-12,0,0.518728,1
GOOG,1,close-return,20,123,2024-12-13,0,0.529045,1
GOOG,1,close-return,20,123,2024-12-16,1,0.535814,1
GOOG,1,close-return,20,123,2024-12-17,0,0.529553,1
GOOG,1,close-return,20,123,2024-12-18,0,0.536307,1
GOOG,1,close-return,20,123,2024-12-19,0,0.530433,1
GOOG,1,close-return,20,123,2024-12-20,1,0.540467,1
GOOG,1,close-return,20,123,2024-12-23,1,0.540534,1
GOOG,1,close-return,20,123,2024-12-24,1,0.536636,1
GOOG,1,close-return,20,123,2024-12-26,0,0.536775,1
GOOG,1,close-return,20,123,2024-12-27,0,0.539373,1
GOOG,1,close-return,20,123,2024-12-30,0,0.539448,1
GOOG,1,close-return,20,123,2024-12-31,0,0.541109,1
GOOG,1,close-return,20,123,2025-01-02,1,0.540548,1
GOOG,1,close-return,20,123,2025-01-03,1,0.543002,1
GOOG,1,close-return,20,123,2025-01-06,1,0.540707,1
GOOG,1,close-return,20,123,2025-01-07,0,0.533401,1
GOOG,1,close-return,20,123,2025-01-08,0,0.538700,1
GOOG,1,close-return,20,123,2025-01-10,0,0.540371,1
GOOG,1,close-return,20,123,2025-01-13,0,0.540325,1
GOOG,1,close-return,20,123,2025-01-14,0,0.541869,1
GOOG,1,close-return,20,123,2025-01-15,1,0.542050,1
GOOG,1,close-return,20,123,2025-01-16,0,0.535144,1
GOOG,1,close-return,20,123,2025-01-17,1,0.540158,1
GOOG,1,close-return,20,123,2025-01-21,1,0.537657,1
GOOG,1,close-return,20,123,2025-01-22,1,0.536597,1
GOOG,1,close-return,20,123,2025-01-23,0,0.538397,1
GOOG,1,close-return,20,123,2025-01-24,1,0.540067,1
GOOG,1,close-return,20,123,2025-01-27,0,0.538363,1
GOOG,1,close-return,20,123,2025-01-28,1,0.529635,1
GOOG,1,close-return,20,123,2025-01-29,1,0.541763,1
GOOG,1,close-return,20,123,2025-01-30,1,0.541655,1
GOOG,1,close-return,20,123,2025-01-31,1,0.533775,1
GOOG,1,close-return,20,123,2025-02-03,0,0.532993,1
GOOG,1,close-return,20,123,2025-02-04,1,0.538763,1
GOOG,1,close-return,20,123,2025-02-05,0,0.534135,1
GOOG,1,close-return,20,123,2025-02-06,1,0.514692,1
GOOG,1,close-return,20,123,2025-02-07,0,0.536608,1
GOOG,1,close-return,20,123,2025-02-10,1,0.529319,1
GOOG,1,close-return,20,123,2025-02-11,0,0.542987,1
GOOG,1,close-return,20,123,2025-02-12,0,0.542847,1
GOOG,1,close-return,20,123,2025-02-13,1,0.542070,1
GOOG,1,close-return,20,123,2025-02-14,0,0.542054,1
GOOG,1,close-return,20,123,2025-02-18,0,0.542155,1
GOOG,1,close-return,20,123,2025-02-19,1,0.541997,1
GOOG,1,close-return,20,123,2025-02-20,0,0.541654,1
GOOG,1,close-return,20,123,2025-02-21,0,0.541752,1
GOOG,1,close-return,20,123,2025-02-24,0,0.535295,1
GOOG,1,close-return,20,123,2025-02-25,0,0.541841,1
GOOG,1,close-return,20,123,2025-02-26,0,0.537102,1
GOOG,1,close-return,20,123,2025-02-27,0,0.538001,1
GOOG,1,close-return,20,123,2025-02-28,1,0.533275,1
GOOG,1,close-return,20,123,2025-03-03,0,0.544215,1
GOOG,1,close-return,20,123,2025-03-04,1,0.538942,1
GOOG,1,close-return,20,123,2025-03-05,1,0.540484,1
GOOG,1,close-return,20,123,2025-03-06,0,0.537219,1
GOOG,1,close-return,20,123,2025-03-07,1,0.540059,1
GOOG,1,close-return,20,123,2025-03-10,0,0.539003,1
GOOG,1,close-return,20,123,2025-03-11,0,0.526560,1
GOOG,1,close-return,20,123,2025-03-12,1,0.536406,1
GOOG,1,close-return,20,123,2025-03-13,0,0.542388,1
GOOG,1,close-return,20,123,2025-03-14,1,0.537553,1
GOOG,1,close-return,20,123,2025-03-17,0,0.541503,1
GOOG,1,close-return,20,2026,2024-10-21,1,0.590083,1
GOOG,1,close-return,20,2026,2024-10-22,1,0.600359,1
GOOG,1,close-return,20,2026,2024-10-23,0,0.589865,1
GOOG,1,close-return,20,2026,2024-10-24,1,0.495993,0
GOOG,1,close-return,20,2026,2024-10-25,1,0.583124,1
GOOG,1,close-return,20,2026,2024-10-28,1,0.587844,1
GOOG,1,close-return,20,2026,2024-10-29,1,0.571584,1
GOOG,1,close-return,20,2026,2024-10-30,1,0.547833,1
GOOG,1,close-return,20,2026,2024-10-31,0,0.521100,1
GOOG,1,close-return,20,2026,2024-11-01,0,0.405090,0
GOOG,1,close-return,20,2026,2024-11-04,0,0.475594,0
GOOG,1,close-return,20,2026,2024-11-05,1,0.480158,0
GOOG,1,close-return,20,2026,2024-11-06,1,0.599208,1
GOOG,1,close-return,20,2026,2024-11-07,1,0.540828,1
GOOG,1,close-return,20,2026,2024-11-08,0,0.521946,1
GOOG,1,close-return,20,2026,2024-11-11,1,0.433217,0
GOOG,1,close-return,20,2026,2024-11-12,1,0.521092,1
GOOG,1,close-return,20,2026,2024-11-13,0,0.536218,1
GOOG,1,close-return,20,2026,2024-11-14,0,0.439640,0
GOOG,1,close-return,20,2026,2024-11-15,0,0.460161,0
GOOG,1,close-return,20,2026,2024-11-18,1,0.500725,1
GOOG,1,close-return,20,2026,2024-11-19,1,0.616205,1
GOOG,1,close-return,20,2026,2024-11-20,0,0.584794,1
GOOG,1,close-return,20,2026,2024-11-21,0,0.524574,1
GOOG,1,close-return,20,2026,2024-11-22,0,0.398997,0
GOOG,1,close-return,20,2026,2024-11-25,1,0.515430,1
GOOG,1,close-return,20,2026,2024-11-26,1,0.618955,1
GOOG,1,close-return,20,2026,2024-11-27,1,0.609413,1
GOOG,1,close-return,20,2026,2024-11-29,0,0.599408,1
GOOG,1,close-return,20,2026,2024-12-02,1,0.577727,1
GOOG,1,close-return,20,2026,2024-12-03,1,0.575707,1
GOOG,1,close-return,20,2026,2024-12-04,1,0.556816,1
GOOG,1,close-return,20,2026,2024-12-05,0,0.552495,1
GOOG,1,close-return,20,2026,2024-12-06,1,0.477788,0
GOOG,1,close-return,20,2026,2024-12-09,1,0.563022,1
GOOG,1,close-return,20,2026,2024-12-10,1,0.556467,1
GOOG,1,close-return,20,2026,2024-12-11,1,0.514554,1
GOOG,1,close-return,20,2026,2024-12-12,0,0.497882,0
GOOG,1,close-return,20,2026,2024-12-13,0,0.424880,0
GOOG,1,close-return,20,2026,2024-12-16,1,0.389952,0
GOOG,1,close-return,20,2026,2024-12-17,0,0.515227,1
GOOG,1,close-return,20,2026,2024-12-18,0,0.476861,0
GOOG,1,close-return,20,2026,2024-12-19,0,0.385992,0
GOOG,1,close-return,20,2026,2024-12-20,1,0.539260,1
GOOG,1,close-return,20,2026,2024-12-23,1,0.605291,1
GOOG,1,close-return,20,2026,2024-12-24,1,0.574855,1
GOOG,1,close-return,20,2026,2024-12-26,0,0.559568,1
GOOG,1,close-return,20,2026,2024-12-27,0,0.525433,1
GOOG,1,close-return,20,2026,2024-12-30,0,0.445708,0
GOOG,1,close-return,20,2026,2024-12-31,0,0.527137,1
GOOG,1,close-return,20,2026,2025-01-02,1,0.543790,1
GOOG,1,close-return,20,2026,2025-01-03,1,0.615015,1
GOOG,1,close-return,20,2026,2025-01-06,1,0.600191,1
GOOG,1,close-return,20,2026,2025-01-07,0,0.552225,1
GOOG,1,close-return,20,2026,2025-01-08,0,0.511937,1
GOOG,1,close-return,20,2026,2025-01-10,0,0.482030,0
GOOG,1,close-return,20,2026,2025-01-13,0,0.483309,0
GOOG,1,close-return,20,2026,2025-01-14,0,0.564484,1
GOOG,1,close-return,20,2026,2025-01-15,1,0.582450,1
GOOG,1,close-return,20,2026,2025-01-16,0,0.566769,1
GOOG,1,close-return,20,2026,2025-01-17,1,0.507314,1
GOOG,1,close-return,20,2026,2025-01-21,1,0.569053,1
GOOG,1,close-return,20,2026,2025-01-22,1,0.554631,1
GOOG,1,close-return,20,2026,2025-01-23,0,0.537717,1
GOOG,1,close-return,20,2026,2025-01-24,1,0.519669,1
GOOG,1,close-return,20,2026,2025-01-27,0,0.565045,1
GOOG,1,close-return,20,2026,2025-01-28,1,0.387808,0
GOOG,1,close-return,20,2026,2025-01-29,1,0.609597,1
GOOG,1,close-return,20,2026,2025-01-30,1,0.609621,1
GOOG,1,close-return,20,2026,2025-01-31,1,0.558321,1
GOOG,1,close-return,20,2026,2025-02-03,0,0.539962,1
GOOG,1,close-return,20,2026,2025-02-04,1,0.437255,0
GOOG,1,close-return,20,2026,2025-02-05,0,0.541555,1
GOOG,1,close-return,20,2026,2025-02-06,1,0.362895,0
GOOG,1,close-return,20,2026,2025-02-07,0,0.504587,1
GOOG,1,close-return,20,2026,2025-02-10,1,0.499170,0
GOOG,1,close-return,20,2026,2025-02-11,0,0.623229,1
GOOG,1,close-return,20,2026,2025-02-12,0,0.623304,1
GOOG,1,close-return,20,2026,2025-02-13,1,0.607116,1
GOOG,1,close-return,20,2026,2025-02-14,0,0.607663,1
GOOG,1,close-return,20,2026,2025-02-18,0,0.589867,1
GOOG,1,close-return,20,2026,2025-02-19,1,0.566817,1
GOOG,1,close-return,20,2026,2025-02-20,0,0.600775,1
GOOG,1,close-return,20,2026,2025-02-21,0,0.580065,1
GOOG,1,close-return,20,2026,2025-02-24,0,0.439784,0
GOOG,1,close-return,20,2026,2025-02-25,0,0.582930,1
GOOG,1,close-return,20,2026,2025-02-26,0,0.523782,1
GOOG,1,close-return,20,2026,2025-02-27,0,0.560661,1
GOOG,1,close-return,20,2026,2025-02-28,1,0.528114,1
GOOG,1,close-return,20,2026,2025-03-03,0,0.623927,1
GOOG,1,close-return,20,2026,2025-03-04,1,0.556792,1
GOOG,1,close-return,20,2026,2025-03-05,1,0.597292,1
GOOG,1,close-return,20,2026,2025-03-06,0,0.572788,1
GOOG,1,close-return,20,2026,2025-03-07,1,0.541342,1
GOOG,1,close-return,20,2026,2025-03-10,0,0.562977,1
GOOG,1,close-return,20,2026,2025-03-11,0,0.381931,0
GOOG,1,close-return,20,2026,2025-03-12,1,0.505307,1
GOOG,1,close-return,20,2026,2025-03-13,0,0.614546,1
GOOG,1,close-return,20,2026,2025-03-14,1,0.504345,1
GOOG,1,close-return,20,2026,2025-03-17,0,0.610576,1
GOOG,1,ohlcv,5,42,2024-10-21,1,0.468083,0
GOOG,1,ohlcv,5,42,2024-10-22,1,0.454696,0
GOOG,1,ohlcv,5,42,2024-10-23,0,0.432846,0
GOOG,1,ohlcv,5,42,2024-10-24,1,0.427076,0
GOOG,1,ohlcv,5,42,2024-10-25,1,0.462721,0
GOOG,1,ohlcv,5,42,2024-10-28,1,0.450561,0
GOOG,1,ohlcv,5,42,2024-10-29,1,0.572389,1
GOOG,1,ohlcv,5,42,2024-10-30,1,0.618612,1
GOOG,1,ohlcv,5,42,2024-10-31,0,0.600936,1
GOOG,1,ohlcv,5,42,2024-11-01,0,0.646106,1
GOOG,1,ohlcv,5,42,2024-11-04,0,0.658809,1
GOOG,1,ohlcv,5,42,2024-11-05,1,0.568829,1
GOOG,1,ohlcv,5,42,2024-11-06,1,0.612637,1
GOOG,1,ohlcv,5,42,2024-11-07,1,0.439990,0
GOOG,1,ohlcv,5,42,2024-11-08,0,0.432739,0
GOOG,1,ohlcv,5,42,2024-11-11,1,0.397917,0
GOOG,1,ohlcv,5,42,2024-11-12,1,0.419198,0
GOOG,1,ohlcv,5,42,2024-11-13,0,0.426799,0
GOOG,1,ohlcv,5,42,2024-11-14,0,0.408280,0
GOOG,1,ohlcv,5,42,2024-11-15,0,0.412918,0
GOOG,1,ohlcv,5,42,2024-11-18,1,0.414708,0
GOOG,1,ohlcv,5,42,2024-11-19,1,0.491920,0
GOOG,1,ohlcv,5,42,2024-11-20,0,0.463105,0
GOOG,1,ohlcv,5,42,2024-11-21,0,0.445077,0
GOOG,1,ohlcv,5,42,2024-11-22,0,0.421018,0
GOOG,1,ohlcv,5,42,2024-11-25,1,0.477563,0
GOOG,1,ohlcv,5,42,2024-11-26,1,0.678091,1
GOOG,1,ohlcv,5,42,2024-11-27,1,0.688724,1
GOOG,1,ohlcv,5,42,2024-11-29,0,0.651551,1
GOOG,1,ohlcv,5,42,2024-12-02,1,0.455452,0
GOOG,1,ohlcv,5,42,2024-12-03,1,0.423075,0
GOOG,1,ohlcv,5,42,2024-12-04,1,0.441901,0
GOOG,1,ohlcv,5,42,2024-12-05,0,0.434019,0
GOOG,1,ohlcv,5,42,2024-12-06,1,0.414554,0
GOOG,1,ohlcv,5,42,2024-12-09,1,0.430359,0
GOOG,1,ohlcv,5,42,2024-12-10,1,0.428407,0
GOOG,1,ohlcv,5,42,2024-12-11,1,0.488759,0
GOOG,1,ohlcv,5,42,2024-12-12,0,0.449212,0
GOOG,1,ohlcv,5,42,2024-12-13,0,0.398621,0
GOOG,1,ohlcv,5,42,2024-12-16,1,0.408726,0
GOOG,1,ohlcv,5,42,2024-12-17,0,0.454997,0
GOOG,1,ohlcv,5,42,2024-12-18,0,0.521832,1
GOOG,1,ohlcv,5,42,2024-12-19,0,0.467397,0
GOOG,1,ohlcv,5,42,2024-12-20,1,0.612581,1
GOOG,1,ohlcv,5,42,2024-12-23,1,0.508649,1
GOOG,1,ohlcv,5,42,2024-12-24,1,0.617758,1
GOOG,1,ohlcv,5,42,2024-12-26,0,0.546928,1
GOOG,1,ohlcv,5,42,2024-12-27,0,0.435568,0
GOOG,1,ohlcv,5,42,2024-12-30,0,0.396560,0
GOOG,1,ohlcv,5,42,2024-12-31,0,0.442748,0
GOOG,1,ohlcv,5,42,2025-01-02,1,0.447704,0
GOOG,1,ohlcv,5,42,2025-01-03,1,0.667698,1
GOOG,1,ohlcv,5,42,2025-01-06,1,0.710045,1
GOOG,1,ohlcv,5,42,2025-01-07,0,0.597073,1
GOOG,1,ohlcv,5,42,2025-01-08,0,0.676168,1
GOOG,1,ohlcv,5,42,2025-01-10,0,0.584781,1
GOOG,1,ohlcv,5,42,2025-01-13,0,0.551058,1
GOOG,1,ohlcv,5,42,2025-01-14,0,0.543369,1
GOOG,1,ohlcv,5,42,2025-01-15,1,0.628199,1
GOOG,1,ohlcv,5,42,2025-01-16,0,0.697907,1
GOOG,1,ohlcv,5,42,2025-01-17,1,0.659988,1
GOOG,1,ohlcv,5,42,2025-01-21,1,0.635750,1
GOOG,1,ohlcv,5,42,2025-01-22,1,0.690484,1
GOOG,1,ohlcv,5,42,2025-01-23,0,0.680710,1
GOOG,1,ohlcv,5,42,2025-01-24,1,0.678865,1
GOOG,1,ohlcv,5,42,2025-01-27,0,0.678338,1
GOOG,1,ohlcv,5,42,2025-01-28,1,0.504676,1
GOOG,1,ohlcv,5,42,2025-01-29,1,0.594463,1
GOOG,1,ohlcv,5,42,2025-01-30,1,0.641541,1
GOOG,1,ohlcv,5,42,2025-01-31,1,0.508239,1
GOOG,1,ohlcv,5,42,2025-02-03,0,0.533125,1
GOOG,1,ohlcv,5,42,2025-02-04,1,0.461562,0
GOOG,1,ohlcv,5,42,2025-02-05,0,0.434115,0
GOOG,1,ohlcv,5,42,2025-02-06,1,0.399288,0
GOOG,1,ohlcv,5,42,2025-02-07,0,0.432623,0
GOOG,1,ohlcv,5,42,2025-02-10,1,0.384290,0
GOOG,1,ohlcv,5,42,2025-02-11,0,0.575998,1
GOOG,1,ohlcv,5,42,2025-02-12,0,0.651184,1
GOOG,1,ohlcv,5,42,2025-02-13,1,0.589637,1
GOOG,1,ohlcv,5,42,2025-02-14,0,0.666418,1
GOOG,1,ohlcv,5,42,2025-02-18,0,0.503746,1
GOOG,1,ohlcv,5,42,2025-02-19,1,0.532184,1
GOOG,1,ohlcv,5,42,2025-02-20,0,0.569813,1
GOOG,1,ohlcv,5,42,2025-02-21,0,0.568429,1
GOOG,1,ohlcv,5,42,2025-02-24,0,0.473569,0
GOOG,1,ohlcv,5,42,2025-02-25,0,0.646644,1
GOOG,1,ohlcv,5,42,2025-02-26,0,0.543835,1
GOOG,1,ohlcv,5,42,2025-02-27,0,0.640321,1
GOOG,1,ohlcv,5,42,2025-02-28,1,0.605505,1
GOOG,1,ohlcv,5,42,2025-03-03,0,0.669833,1
GOOG,1,ohlcv,5,42,2025-03-04,1,0.667876,1
GOOG,1,ohlcv,5,42,2025-03-05,1,0.684228,1
GOOG,1,ohlcv,5,42,2025-03-06,0,0.652035,1
GOOG,1,ohlcv,5,42,2025-03-07,1,0.537516,1
GOOG,1,ohlcv,5,42,2025-03-10,0,0.494523,0
GOOG,1,ohlcv,5,42,2025-03-11,0,0.364311,0
GOOG,1,ohlcv,5,42,2025-03-12,1,0.542097,1
GOOG,1,ohlcv,5,42,2025-03-13,0,0.642660,1
GOOG,1,ohlcv,5,42,2025-03-14,1,0.617792,1
GOOG,1,ohlcv,5,42,2025-03-17,0,0.676259,1
GOOG,1,ohlcv,5,123,2024-10-21,1,0.483476,0
GOOG,1,ohlcv,5,123,2024-10-22,1,0.446650,0
GOOG,1,ohlcv,5,123,2024-10-23,0,0.392583,0
GOOG,1,ohlcv,5,123,2024-10-24,1,0.428713,0
GOOG,1,ohlcv,5,123,2024-10-25,1,0.481509,0
GOOG,1,ohlcv,5,123,2024-10-28,1,0.416202,0
GOOG,1,ohlcv,5,123,2024-10-29,1,0.575499,1
GOOG,1,ohlcv,5,123,2024-10-30,1,0.582148,1
GOOG,1,ohlcv,5,123,2024-10-31,0,0.576912,1
GOOG,1,ohlcv,5,123,2024-11-01,0,0.611626,1
GOOG,1,ohlcv,5,123,2024-11-04,0,0.622279,1
GOOG,1,ohlcv,5,123,2024-11-05,1,0.593247,1
GOOG,1,ohlcv,5,123,2024-11-06,1,0.569595,1
GOOG,1,ohlcv,5,123,2024-11-07,1,0.397319,0
GOOG,1,ohlcv,5,123,2024-11-08,0,0.411570,0
GOOG,1,ohlcv,5,123,2024-11-11,1,0.406070,0
GOOG,1,ohlcv,5,123,2024-11-12,1,0.391197,0
GOOG,1,ohlcv,5,123,2024-11-13,0,0.375054,0
GOOG,1,ohlcv,5,123,2024-11-14,0,0.395718,0
GOOG,1,ohlcv,5,123,2024-11-15,0,0.449691,0
GOOG,1,ohlcv,5,123,2024-11-18,1,0.471109,0
GOOG,1,ohlcv,5,123,2024-11-19,1,0.493728,0
GOOG,1,ohlcv,5,123,2024-11-20,0,0.427790,0
GOOG,1,ohlcv,5,123,2024-11-21,0,0.494345,0
GOOG,1,ohlcv,5,123,2024-11-22,0,0.517760,1
GOOG,1,ohlcv,5,123,2024-11-25,1,0.563947,1
GOOG,1,ohlcv,5,123,2024-11-26,1,0.611743,1
GOOG,1,ohlcv,5,123,2024-11-27,1,0.623183,1
GOOG,1,ohlcv,5,123,2024-11-29,0,0.605542,1
GOOG,1,ohlcv,5,123,2024-12-02,1,0.498860,0
GOOG,1,ohlcv,5,123,2024-12-03,1,0.366914,0
GOOG,1,ohlcv,5,123,2024-12-04,1,0.406088,0
GOOG,1,ohlcv,5,123,2024-12-05,0,0.373115,0
GOOG,1,ohlcv,5,123,2024-12-06,1,0.413915,0
GOOG,1,ohlcv,5,123,2024-12-09,1,0.393422,0
GOOG,1,ohlcv,5,123,2024-12-10,1,0.372723,0
GOOG,1,ohlcv,5,123,2024-12-11,1,0.429029,0
GOOG,1,ohlcv,5,123,2024-12-12,0,0.400333,0
GOOG,1,ohlcv,5,123,2024-12-13,0,0.384661,0
GOOG,1,ohlcv,5,123,2024-12-16,1,0.439305,0
GOOG,1,ohlcv,5,123,2024-12-17,0,0.425106,0
GOOG,1,ohlcv,5,123,2024-12-18,0,0.529384,1
GOOG,1,ohlcv,5,123,2024-12-19,0,0.556700,1
GOOG,1,ohlcv,5,123,2024-12-20,1,0.586535,1
GOOG,1,ohlcv,5,123,2024-12-23,1,0.436576,0
GOOG,1,ohlcv,5,123,2024-12-24,1,0.601085,1
GOOG,1,ohlcv,5,123,2024-12-26,0,0.573718,1
GOOG,1,ohlcv,5,123,2024-12-27,0,0.486932,0
GOOG,1,ohlcv,5,123,2024-12-30,0,0.474033,0
GOOG,1,ohlcv,5,123,2024-12-31,0,0.491357,0
GOOG,1,ohlcv,5,123,2025-01-02,1,0.501739,1
GOOG,1,ohlcv,5,123,2025-01-03,1,0.590871,1
GOOG,1,ohlcv,5,123,2025-01-06,1,0.633498,1
GOOG,1,ohlcv,5,123,2025-01-07,0,0.556549,1
GOOG,1,ohlcv,5,123,2025-01-08,0,0.598601,1
GOOG,1,ohlcv,5,123,2025-01-10,0,0.551823,1
GOOG,1,ohlcv,5,123,2025-01-13,0,0.534089,1
GOOG,1,ohlcv,5,123,2025-01-14,0,0.582034,1
GOOG,1,ohlcv,5,123,2025-01-15,1,0.602880,1
GOOG,1,ohlcv,5,123,2025-01-16,0,0.631403,1
GOOG,1,ohlcv,5,123,2025-01-17,1,0.594974,1
GOOG,1,ohlcv,5,123,2025-01-21,1,0.593363,1
GOOG,1,ohlcv,5,123,2025-01-22,1,0.617034,1
GOOG,1,ohlcv,5,123,2025-01-23,0,0.617151,1
GOOG,1,ohlcv,5,123,2025-01-24,1,0.620274,1
GOOG,1,ohlcv,5,123,2025-01-27,0,0.617484,1
GOOG,1,ohlcv,5,123,2025-01-28,1,0.493852,0
GOOG,1,ohlcv,5,123,2025-01-29,1,0.559067,1
GOOG,1,ohlcv,5,123,2025-01-30,1,0.611639,1
GOOG,1,ohlcv,5,123,2025-01-31,1,0.520839,1
GOOG,1,ohlcv,5,123,2025-02-03,0,0.483907,0
GOOG,1,ohlcv,5,123,2025-02-04,1,0.466570,0
GOOG,1,ohlcv,5,123,2025-02-05,0,0.387522,0
GOOG,1,ohlcv,5,123,2025-02-06,1,0.425522,0
GOOG,1,ohlcv,5,123,2025-02-07,0,0.442014,0
GOOG,1,ohlcv,5,123,2025-02-10,1,0.495346,0
GOOG,1,ohlcv,5,123,2025-02-11,0,0.587618,1
GOOG,1,ohlcv,5,123,2025-02-12,0,0.610036,1
GOOG,1,ohlcv,5,123,2025-02-13,1,0.574092,1
GOOG,1,ohlcv,5,123,2025-02-14,0,0.603472,1
GOOG,1,ohlcv,5,123,2025-02-18,0,0.516699,1
GOOG,1,ohlcv,5,123,2025-02-19,1,0.536538,1
GOOG,1,ohlcv,5,123,2025-02-20,0,0.577589,1
GOOG,1,ohlcv,5,123,2025-02-21,0,0.583211,1
GOOG,1,ohlcv,5,123,2025-02-24,0,0.533242,1
GOOG,1,ohlcv,5,123,2025-02-25,0,0.598453,1
GOOG,1,ohlcv,5,123,2025-02-26,0,0.553985,1
GOOG,1,ohlcv,5,123,2025-02-27,0,0.582518,1
GOOG,1,ohlcv,5,123,2025-02-28,1,0.575482,1
GOOG,1,ohlcv,5,123,2025-03-03,0,0.592002,1
GOOG,1,ohlcv,5,123,2025-03-04,1,0.611301,1
GOOG,1,ohlcv,5,123,2025-03-05,1,0.601465,1
GOOG,1,ohlcv,5,123,2025-03-06,0,0.602478,1
GOOG,1,ohlcv,5,123,2025-03-07,1,0.520450,1
GOOG,1,ohlcv,5,123,2025-03-10,0,0.471966,0
GOOG,1,ohlcv,5,123,2025-03-11,0,0.430315,0
GOOG,1,ohlcv,5,123,2025-03-12,1,0.547176,1
GOOG,1,ohlcv,5,123,2025-03-13,0,0.593969,1
GOOG,1,ohlcv,5,123,2025-03-14,1,0.602099,1
GOOG,1,ohlcv,5,123,2025-03-17,0,0.612683,1
GOOG,1,ohlcv,5,2026,2024-10-21,1,0.524844,1
GOOG,1,ohlcv,5,2026,2024-10-22,1,0.468646,0
GOOG,1,ohlcv,5,2026,2024-10-23,0,0.417241,0
GOOG,1,ohlcv,5,2026,2024-10-24,1,0.426259,0
GOOG,1,ohlcv,5,2026,2024-10-25,1,0.456338,0
GOOG,1,ohlcv,5,2026,2024-10-28,1,0.431246,0
GOOG,1,ohlcv,5,2026,2024-10-29,1,0.536911,1
GOOG,1,ohlcv,5,2026,2024-10-30,1,0.565579,1
GOOG,1,ohlcv,5,2026,2024-10-31,0,0.611788,1
GOOG,1,ohlcv,5,2026,2024-11-01,0,0.691281,1
GOOG,1,ohlcv,5,2026,2024-11-04,0,0.702073,1
GOOG,1,ohlcv,5,2026,2024-11-05,1,0.584326,1
GOOG,1,ohlcv,5,2026,2024-11-06,1,0.558863,1
GOOG,1,ohlcv,5,2026,2024-11-07,1,0.449754,0
GOOG,1,ohlcv,5,2026,2024-11-08,0,0.415880,0
GOOG,1,ohlcv,5,2026,2024-11-11,1,0.387394,0
GOOG,1,ohlcv,5,2026,2024-11-12,1,0.386942,0
GOOG,1,ohlcv,5,2026,2024-11-13,0,0.388141,0
GOOG,1,ohlcv,5,2026,2024-11-14,0,0.389874,0
GOOG,1,ohlcv,5,2026,2024-11-15,0,0.431944,0
GOOG,1,ohlcv,5,2026,2024-11-18,1,0.452937,0
GOOG,1,ohlcv,5,2026,2024-11-19,1,0.471406,0
GOOG,1,ohlcv,5,2026,2024-11-20,0,0.440640,0
GOOG,1,ohlcv,5,2026,2024-11-21,0,0.456784,0
GOOG,1,ohlcv,5,2026,2024-11-22,0,0.507125,1
GOOG,1,ohlcv,5,2026,2024-11-25,1,0.544822,1
GOOG,1,ohlcv,5,2026,2024-11-26,1,0.679466,1
GOOG,1,ohlcv,5,2026,2024-11-27,1,0.692073,1
GOOG,1,ohlcv,5,2026,2024-11-29,0,0.583271,1
GOOG,1,ohlcv,5,2026,2024-12-02,1,0.443597,0
GOOG,1,ohlcv,5,2026,2024-12-03,1,0.404598,0
GOOG,1,ohlcv,5,2026,2024-12-04,1,0.418151,0
GOOG,1,ohlcv,5,2026,2024-12-05,0,0.407542,0
GOOG,1,ohlcv,5,2026,2024-12-06,1,0.396733,0
GOOG,1,ohlcv,5,2026,2024-12-09,1,0.393568,0
GOOG,1,ohlcv,5,2026,2024-12-10,1,0.401249,0
GOOG,1,ohlcv,5,2026,2024-12-11,1,0.491042,0
GOOG,1,ohlcv,5,2026,2024-12-12,0,0.439836,0
GOOG,1,ohlcv,5,2026,2024-12-13,0,0.383658,0
GOOG,1,ohlcv,5,2026,2024-12-16,1,0.408285,0
GOOG,1,ohlcv,5,2026,2024-12-17,0,0.476815,0
GOOG,1,ohlcv,5,2026,2024-12-18,0,0.590371,1
GOOG,1,ohlcv,5,2026,2024-12-19,0,0.619034,1
GOOG,1,ohlcv,5,2026,2024-12-20,1,0.667711,1
GOOG,1,ohlcv,5,2026,2024-12-23,1,0.553424,1
GOOG,1,ohlcv,5,2026,2024-12-24,1,0.582995,1
GOOG,1,ohlcv,5,2026,2024-12-26,0,0.520107,1
GOOG,1,ohlcv,5,2026,2024-12-27,0,0.430963,0
GOOG,1,ohlcv,5,2026,2024-12-30,0,0.455620,0
GOOG,1,ohlcv,5,2026,2024-12-31,0,0.459158,0
GOOG,1,ohlcv,5,2026,2025-01-02,1,0.473888,0
GOOG,1,ohlcv,5,2026,2025-01-03,1,0.615129,1
GOOG,1,ohlcv,5,2026,2025-01-06,1,0.711858,1
GOOG,1,ohlcv,5,2026,2025-01-07,0,0.630670,1
GOOG,1,ohlcv,5,2026,2025-01-08,0,0.698033,1
GOOG,1,ohlcv,5,2026,2025-01-10,0,0.633041,1
GOOG,1,ohlcv,5,2026,2025-01-13,0,0.602668,1
GOOG,1,ohlcv,5,2026,2025-01-14,0,0.556174,1
GOOG,1,ohlcv,5,2026,2025-01-15,1,0.580494,1
GOOG,1,ohlcv,5,2026,2025-01-16,0,0.642930,1
GOOG,1,ohlcv,5,2026,2025-01-17,1,0.626632,1
GOOG,1,ohlcv,5,2026,2025-01-21,1,0.577826,1
GOOG,1,ohlcv,5,2026,2025-01-22,1,0.700225,1
GOOG,1,ohlcv,5,2026,2025-01-23,0,0.705575,1
GOOG,1,ohlcv,5,2026,2025-01-24,1,0.682604,1
GOOG,1,ohlcv,5,2026,2025-01-27,0,0.677714,1
GOOG,1,ohlcv,5,2026,2025-01-28,1,0.568835,1
GOOG,1,ohlcv,5,2026,2025-01-29,1,0.565356,1
GOOG,1,ohlcv,5,2026,2025-01-30,1,0.591892,1
GOOG,1,ohlcv,5,2026,2025-01-31,1,0.490381,0
GOOG,1,ohlcv,5,2026,2025-02-03,0,0.521578,1
GOOG,1,ohlcv,5,2026,2025-02-04,1,0.501583,1
GOOG,1,ohlcv,5,2026,2025-02-05,0,0.444817,0
GOOG,1,ohlcv,5,2026,2025-02-06,1,0.440837,0
GOOG,1,ohlcv,5,2026,2025-02-07,0,0.432804,0
GOOG,1,ohlcv,5,2026,2025-02-10,1,0.479338,0
GOOG,1,ohlcv,5,2026,2025-02-11,0,0.606402,1
GOOG,1,ohlcv,5,2026,2025-02-12,0,0.676235,1
GOOG,1,ohlcv,5,2026,2025-02-13,1,0.607217,1
GOOG,1,ohlcv,5,2026,2025-02-14,0,0.595118,1
GOOG,1,ohlcv,5,2026,2025-02-18,0,0.488624,0
GOOG,1,ohlcv,5,2026,2025-02-19,1,0.514941,1
GOOG,1,ohlcv,5,2026,2025-02-20,0,0.521365,1
GOOG,1,ohlcv,5,2026,2025-02-21,0,0.532048,1
GOOG,1,ohlcv,5,2026,2025-02-24,0,0.507636,1
GOOG,1,ohlcv,5,2026,2025-02-25,0,0.642994,1
GOOG,1,ohlcv,5,2026,2025-02-26,0,0.578341,1
GOOG,1,ohlcv,5,2026,2025-02-27,0,0.627830,1
GOOG,1,ohlcv,5,2026,2025-02-28,1,0.610389,1
GOOG,1,ohlcv,5,2026,2025-03-03,0,0.606724,1
GOOG,1,ohlcv,5,2026,2025-03-04,1,0.648836,1
GOOG,1,ohlcv,5,2026,2025-03-05,1,0.718024,1
GOOG,1,ohlcv,5,2026,2025-03-06,0,0.655728,1
GOOG,1,ohlcv,5,2026,2025-03-07,1,0.582105,1
GOOG,1,ohlcv,5,2026,2025-03-10,0,0.496581,0
GOOG,1,ohlcv,5,2026,2025-03-11,0,0.446066,0
GOOG,1,ohlcv,5,2026,2025-03-12,1,0.548089,1
GOOG,1,ohlcv,5,2026,2025-03-13,0,0.574917,1
GOOG,1,ohlcv,5,2026,2025-03-14,1,0.584374,1
GOOG,1,ohlcv,5,2026,2025-03-17,0,0.632171,1
GOOG,1,ohlcv,20,42,2024-10-21,1,0.513038,1
GOOG,1,ohlcv,20,42,2024-10-22,1,0.448526,0
GOOG,1,ohlcv,20,42,2024-10-23,0,0.412856,0
GOOG,1,ohlcv,20,42,2024-10-24,1,0.402014,0
GOOG,1,ohlcv,20,42,2024-10-25,1,0.549812,1
GOOG,1,ohlcv,20,42,2024-10-28,1,0.504345,1
GOOG,1,ohlcv,20,42,2024-10-29,1,0.602635,1
GOOG,1,ohlcv,20,42,2024-10-30,1,0.590500,1
GOOG,1,ohlcv,20,42,2024-10-31,0,0.590803,1
GOOG,1,ohlcv,20,42,2024-11-01,0,0.615289,1
GOOG,1,ohlcv,20,42,2024-11-04,0,0.615302,1
GOOG,1,ohlcv,20,42,2024-11-05,1,0.564736,1
GOOG,1,ohlcv,20,42,2024-11-06,1,0.572985,1
GOOG,1,ohlcv,20,42,2024-11-07,1,0.479130,0
GOOG,1,ohlcv,20,42,2024-11-08,0,0.436199,0
GOOG,1,ohlcv,20,42,2024-11-11,1,0.358237,0
GOOG,1,ohlcv,20,42,2024-11-12,1,0.392263,0
GOOG,1,ohlcv,20,42,2024-11-13,0,0.400202,0
GOOG,1,ohlcv,20,42,2024-11-14,0,0.361949,0
GOOG,1,ohlcv,20,42,2024-11-15,0,0.400222,0
GOOG,1,ohlcv,20,42,2024-11-18,1,0.437803,0
GOOG,1,ohlcv,20,42,2024-11-19,1,0.515998,1
GOOG,1,ohlcv,20,42,2024-11-20,0,0.453885,0
GOOG,1,ohlcv,20,42,2024-11-21,0,0.443826,0
GOOG,1,ohlcv,20,42,2024-11-22,0,0.472089,0
GOOG,1,ohlcv,20,42,2024-11-25,1,0.537270,1
GOOG,1,ohlcv,20,42,2024-11-26,1,0.660113,1
GOOG,1,ohlcv,20,42,2024-11-27,1,0.602935,1
GOOG,1,ohlcv,20,42,2024-11-29,0,0.559777,1
GOOG,1,ohlcv,20,42,2024-12-02,1,0.540448,1
GOOG,1,ohlcv,20,42,2024-12-03,1,0.454533,0
GOOG,1,ohlcv,20,42,2024-12-04,1,0.478771,0
GOOG,1,ohlcv,20,42,2024-12-05,0,0.432537,0
GOOG,1,ohlcv,20,42,2024-12-06,1,0.401455,0
GOOG,1,ohlcv,20,42,2024-12-09,1,0.420950,0
GOOG,1,ohlcv,20,42,2024-12-10,1,0.413371,0
GOOG,1,ohlcv,20,42,2024-12-11,1,0.557492,1
GOOG,1,ohlcv,20,42,2024-12-12,0,0.468094,0
GOOG,1,ohlcv,20,42,2024-12-13,0,0.360550,0
GOOG,1,ohlcv,20,42,2024-12-16,1,0.357306,0
GOOG,1,ohlcv,20,42,2024-12-17,0,0.482395,0
GOOG,1,ohlcv,20,42,2024-12-18,0,0.566004,1
GOOG,1,ohlcv,20,42,2024-12-19,0,0.433829,0
GOOG,1,ohlcv,20,42,2024-12-20,1,0.571981,1
GOOG,1,ohlcv,20,42,2024-12-23,1,0.495244,0
GOOG,1,ohlcv,20,42,2024-12-24,1,0.550929,1
GOOG,1,ohlcv,20,42,2024-12-26,0,0.499005,0
GOOG,1,ohlcv,20,42,2024-12-27,0,0.431954,0
GOOG,1,ohlcv,20,42,2024-12-30,0,0.432168,0
GOOG,1,ohlcv,20,42,2024-12-31,0,0.431419,0
GOOG,1,ohlcv,20,42,2025-01-02,1,0.468177,0
GOOG,1,ohlcv,20,42,2025-01-03,1,0.657171,1
GOOG,1,ohlcv,20,42,2025-01-06,1,0.683404,1
GOOG,1,ohlcv,20,42,2025-01-07,0,0.613843,1
GOOG,1,ohlcv,20,42,2025-01-08,0,0.639562,1
GOOG,1,ohlcv,20,42,2025-01-10,0,0.554520,1
GOOG,1,ohlcv,20,42,2025-01-13,0,0.578857,1
GOOG,1,ohlcv,20,42,2025-01-14,0,0.569183,1
GOOG,1,ohlcv,20,42,2025-01-15,1,0.608026,1
GOOG,1,ohlcv,20,42,2025-01-16,0,0.664828,1
GOOG,1,ohlcv,20,42,2025-01-17,1,0.548544,1
GOOG,1,ohlcv,20,42,2025-01-21,1,0.630374,1
GOOG,1,ohlcv,20,42,2025-01-22,1,0.669304,1
GOOG,1,ohlcv,20,42,2025-01-23,0,0.667229,1
GOOG,1,ohlcv,20,42,2025-01-24,1,0.657703,1
GOOG,1,ohlcv,20,42,2025-01-27,0,0.620995,1
GOOG,1,ohlcv,20,42,2025-01-28,1,0.491789,0
GOOG,1,ohlcv,20,42,2025-01-29,1,0.579798,1
GOOG,1,ohlcv,20,42,2025-01-30,1,0.621108,1
GOOG,1,ohlcv,20,42,2025-01-31,1,0.577771,1
GOOG,1,ohlcv,20,42,2025-02-03,0,0.516762,1
GOOG,1,ohlcv,20,42,2025-02-04,1,0.444420,0
GOOG,1,ohlcv,20,42,2025-02-05,0,0.445083,0
GOOG,1,ohlcv,20,42,2025-02-06,1,0.370634,0
GOOG,1,ohlcv,20,42,2025-02-07,0,0.404630,0
GOOG,1,ohlcv,20,42,2025-02-10,1,0.384349,0
GOOG,1,ohlcv,20,42,2025-02-11,0,0.579727,1
GOOG,1,ohlcv,20,42,2025-02-12,0,0.602624,1
GOOG,1,ohlcv,20,42,2025-02-13,1,0.602685,1
GOOG,1,ohlcv,20,42,2025-02-14,0,0.603328,1
GOOG,1,ohlcv,20,42,2025-02-18,0,0.563485,1
GOOG,1,ohlcv,20,42,2025-02-19,1,0.583621,1
GOOG,1,ohlcv,20,42,2025-02-20,0,0.582351,1
GOOG,1,ohlcv,20,42,2025-02-21,0,0.606006,1
GOOG,1,ohlcv,20,42,2025-02-24,0,0.491535,0
GOOG,1,ohlcv,20,42,2025-02-25,0,0.624495,1
GOOG,1,ohlcv,20,42,2025-02-26,0,0.568875,1
GOOG,1,ohlcv,20,42,2025-02-27,0,0.615482,1
GOOG,1,ohlcv,20,42,2025-02-28,1,0.590095,1
GOOG,1,ohlcv,20,42,2025-03-03,0,0.655077,1
GOOG,1,ohlcv,20,42,2025-03-04,1,0.651558,1
GOOG,1,ohlcv,20,42,2025-03-05,1,0.652273,1
GOOG,1,ohlcv,20,42,2025-03-06,0,0.623272,1
GOOG,1,ohlcv,20,42,2025-03-07,1,0.541816,1
GOOG,1,ohlcv,20,42,2025-03-10,0,0.515118,1
GOOG,1,ohlcv,20,42,2025-03-11,0,0.372840,0
GOOG,1,ohlcv,20,42,2025-03-12,1,0.562397,1
GOOG,1,ohlcv,20,42,2025-03-13,0,0.638644,1
GOOG,1,ohlcv,20,42,2025-03-14,1,0.601908,1
GOOG,1,ohlcv,20,42,2025-03-17,0,0.657714,1
GOOG,1,ohlcv,20,123,2024-10-21,1,0.525975,1
GOOG,1,ohlcv,20,123,2024-10-22,1,0.458534,0
GOOG,1,ohlcv,20,123,2024-10-23,0,0.397945,0
GOOG,1,ohlcv,20,123,2024-10-24,1,0.453610,0
GOOG,1,ohlcv,20,123,2024-10-25,1,0.532033,1
GOOG,1,ohlcv,20,123,2024-10-28,1,0.442814,0
GOOG,1,ohlcv,20,123,2024-10-29,1,0.567142,1
GOOG,1,ohlcv,20,123,2024-10-30,1,0.540504,1
GOOG,1,ohlcv,20,123,2024-10-31,0,0.560891,1
GOOG,1,ohlcv,20,123,2024-11-01,0,0.601891,1
GOOG,1,ohlcv,20,123,2024-11-04,0,0.609225,1
GOOG,1,ohlcv,20,123,2024-11-05,1,0.595959,1
GOOG,1,ohlcv,20,123,2024-11-06,1,0.572376,1
GOOG,1,ohlcv,20,123,2024-11-07,1,0.406035,0
GOOG,1,ohlcv,20,123,2024-11-08,0,0.409333,0
GOOG,1,ohlcv,20,123,2024-11-11,1,0.412238,0
GOOG,1,ohlcv,20,123,2024-11-12,1,0.398903,0
GOOG,1,ohlcv,20,123,2024-11-13,0,0.375791,0
GOOG,1,ohlcv,20,123,2024-11-14,0,0.402685,0
GOOG,1,ohlcv,20,123,2024-11-15,0,0.458791,0
GOOG,1,ohlcv,20,123,2024-11-18,1,0.486962,0
GOOG,1,ohlcv,20,123,2024-11-19,1,0.490769,0
GOOG,1,ohlcv,20,123,2024-11-20,0,0.416924,0
GOOG,1,ohlcv,20,123,2024-11-21,0,0.489904,0
GOOG,1,ohlcv,20,123,2024-11-22,0,0.522560,1
GOOG,1,ohlcv,20,123,2024-11-25,1,0.562194,1
GOOG,1,ohlcv,20,123,2024-11-26,1,0.597551,1
GOOG,1,ohlcv,20,123,2024-11-27,1,0.600995,1
GOOG,1,ohlcv,20,123,2024-11-29,0,0.584972,1
GOOG,1,ohlcv,20,123,2024-12-02,1,0.573583,1
GOOG,1,ohlcv,20,123,2024-12-03,1,0.406840,0
GOOG,1,ohlcv,20,123,2024-12-04,1,0.459722,0
GOOG,1,ohlcv,20,123,2024-12-05,0,0.377177,0
GOOG,1,ohlcv,20,123,2024-12-06,1,0.439300,0
GOOG,1,ohlcv,20,123,2024-12-09,1,0.409784,0
GOOG,1,ohlcv,20,123,2024-12-10,1,0.376164,0
GOOG,1,ohlcv,20,123,2024-12-11,1,0.437374,0
GOOG,1,ohlcv,20,123,2024-12-12,0,0.391283,0
GOOG,1,ohlcv,20,123,2024-12-13,0,0.382390,0
GOOG,1,ohlcv,20,123,2024-12-16,1,0.437967,0
GOOG,1,ohlcv,20,123,2024-12-17,0,0.416269,0
GOOG,1,ohlcv,20,123,2024-12-18,0,0.535153,1
GOOG,1,ohlcv,20,123,2024-12-19,0,0.541040,1
GOOG,1,ohlcv,20,123,2024-12-20,1,0.579127,1
GOOG,1,ohlcv,20,123,2024-12-23,1,0.427313,0
GOOG,1,ohlcv,20,123,2024-12-24,1,0.573520,1
GOOG,1,ohlcv,20,123,2024-12-26,0,0.545682,1
GOOG,1,ohlcv,20,123,2024-12-27,0,0.490453,0
GOOG,1,ohlcv,20,123,2024-12-30,0,0.483429,0
GOOG,1,ohlcv,20,123,2024-12-31,0,0.484291,0
GOOG,1,ohlcv,20,123,2025-01-02,1,0.510766,1
GOOG,1,ohlcv,20,123,2025-01-03,1,0.582497,1
GOOG,1,ohlcv,20,123,2025-01-06,1,0.619731,1
GOOG,1,ohlcv,20,123,2025-01-07,0,0.573297,1
GOOG,1,ohlcv,20,123,2025-01-08,0,0.591771,1
GOOG,1,ohlcv,20,123,2025-01-10,0,0.560100,1
GOOG,1,ohlcv,20,123,2025-01-13,0,0.564241,1
GOOG,1,ohlcv,20,123,2025-01-14,0,0.590677,1
GOOG,1,ohlcv,20,123,2025-01-15,1,0.594418,1
GOOG,1,ohlcv,20,123,2025-01-16,0,0.614837,1
GOOG,1,ohlcv,20,123,2025-01-17,1,0.555806,1
GOOG,1,ohlcv,20,123,2025-01-21,1,0.582117,1
GOOG,1,ohlcv,20,123,2025-01-22,1,0.609923,1
GOOG,1,ohlcv,20,123,2025-01-23,0,0.616295,1
GOOG,1,ohlcv,20,123,2025-01-24,1,0.608385,1
GOOG,1,ohlcv,20,123,2025-01-27,0,0.595651,1
GOOG,1,ohlcv,20,123,2025-01-28,1,0.500619,1
GOOG,1,ohlcv,20,123,2025-01-29,1,0.557495,1
GOOG,1,ohlcv,20,123,2025-01-30,1,0.601618,1
GOOG,1,ohlcv,20,123,2025-01-31,1,0.546679,1
GOOG,1,ohlcv,20,123,2025-02-03,0,0.460529,0
GOOG,1,ohlcv,20,123,2025-02-04,1,0.479424,0
GOOG,1,ohlcv,20,123,2025-02-05,0,0.392559,0
GOOG,1,ohlcv,20,123,2025-02-06,1,0.438901,0
GOOG,1,ohlcv,20,123,2025-02-07,0,0.457915,0
GOOG,1,ohlcv,20,123,2025-02-10,1,0.504769,1
GOOG,1,ohlcv,20,123,2025-02-11,0,0.580027,1
GOOG,1,ohlcv,20,123,2025-02-12,0,0.594723,1
GOOG,1,ohlcv,20,123,2025-02-13,1,0.573294,1
GOOG,1,ohlcv,20,123,2025-02-14,0,0.586810,1
GOOG,1,ohlcv,20,123,2025-02-18,0,0.572859,1
GOOG,1,ohlcv,20,123,2025-02-19,1,0.556619,1
GOOG,1,ohlcv,20,123,2025-02-20,0,0.578483,1
GOOG,1,ohlcv,20,123,2025-02-21,0,0.582671,1
GOOG,1,ohlcv,20,123,2025-02-24,0,0.533861,1
GOOG,1,ohlcv,20,123,2025-02-25,0,0.585849,1
GOOG,1,ohlcv,20,123,2025-02-26,0,0.563639,1
GOOG,1,ohlcv,20,123,2025-02-27,0,0.576047,1
GOOG,1,ohlcv,20,123,2025-02-28,1,0.573444,1
GOOG,1,ohlcv,20,123,2025-03-03,0,0.587096,1
GOOG,1,ohlcv,20,123,2025-03-04,1,0.598548,1
GOOG,1,ohlcv,20,123,2025-03-05,1,0.592421,1
GOOG,1,ohlcv,20,123,2025-03-06,0,0.596164,1
GOOG,1,ohlcv,20,123,2025-03-07,1,0.541990,1
GOOG,1,ohlcv,20,123,2025-03-10,0,0.505294,1
GOOG,1,ohlcv,20,123,2025-03-11,0,0.461783,0
GOOG,1,ohlcv,20,123,2025-03-12,1,0.549358,1
GOOG,1,ohlcv,20,123,2025-03-13,0,0.582732,1
GOOG,1,ohlcv,20,123,2025-03-14,1,0.587958,1
GOOG,1,ohlcv,20,123,2025-03-17,0,0.597006,1
GOOG,1,ohlcv,20,2026,2024-10-21,1,0.545401,1
GOOG,1,ohlcv,20,2026,2024-10-22,1,0.463254,0
GOOG,1,ohlcv,20,2026,2024-10-23,0,0.420949,0
GOOG,1,ohlcv,20,2026,2024-10-24,1,0.436897,0
GOOG,1,ohlcv,20,2026,2024-10-25,1,0.498295,0
GOOG,1,ohlcv,20,2026,2024-10-28,1,0.453339,0
GOOG,1,ohlcv,20,2026,2024-10-29,1,0.535915,1
GOOG,1,ohlcv,20,2026,2024-10-30,1,0.543034,1
GOOG,1,ohlcv,20,2026,2024-10-31,0,0.605367,1
GOOG,1,ohlcv,20,2026,2024-11-01,0,0.696598,1
GOOG,1,ohlcv,20,2026,2024-11-04,0,0.698314,1
GOOG,1,ohlcv,20,2026,2024-11-05,1,0.614164,1
GOOG,1,ohlcv,20,2026,2024-11-06,1,0.575432,1
GOOG,1,ohlcv,20,2026,2024-11-07,1,0.465447,0
GOOG,1,ohlcv,20,2026,2024-11-08,0,0.411797,0
GOOG,1,ohlcv,20,2026,2024-11-11,1,0.380205,0
GOOG,1,ohlcv,20,2026,2024-11-12,1,0.383937,0
GOOG,1,ohlcv,20,2026,2024-11-13,0,0.387812,0
GOOG,1,ohlcv,20,2026,2024-11-14,0,0.389463,0
GOOG,1,ohlcv,20,2026,2024-11-15,0,0.437326,0
GOOG,1,ohlcv,20,2026,2024-11-18,1,0.468880,0
GOOG,1,ohlcv,20,2026,2024-11-19,1,0.470202,0
GOOG,1,ohlcv,20,2026,2024-11-20,0,0.427879,0
GOOG,1,ohlcv,20,2026,2024-11-21,0,0.461266,0
GOOG,1,ohlcv,20,2026,2024-11-22,0,0.514658,1
GOOG,1,ohlcv,20,2026,2024-11-25,1,0.559688,1
GOOG,1,ohlcv,20,2026,2024-11-26,1,0.676949,1
GOOG,1,ohlcv,20,2026,2024-11-27,1,0.657365,1
GOOG,1,ohlcv,20,2026,2024-11-29,0,0.557558,1
GOOG,1,ohlcv,20,2026,2024-12-02,1,0.513133,1
GOOG,1,ohlcv,20,2026,2024-12-03,1,0.433556,0
GOOG,1,ohlcv,20,2026,2024-12-04,1,0.446190,0
GOOG,1,ohlcv,20,2026,2024-12-05,0,0.409147,0
GOOG,1,ohlcv,20,2026,2024-12-06,1,0.400274,0
GOOG,1,ohlcv,20,2026,2024-12-09,1,0.398704,0
GOOG,1,ohlcv,20,2026,2024-12-10,1,0.405974,0
GOOG,1,ohlcv,20,2026,2024-12-11,1,0.509167,1
GOOG,1,ohlcv,20,2026,2024-12-12,0,0.435616,0
GOOG,1,ohlcv,20,2026,2024-12-13,0,0.374843,0
GOOG,1,ohlcv,20,2026,2024-12-16,1,0.393554,0
GOOG,1,ohlcv,20,2026,2024-12-17,0,0.474053,0
GOOG,1,ohlcv,20,2026,2024-12-18,0,0.604316,1
GOOG,1,ohlcv,20,2026,2024-12-19,0,0.582566,1
GOOG,1,ohlcv,20,2026,2024-12-20,1,0.650561,1
GOOG,1,ohlcv,20,2026,2024-12-23,1,0.548739,1
GOOG,1,ohlcv,20,2026,2024-12-24,1,0.557800,1
GOOG,1,ohlcv,20,2026,2024-12-26,0,0.493216,0
GOOG,1,ohlcv,20,2026,2024-12-27,0,0.432899,0
GOOG,1,ohlcv,20,2026,2024-12-30,0,0.465864,0
GOOG,1,ohlcv,20,2026,2024-12-31,0,0.451072,0
GOOG,1,ohlcv,20,2026,2025-01-02,1,0.475291,0
GOOG,1,ohlcv,20,2026,2025-01-03,1,0.605262,1
GOOG,1,ohlcv,20,2026,2025-01-06,1,0.704821,1
GOOG,1,ohlcv,20,2026,2025-01-07,0,0.650535,1
GOOG,1,ohlcv,20,2026,2025-01-08,0,0.697216,1
GOOG,1,ohlcv,20,2026,2025-01-10,0,0.644342,1
GOOG,1,ohlcv,20,2026,2025-01-13,0,0.642000,1
GOOG,1,ohlcv,20,2026,2025-01-14,0,0.573045,1
GOOG,1,ohlcv,20,2026,2025-01-15,1,0.570073,1
GOOG,1,ohlcv,20,2026,2025-01-16,0,0.629990,1
GOOG,1,ohlcv,20,2026,2025-01-17,1,0.560163,1
GOOG,1,ohlcv,20,2026,2025-01-21,1,0.575792,1
GOOG,1,ohlcv,20,2026,2025-01-22,1,0.710025,1
GOOG,1,ohlcv,20,2026,2025-01-23,0,0.723124,1
GOOG,1,ohlcv,20,2026,2025-01-24,1,0.678499,1
GOOG,1,ohlcv,20,2026,2025-01-27,0,0.664261,1
GOOG,1,ohlcv,20,2026,2025-01-28,1,0.586595,1
GOOG,1,ohlcv,20,2026,2025-01-29,1,0.571148,1
GOOG,1,ohlcv,20,2026,2025-01-30,1,0.584704,1
GOOG,1,ohlcv,20,2026,2025-01-31,1,0.529061,1
GOOG,1,ohlcv,20,2026,2025-02-03,0,0.504119,1
GOOG,1,ohlcv,20,2026,2025-02-04,1,0.512053,1
GOOG,1,ohlcv,20,2026,2025-02-05,0,0.456190,0
GOOG,1,ohlcv,20,2026,2025-02-06,1,0.459684,0
GOOG,1,ohlcv,20,2026,2025-02-07,0,0.441025,0
GOOG,1,ohlcv,20,2026,2025-02-10,1,0.477673,0
GOOG,1,ohlcv,20,2026,2025-02-11,0,0.588408,1
GOOG,1,ohlcv,20,2026,2025-02-12,0,0.658312,1
GOOG,1,ohlcv,20,2026,2025-02-13,1,0.621659,1
GOOG,1,ohlcv,20,2026,2025-02-14,0,0.574367,1
GOOG,1,ohlcv,20,2026,2025-02-18,0,0.556848,1
GOOG,1,ohlcv,20,2026,2025-02-19,1,0.537497,1
GOOG,1,ohlcv,20,2026,2025-02-20,0,0.531325,1
GOOG,1,ohlcv,20,2026,2025-02-21,0,0.549563,1
GOOG,1,ohlcv,20,2026,2025-02-24,0,0.503763,1
GOOG,1,ohlcv,20,2026,2025-02-25,0,0.634295,1
GOOG,1,ohlcv,20,2026,2025-02-26,0,0.599508,1
GOOG,1,ohlcv,20,2026,2025-02-27,0,0.630748,1
GOOG,1,ohlcv,20,2026,2025-02-28,1,0.616457,1
GOOG,1,ohlcv,20,2026,2025-03-03,0,0.619862,1
GOOG,1,ohlcv,20,2026,2025-03-04,1,0.654967,1
GOOG,1,ohlcv,20,2026,2025-03-05,1,0.717836,1
GOOG,1,ohlcv,20,2026,2025-03-06,0,0.659986,1
GOOG,1,ohlcv,20,2026,2025-03-07,1,0.618724,1
GOOG,1,ohlcv,20,2026,2025-03-10,0,0.536180,1
GOOG,1,ohlcv,20,2026,2025-03-11,0,0.472617,0
GOOG,1,ohlcv,20,2026,2025-03-12,1,0.557085,1
GOOG,1,ohlcv,20,2026,2025-03-13,0,0.567669,1
GOOG,1,ohlcv,20,2026,2025-03-14,1,0.560075,1
GOOG,1,ohlcv,20,2026,2025-03-17,0,0.603057,1
GOOG,2,close-return,5,42,2025-03-18,0,0.571085,1
GOOG,2,close-return,5,42,2025-03-19,1,0.450286,0
GOOG,2,close-return,5,42,2025-03-20,0,0.574471,1
GOOG,2,close-return,5,42,2025-03-21,1,0.557386,1
GOOG,2,close-return,5,42,2025-03-24,1,0.617056,1
GOOG,2,close-return,5,42,2025-03-25,1,0.496944,0
GOOG,2,close-return,5,42,2025-03-26,0,0.500268,1
GOOG,2,close-return,5,42,2025-03-27,0,0.381411,0
GOOG,2,close-return,5,42,2025-03-28,0,0.431302,0
GOOG,2,close-return,5,42,2025-03-31,1,0.434348,0
GOOG,2,close-return,5,42,2025-04-01,1,0.674430,1
GOOG,2,close-return,5,42,2025-04-02,0,0.561446,1
GOOG,2,close-return,5,42,2025-04-03,0,0.633172,1
GOOG,2,close-return,5,42,2025-04-04,0,0.402260,0
GOOG,2,close-return,5,42,2025-04-07,1,0.454248,0
GOOG,2,close-return,5,42,2025-04-08,0,0.677482,1
GOOG,2,close-return,5,42,2025-04-09,1,0.628227,1
GOOG,2,close-return,5,42,2025-04-10,0,0.386393,0
GOOG,2,close-return,5,42,2025-04-11,1,0.367547,0
GOOG,2,close-return,5,42,2025-04-14,1,0.459619,0
GOOG,2,close-return,5,42,2025-04-15,0,0.505068,1
GOOG,2,close-return,5,42,2025-04-16,0,0.409894,0
GOOG,2,close-return,5,42,2025-04-17,0,0.457437,0
GOOG,2,close-return,5,42,2025-04-21,0,0.530434,1
GOOG,2,close-return,5,42,2025-04-22,1,0.557619,1
GOOG,2,close-return,5,42,2025-04-23,1,0.532518,1
GOOG,2,close-return,5,42,2025-04-24,1,0.474471,0
GOOG,2,close-return,5,42,2025-04-25,1,0.477990,0
GOOG,2,close-return,5,42,2025-04-28,0,0.500947,1
GOOG,2,close-return,5,42,2025-04-29,0,0.455024,0
GOOG,2,close-return,5,42,2025-04-30,0,0.473362,0
GOOG,2,close-return,5,42,2025-05-01,1,0.519892,1
GOOG,2,close-return,5,42,2025-05-02,1,0.613598,1
GOOG,2,close-return,5,42,2025-05-05,1,0.510478,1
GOOG,2,close-return,5,42,2025-05-06,0,0.530803,1
GOOG,2,close-return,5,42,2025-05-07,0,0.494596,0
GOOG,2,close-return,5,42,2025-05-08,1,0.364025,0
GOOG,2,close-return,5,42,2025-05-09,0,0.603955,1
GOOG,2,close-return,5,42,2025-05-12,1,0.667696,1
GOOG,2,close-return,5,42,2025-05-13,1,0.473705,0
GOOG,2,close-return,5,42,2025-05-14,1,0.531299,1
GOOG,2,close-return,5,42,2025-05-15,0,0.454938,0
GOOG,2,close-return,5,42,2025-05-16,1,0.468512,0
GOOG,2,close-return,5,42,2025-05-19,1,0.505240,1
GOOG,2,close-return,5,42,2025-05-20,0,0.517399,1
GOOG,2,close-return,5,42,2025-05-21,1,0.446431,0
GOOG,2,close-return,5,42,2025-05-22,1,0.493300,0
GOOG,2,close-return,5,42,2025-05-23,0,0.520537,1
GOOG,2,close-return,5,42,2025-05-27,1,0.449865,0
GOOG,2,close-return,5,42,2025-05-28,0,0.502021,1
GOOG,2,close-return,5,42,2025-05-29,0,0.499438,0
GOOG,2,close-return,5,42,2025-05-30,0,0.524044,1
GOOG,2,close-return,5,42,2025-06-02,0,0.577908,1
GOOG,2,close-return,5,42,2025-06-03,0,0.492493,0
GOOG,2,close-return,5,42,2025-06-04,1,0.542406,1
GOOG,2,close-return,5,42,2025-06-05,1,0.664741,1
GOOG,2,close-return,5,42,2025-06-06,1,0.645062,1
GOOG,2,close-return,5,42,2025-06-09,1,0.467315,0
GOOG,2,close-return,5,42,2025-06-10,1,0.499713,0
GOOG,2,close-return,5,42,2025-06-11,0,0.506454,1
GOOG,2,close-return,5,42,2025-06-12,0,0.467690,0
GOOG,2,close-return,5,42,2025-06-13,0,0.447323,0
GOOG,2,close-return,5,42,2025-06-16,1,0.555762,1
GOOG,2,close-return,5,42,2025-06-17,0,0.621173,1
GOOG,2,close-return,5,42,2025-06-18,0,0.603917,1
GOOG,2,close-return,5,42,2025-06-20,0,0.480134,0
GOOG,2,close-return,5,42,2025-06-23,0,0.442240,0
GOOG,2,close-return,5,42,2025-06-24,1,0.619056,1
GOOG,2,close-return,5,42,2025-06-25,1,0.630819,1
GOOG,2,close-return,5,42,2025-06-26,1,0.502334,1
GOOG,2,close-return,5,42,2025-06-27,1,0.501118,1
GOOG,2,close-return,5,42,2025-06-30,0,0.488185,0
GOOG,2,close-return,5,42,2025-07-01,0,0.478426,0
GOOG,2,close-return,5,42,2025-07-02,1,0.472202,0
GOOG,2,close-return,5,42,2025-07-03,1,0.542312,1
GOOG,2,close-return,5,42,2025-07-07,0,0.548665,1
GOOG,2,close-return,5,42,2025-07-08,0,0.453689,0
GOOG,2,close-return,5,42,2025-07-09,1,0.494819,0
GOOG,2,close-return,5,42,2025-07-10,1,0.630952,1
GOOG,2,close-return,5,42,2025-07-11,1,0.603630,1
GOOG,2,close-return,5,42,2025-07-14,1,0.533210,1
GOOG,2,close-return,5,42,2025-07-15,1,0.531762,1
GOOG,2,close-return,5,42,2025-07-16,1,0.516572,1
GOOG,2,close-return,5,42,2025-07-17,1,0.538823,1
GOOG,2,close-return,5,42,2025-07-18,1,0.557426,1
GOOG,2,close-return,5,42,2025-07-21,1,0.563890,1
GOOG,2,close-return,5,42,2025-07-22,1,0.471611,0
GOOG,2,close-return,5,42,2025-07-23,0,0.515287,1
GOOG,2,close-return,5,42,2025-07-24,1,0.485922,0
GOOG,2,close-return,5,42,2025-07-25,1,0.540408,1
GOOG,2,close-return,5,42,2025-07-28,0,0.548875,1
GOOG,2,close-return,5,42,2025-07-29,1,0.541617,1
GOOG,2,close-return,5,42,2025-07-30,1,0.548602,1
GOOG,2,close-return,5,42,2025-07-31,0,0.546753,1
GOOG,2,close-return,5,42,2025-08-01,0,0.420142,0
GOOG,2,close-return,5,42,2025-08-04,1,0.492639,0
GOOG,2,close-return,5,42,2025-08-05,0,0.499675,0
GOOG,2,close-return,5,42,2025-08-06,1,0.570181,1
GOOG,2,close-return,5,42,2025-08-07,1,0.566387,1
GOOG,2,close-return,5,42,2025-08-08,1,0.541673,1
GOOG,2,close-return,5,123,2025-03-18,0,0.555134,1
GOOG,2,close-return,5,123,2025-03-19,1,0.456370,0
GOOG,2,close-return,5,123,2025-03-20,0,0.568349,1
GOOG,2,close-return,5,123,2025-03-21,1,0.545876,1
GOOG,2,close-return,5,123,2025-03-24,1,0.563529,1
GOOG,2,close-return,5,123,2025-03-25,1,0.520100,1
GOOG,2,close-return,5,123,2025-03-26,0,0.506392,1
GOOG,2,close-return,5,123,2025-03-27,0,0.355511,0
GOOG,2,close-return,5,123,2025-03-28,0,0.437239,0
GOOG,2,close-return,5,123,2025-03-31,1,0.418624,0
GOOG,2,close-return,5,123,2025-04-01,1,0.690027,1
GOOG,2,close-return,5,123,2025-04-02,0,0.615476,1
GOOG,2,close-return,5,123,2025-04-03,0,0.586201,1
GOOG,2,close-return,5,123,2025-04-04,0,0.378972,0
GOOG,2,close-return,5,123,2025-04-07,1,0.449684,0
GOOG,2,close-return,5,123,2025-04-08,0,0.685169,1
GOOG,2,close-return,5,123,2025-04-09,1,0.640634,1
GOOG,2,close-return,5,123,2025-04-10,0,0.491896,0
GOOG,2,close-return,5,123,2025-04-11,1,0.361549,0
GOOG,2,close-return,5,123,2025-04-14,1,0.474752,0
GOOG,2,close-return,5,123,2025-04-15,0,0.497177,0
GOOG,2,close-return,5,123,2025-04-16,0,0.420418,0
GOOG,2,close-return,5,123,2025-04-17,0,0.464720,0
GOOG,2,close-return,5,123,2025-04-21,0,0.556418,1
GOOG,2,close-return,5,123,2025-04-22,1,0.575784,1
GOOG,2,close-return,5,123,2025-04-23,1,0.584726,1
GOOG,2,close-return,5,123,2025-04-24,1,0.518365,1
GOOG,2,close-return,5,123,2025-04-25,1,0.501292,1
GOOG,2,close-return,5,123,2025-04-28,0,0.497324,0
GOOG,2,close-return,5,123,2025-04-29,0,0.461309,0
GOOG,2,close-return,5,123,2025-04-30,0,0.499478,0
GOOG,2,close-return,5,123,2025-05-01,1,0.542759,1
GOOG,2,close-return,5,123,2025-05-02,1,0.569140,1
GOOG,2,close-return,5,123,2025-05-05,1,0.527155,1
GOOG,2,close-return,5,123,2025-05-06,0,0.516456,1
GOOG,2,close-return,5,123,2025-05-07,0,0.509654,1
GOOG,2,close-return,5,123,2025-05-08,1,0.323510,0
GOOG,2,close-return,5,123,2025-05-09,0,0.582417,1
GOOG,2,close-return,5,123,2025-05-12,1,0.646751,1
GOOG,2,close-return,5,123,2025-05-13,1,0.531992,1
GOOG,2,close-return,5,123,2025-05-14,1,0.514023,1
GOOG,2,close-return,5,123,2025-05-15,0,0.497154,0
GOOG,2,close-return,5,123,2025-05-16,1,0.465620,0
GOOG,2,close-return,5,123,2025-05-19,1,0.501723,1
GOOG,2,close-return,5,123,2025-05-20,0,0.513336,1
GOOG,2,close-return,5,123,2025-05-21,1,0.466424,0
GOOG,2,close-return,5,123,2025-05-22,1,0.525954,1
GOOG,2,close-return,5,123,2025-05-23,0,0.513135,1
GOOG,2,close-return,5,123,2025-05-27,1,0.459923,0
GOOG,2,close-return,5,123,2025-05-28,0,0.516120,1
GOOG,2,close-return,5,123,2025-05-29,0,0.502685,1
GOOG,2,close-return,5,123,2025-05-30,0,0.528517,1
GOOG,2,close-return,5,123,2025-06-02,0,0.561223,1
GOOG,2,close-return,5,123,2025-06-03,0,0.519762,1
GOOG,2,close-return,5,123,2025-06-04,1,0.571405,1
GOOG,2,close-return,5,123,2025-06-05,1,0.625721,1
GOOG,2,close-return,5,123,2025-06-06,1,0.591449,1
GOOG,2,close-return,5,123,2025-06-09,1,0.516527,1
GOOG,2,close-return,5,123,2025-06-10,1,0.503843,1
GOOG,2,close-return,5,123,2025-06-11,0,0.500753,1
GOOG,2,close-return,5,123,2025-06-12,0,0.477022,0
GOOG,2,close-return,5,123,2025-06-13,0,0.474425,0
GOOG,2,close-return,5,123,2025-06-16,1,0.573771,1
GOOG,2,close-return,5,123,2025-06-17,0,0.579614,1
GOOG,2,close-return,5,123,2025-06-18,0,0.577543,1
GOOG,2,close-return,5,123,2025-06-20,0,0.502215,1
GOOG,2,close-return,5,123,2025-06-23,0,0.438545,0
GOOG,2,close-return,5,123,2025-06-24,1,0.632177,1
GOOG,2,close-return,5,123,2025-06-25,1,0.653930,1
GOOG,2,close-return,5,123,2025-06-26,1,0.543938,1
GOOG,2,close-return,5,123,2025-06-27,1,0.512752,1
GOOG,2,close-return,5,123,2025-06-30,0,0.501212,1
GOOG,2,close-return,5,123,2025-07-01,0,0.479699,0
GOOG,2,close-return,5,123,2025-07-02,1,0.493455,0
GOOG,2,close-return,5,123,2025-07-03,1,0.527261,1
GOOG,2,close-return,5,123,2025-07-07,0,0.526726,1
GOOG,2,close-return,5,123,2025-07-08,0,0.470036,0
GOOG,2,close-return,5,123,2025-07-09,1,0.522668,1
GOOG,2,close-return,5,123,2025-07-10,1,0.586420,1
GOOG,2,close-return,5,123,2025-07-11,1,0.561752,1
GOOG,2,close-return,5,123,2025-07-14,1,0.529286,1
GOOG,2,close-return,5,123,2025-07-15,1,0.517072,1
GOOG,2,close-return,5,123,2025-07-16,1,0.513249,1
GOOG,2,close-return,5,123,2025-07-17,1,0.528360,1
GOOG,2,close-return,5,123,2025-07-18,1,0.535857,1
GOOG,2,close-return,5,123,2025-07-21,1,0.537191,1
GOOG,2,close-return,5,123,2025-07-22,1,0.509892,1
GOOG,2,close-return,5,123,2025-07-23,0,0.503296,1
GOOG,2,close-return,5,123,2025-07-24,1,0.494759,0
GOOG,2,close-return,5,123,2025-07-25,1,0.524966,1
GOOG,2,close-return,5,123,2025-07-28,0,0.529938,1
GOOG,2,close-return,5,123,2025-07-29,1,0.541252,1
GOOG,2,close-return,5,123,2025-07-30,1,0.534431,1
GOOG,2,close-return,5,123,2025-07-31,0,0.526056,1
GOOG,2,close-return,5,123,2025-08-01,0,0.420891,0
GOOG,2,close-return,5,123,2025-08-04,1,0.516788,1
GOOG,2,close-return,5,123,2025-08-05,0,0.541662,1
GOOG,2,close-return,5,123,2025-08-06,1,0.535442,1
GOOG,2,close-return,5,123,2025-08-07,1,0.534509,1
GOOG,2,close-return,5,123,2025-08-08,1,0.527630,1
GOOG,2,close-return,5,2026,2025-03-18,0,0.586239,1
GOOG,2,close-return,5,2026,2025-03-19,1,0.461940,0
GOOG,2,close-return,5,2026,2025-03-20,0,0.592532,1
GOOG,2,close-return,5,2026,2025-03-21,1,0.578339,1
GOOG,2,close-return,5,2026,2025-03-24,1,0.586772,1
GOOG,2,close-return,5,2026,2025-03-25,1,0.499665,0
GOOG,2,close-return,5,2026,2025-03-26,0,0.484305,0
GOOG,2,close-return,5,2026,2025-03-27,0,0.365460,0
GOOG,2,close-return,5,2026,2025-03-28,0,0.436956,0
GOOG,2,close-return,5,2026,2025-03-31,1,0.443483,0
GOOG,2,close-return,5,2026,2025-04-01,1,0.692335,1
GOOG,2,close-return,5,2026,2025-04-02,0,0.615075,1
GOOG,2,close-return,5,2026,2025-04-03,0,0.602758,1
GOOG,2,close-return,5,2026,2025-04-04,0,0.386075,0
GOOG,2,close-return,5,2026,2025-04-07,1,0.464395,0
GOOG,2,close-return,5,2026,2025-04-08,0,0.693500,1
GOOG,2,close-return,5,2026,2025-04-09,1,0.649990,1
GOOG,2,close-return,5,2026,2025-04-10,0,0.454276,0
GOOG,2,close-return,5,2026,2025-04-11,1,0.373540,0
GOOG,2,close-return,5,2026,2025-04-14,1,0.474556,0
GOOG,2,close-return,5,2026,2025-04-15,0,0.491324,0
GOOG,2,close-return,5,2026,2025-04-16,0,0.424346,0
GOOG,2,close-return,5,2026,2025-04-17,0,0.464163,0
GOOG,2,close-return,5,2026,2025-04-21,0,0.560678,1
GOOG,2,close-return,5,2026,2025-04-22,1,0.588333,1
GOOG,2,close-return,5,2026,2025-04-23,1,0.593637,1
GOOG,2,close-return,5,2026,2025-04-24,1,0.499170,0
GOOG,2,close-return,5,2026,2025-04-25,1,0.473819,0
GOOG,2,close-return,5,2026,2025-04-28,0,0.483314,0
GOOG,2,close-return,5,2026,2025-04-29,0,0.461504,0
GOOG,2,close-return,5,2026,2025-04-30,0,0.490510,0
GOOG,2,close-return,5,2026,2025-05-01,1,0.547406,1
GOOG,2,close-return,5,2026,2025-05-02,1,0.594283,1
GOOG,2,close-return,5,2026,2025-05-05,1,0.511895,1
GOOG,2,close-return,5,2026,2025-05-06,0,0.518135,1
GOOG,2,close-return,5,2026,2025-05-07,0,0.505817,1
GOOG,2,close-return,5,2026,2025-05-08,1,0.344681,0
GOOG,2,close-return,5,2026,2025-05-09,0,0.636863,1
GOOG,2,close-return,5,2026,2025-05-12,1,0.682158,1
GOOG,2,close-return,5,2026,2025-05-13,1,0.530562,1
GOOG,2,close-return,5,2026,2025-05-14,1,0.507704,1
GOOG,2,close-return,5,2026,2025-05-15,0,0.460151,0
GOOG,2,close-return,5,2026,2025-05-16,1,0.470445,0
GOOG,2,close-return,5,2026,2025-05-19,1,0.498834,0
GOOG,2,close-return,5,2026,2025-05-20,0,0.517200,1
GOOG,2,close-return,5,2026,2025-05-21,1,0.457535,0
GOOG,2,close-return,5,2026,2025-05-22,1,0.514040,1
GOOG,2,close-return,5,2026,2025-05-23,0,0.500288,1
GOOG,2,close-return,5,2026,2025-05-27,1,0.454925,0
GOOG,2,close-return,5,2026,2025-05-28,0,0.496765,0
GOOG,2,close-return,5,2026,2025-05-29,0,0.509951,1
GOOG,2,close-return,5,2026,2025-05-30,0,0.538211,1
GOOG,2,close-return,5,2026,2025-06-02,0,0.583253,1
GOOG,2,close-return,5,2026,2025-06-03,0,0.517313,1
GOOG,2,close-return,5,2026,2025-06-04,1,0.570486,1
GOOG,2,close-return,5,2026,2025-06-05,1,0.656354,1
GOOG,2,close-return,5,2026,2025-06-06,1,0.618764,1
GOOG,2,close-return,5,2026,2025-06-09,1,0.491374,0
GOOG,2,close-return,5,2026,2025-06-10,1,0.483694,0
GOOG,2,close-return,5,2026,2025-06-11,0,0.488224,0
GOOG,2,close-return,5,2026,2025-06-12,0,0.475351,0
GOOG,2,close-return,5,2026,2025-06-13,0,0.458982,0
GOOG,2,close-return,5,2026,2025-06-16,1,0.584023,1
GOOG,2,close-return,5,2026,2025-06-17,0,0.607685,1
GOOG,2,close-return,5,2026,2025-06-18,0,0.599871,1
GOOG,2,close-return,5,2026,2025-06-20,0,0.492538,0
GOOG,2,close-return,5,2026,2025-06-23,0,0.448013,0
GOOG,2,close-return,5,2026,2025-06-24,1,0.641961,1
GOOG,2,close-return,5,2026,2025-06-25,1,0.658557,1
GOOG,2,close-return,5,2026,2025-06-26,1,0.536133,1
GOOG,2,close-return,5,2026,2025-06-27,1,0.492546,0
GOOG,2,close-return,5,2026,2025-06-30,0,0.476070,0
GOOG,2,close-return,5,2026,2025-07-01,0,0.481601,0
GOOG,2,close-return,5,2026,2025-07-02,1,0.486633,0
GOOG,2,close-return,5,2026,2025-07-03,1,0.521971,1
GOOG,2,close-return,5,2026,2025-07-07,0,0.530993,1
GOOG,2,close-return,5,2026,2025-07-08,0,0.456919,0
GOOG,2,close-return,5,2026,2025-07-09,1,0.514814,1
GOOG,2,close-return,5,2026,2025-07-10,1,0.623460,1
GOOG,2,close-return,5,2026,2025-07-11,1,0.578568,1
GOOG,2,close-return,5,2026,2025-07-14,1,0.517998,1
GOOG,2,close-return,5,2026,2025-07-15,1,0.509838,1
GOOG,2,close-return,5,2026,2025-07-16,1,0.515121,1
GOOG,2,close-return,5,2026,2025-07-17,1,0.533543,1
GOOG,2,close-return,5,2026,2025-07-18,1,0.544358,1
GOOG,2,close-return,5,2026,2025-07-21,1,0.542416,1
GOOG,2,close-return,5,2026,2025-07-22,1,0.479490,0
GOOG,2,close-return,5,2026,2025-07-23,0,0.498911,0
GOOG,2,close-return,5,2026,2025-07-24,1,0.493914,0
GOOG,2,close-return,5,2026,2025-07-25,1,0.527117,1
GOOG,2,close-return,5,2026,2025-07-28,0,0.537735,1
GOOG,2,close-return,5,2026,2025-07-29,1,0.550903,1
GOOG,2,close-return,5,2026,2025-07-30,1,0.529804,1
GOOG,2,close-return,5,2026,2025-07-31,0,0.527323,1
GOOG,2,close-return,5,2026,2025-08-01,0,0.413907,0
GOOG,2,close-return,5,2026,2025-08-04,1,0.512608,1
GOOG,2,close-return,5,2026,2025-08-05,0,0.550432,1
GOOG,2,close-return,5,2026,2025-08-06,1,0.555561,1
GOOG,2,close-return,5,2026,2025-08-07,1,0.539326,1
GOOG,2,close-return,5,2026,2025-08-08,1,0.535527,1
GOOG,2,close-return,20,42,2025-03-18,0,0.606039,1
GOOG,2,close-return,20,42,2025-03-19,1,0.458985,0
GOOG,2,close-return,20,42,2025-03-20,0,0.582843,1
GOOG,2,close-return,20,42,2025-03-21,1,0.581348,1
GOOG,2,close-return,20,42,2025-03-24,1,0.617440,1
GOOG,2,close-return,20,42,2025-03-25,1,0.498972,0
GOOG,2,close-return,20,42,2025-03-26,0,0.495750,0
GOOG,2,close-return,20,42,2025-03-27,0,0.377676,0
GOOG,2,close-return,20,42,2025-03-28,0,0.436612,0
GOOG,2,close-return,20,42,2025-03-31,1,0.433069,0
GOOG,2,close-return,20,42,2025-04-01,1,0.662714,1
GOOG,2,close-return,20,42,2025-04-02,0,0.579849,1
GOOG,2,close-return,20,42,2025-04-03,0,0.635553,1
GOOG,2,close-return,20,42,2025-04-04,0,0.399879,0
GOOG,2,close-return,20,42,2025-04-07,1,0.468009,0
GOOG,2,close-return,20,42,2025-04-08,0,0.669367,1
GOOG,2,close-return,20,42,2025-04-09,1,0.616273,1
GOOG,2,close-return,20,42,2025-04-10,0,0.395918,0
GOOG,2,close-return,20,42,2025-04-11,1,0.358968,0
GOOG,2,close-return,20,42,2025-04-14,1,0.458127,0
GOOG,2,close-return,20,42,2025-04-15,0,0.502993,1
GOOG,2,close-return,20,42,2025-04-16,0,0.412771,0
GOOG,2,close-return,20,42,2025-04-17,0,0.441923,0
GOOG,2,close-return,20,42,2025-04-21,0,0.555797,1
GOOG,2,close-return,20,42,2025-04-22,1,0.551307,1
GOOG,2,close-return,20,42,2025-04-23,1,0.548873,1
GOOG,2,close-return,20,42,2025-04-24,1,0.488134,0
GOOG,2,close-return,20,42,2025-04-25,1,0.479508,0
GOOG,2,close-return,20,42,2025-04-28,0,0.494200,0
GOOG,2,close-return,20,42,2025-04-29,0,0.457476,0
GOOG,2,close-return,20,42,2025-04-30,0,0.471930,0
GOOG,2,close-return,20,42,2025-05-01,1,0.503220,1
GOOG,2,close-return,20,42,2025-05-02,1,0.605856,1
GOOG,2,close-return,20,42,2025-05-05,1,0.507335,1
GOOG,2,close-return,20,42,2025-05-06,0,0.529830,1
GOOG,2,close-return,20,42,2025-05-07,0,0.499331,0
GOOG,2,close-return,20,42,2025-05-08,1,0.362841,0
GOOG,2,close-return,20,42,2025-05-09,0,0.601000,1
GOOG,2,close-return,20,42,2025-05-12,1,0.653053,1
GOOG,2,close-return,20,42,2025-05-13,1,0.490486,0
GOOG,2,close-return,20,42,2025-05-14,1,0.538540,1
GOOG,2,close-return,20,42,2025-05-15,0,0.452659,0
GOOG,2,close-return,20,42,2025-05-16,1,0.467541,0
GOOG,2,close-return,20,42,2025-05-19,1,0.504318,1
GOOG,2,close-return,20,42,2025-05-20,0,0.508067,1
GOOG,2,close-return,20,42,2025-05-21,1,0.442098,0
GOOG,2,close-return,20,42,2025-05-22,1,0.487572,0
GOOG,2,close-return,20,42,2025-05-23,0,0.514003,1
GOOG,2,close-return,20,42,2025-05-27,1,0.446618,0
GOOG,2,close-return,20,42,2025-05-28,0,0.493385,0
GOOG,2,close-return,20,42,2025-05-29,0,0.507633,1
GOOG,2,close-return,20,42,2025-05-30,0,0.518732,1
GOOG,2,close-return,20,42,2025-06-02,0,0.572559,1
GOOG,2,close-return,20,42,2025-06-03,0,0.503875,1
GOOG,2,close-return,20,42,2025-06-04,1,0.532019,1
GOOG,2,close-return,20,42,2025-06-05,1,0.661603,1
GOOG,2,close-return,20,42,2025-06-06,1,0.644393,1
GOOG,2,close-return,20,42,2025-06-09,1,0.473345,0
GOOG,2,close-return,20,42,2025-06-10,1,0.495674,0
GOOG,2,close-return,20,42,2025-06-11,0,0.499013,0
GOOG,2,close-return,20,42,2025-06-12,0,0.466958,0
GOOG,2,close-return,20,42,2025-06-13,0,0.450075,0
GOOG,2,close-return,20,42,2025-06-16,1,0.536674,1
GOOG,2,close-return,20,42,2025-06-17,0,0.618168,1
GOOG,2,close-return,20,42,2025-06-18,0,0.595186,1
GOOG,2,close-return,20,42,2025-06-20,0,0.480921,0
GOOG,2,close-return,20,42,2025-06-23,0,0.443788,0
GOOG,2,close-return,20,42,2025-06-24,1,0.622044,1
GOOG,2,close-return,20,42,2025-06-25,1,0.637309,1
GOOG,2,close-return,20,42,2025-06-26,1,0.518285,1
GOOG,2,close-return,20,42,2025-06-27,1,0.506986,1
GOOG,2,close-return,20,42,2025-06-30,0,0.485000,0
GOOG,2,close-return,20,42,2025-07-01,0,0.480618,0
GOOG,2,close-return,20,42,2025-07-02,1,0.473397,0
GOOG,2,close-return,20,42,2025-07-03,1,0.528292,1
GOOG,2,close-return,20,42,2025-07-07,0,0.536110,1
GOOG,2,close-return,20,42,2025-07-08,0,0.444417,0
GOOG,2,close-return,20,42,2025-07-09,1,0.497522,0
GOOG,2,close-return,20,42,2025-07-10,1,0.626845,1
GOOG,2,close-return,20,42,2025-07-11,1,0.604558,1
GOOG,2,close-return,20,42,2025-07-14,1,0.532994,1
GOOG,2,close-return,20,42,2025-07-15,1,0.530173,1
GOOG,2,close-return,20,42,2025-07-16,1,0.522169,1
GOOG,2,close-return,20,42,2025-07-17,1,0.536381,1
GOOG,2,close-return,20,42,2025-07-18,1,0.552745,1
GOOG,2,close-return,20,42,2025-07-21,1,0.555127,1
GOOG,2,close-return,20,42,2025-07-22,1,0.465082,0
GOOG,2,close-return,20,42,2025-07-23,0,0.507769,1
GOOG,2,close-return,20,42,2025-07-24,1,0.484476,0
GOOG,2,close-return,20,42,2025-07-25,1,0.536709,1
GOOG,2,close-return,20,42,2025-07-28,0,0.544885,1
GOOG,2,close-return,20,42,2025-07-29,1,0.528065,1
GOOG,2,close-return,20,42,2025-07-30,1,0.541620,1
GOOG,2,close-return,20,42,2025-07-31,0,0.544410,1
GOOG,2,close-return,20,42,2025-08-01,0,0.418656,0
GOOG,2,close-return,20,42,2025-08-04,1,0.493633,0
GOOG,2,close-return,20,42,2025-08-05,0,0.506697,1
GOOG,2,close-return,20,42,2025-08-06,1,0.571547,1
GOOG,2,close-return,20,42,2025-08-07,1,0.566952,1
GOOG,2,close-return,20,42,2025-08-08,1,0.553954,1
GOOG,2,close-return,20,123,2025-03-18,0,0.577367,1
GOOG,2,close-return,20,123,2025-03-19,1,0.466155,0
GOOG,2,close-return,20,123,2025-03-20,0,0.570808,1
GOOG,2,close-return,20,123,2025-03-21,1,0.559812,1
GOOG,2,close-return,20,123,2025-03-24,1,0.564125,1
GOOG,2,close-return,20,123,2025-03-25,1,0.520771,1
GOOG,2,close-return,20,123,2025-03-26,0,0.505470,1
GOOG,2,close-return,20,123,2025-03-27,0,0.348591,0
GOOG,2,close-return,20,123,2025-03-28,0,0.442114,0
GOOG,2,close-return,20,123,2025-03-31,1,0.417757,0
GOOG,2,close-return,20,123,2025-04-01,1,0.673527,1
GOOG,2,close-return,20,123,2025-04-02,0,0.616265,1
GOOG,2,close-return,20,123,2025-04-03,0,0.596063,1
GOOG,2,close-return,20,123,2025-04-04,0,0.383363,0
GOOG,2,close-return,20,123,2025-04-07,1,0.467960,0
GOOG,2,close-return,20,123,2025-04-08,0,0.684768,1
GOOG,2,close-return,20,123,2025-04-09,1,0.620268,1
GOOG,2,close-return,20,123,2025-04-10,0,0.495236,0
GOOG,2,close-return,20,123,2025-04-11,1,0.345332,0
GOOG,2,close-return,20,123,2025-04-14,1,0.474664,0
GOOG,2,close-return,20,123,2025-04-15,0,0.494859,0
GOOG,2,close-return,20,123,2025-04-16,0,0.415936,0
GOOG,2,close-return,20,123,2025-04-17,0,0.442920,0
GOOG,2,close-return,20,123,2025-04-21,0,0.569567,1
GOOG,2,close-return,20,123,2025-04-22,1,0.561054,1
GOOG,2,close-return,20,123,2025-04-23,1,0.585032,1
GOOG,2,close-return,20,123,2025-04-24,1,0.522310,1
GOOG,2,close-return,20,123,2025-04-25,1,0.501304,1
GOOG,2,close-return,20,123,2025-04-28,0,0.493419,0
GOOG,2,close-return,20,123,2025-04-29,0,0.459088,0
GOOG,2,close-return,20,123,2025-04-30,0,0.498703,0
GOOG,2,close-return,20,123,2025-05-01,1,0.533507,1
GOOG,2,close-return,20,123,2025-05-02,1,0.558478,1
GOOG,2,close-return,20,123,2025-05-05,1,0.522666,1
GOOG,2,close-return,20,123,2025-05-06,0,0.514086,1
GOOG,2,close-return,20,123,2025-05-07,0,0.512849,1
GOOG,2,close-return,20,123,2025-05-08,1,0.326152,0
GOOG,2,close-return,20,123,2025-05-09,0,0.584950,1
GOOG,2,close-return,20,123,2025-05-12,1,0.627867,1
GOOG,2,close-return,20,123,2025-05-13,1,0.536489,1
GOOG,2,close-return,20,123,2025-05-14,1,0.515837,1
GOOG,2,close-return,20,123,2025-05-15,0,0.498047,0
GOOG,2,close-return,20,123,2025-05-16,1,0.459898,0
GOOG,2,close-return,20,123,2025-05-19,1,0.498880,0
GOOG,2,close-return,20,123,2025-05-20,0,0.506713,1
GOOG,2,close-return,20,123,2025-05-21,1,0.463533,0
GOOG,2,close-return,20,123,2025-05-22,1,0.519704,1
GOOG,2,close-return,20,123,2025-05-23,0,0.509720,1
GOOG,2,close-return,20,123,2025-05-27,1,0.457190,0
GOOG,2,close-return,20,123,2025-05-28,0,0.513345,1
GOOG,2,close-return,20,123,2025-05-29,0,0.504172,1
GOOG,2,close-return,20,123,2025-05-30,0,0.524059,1
GOOG,2,close-return,20,123,2025-06-02,0,0.556472,1
GOOG,2,close-return,20,123,2025-06-03,0,0.529209,1
GOOG,2,close-return,20,123,2025-06-04,1,0.557491,1
GOOG,2,close-return,20,123,2025-06-05,1,0.622993,1
GOOG,2,close-return,20,123,2025-06-06,1,0.592451,1
GOOG,2,close-return,20,123,2025-06-09,1,0.517788,1
GOOG,2,close-return,20,123,2025-06-10,1,0.502134,1
GOOG,2,close-return,20,123,2025-06-11,0,0.497030,0
GOOG,2,close-return,20,123,2025-06-12,0,0.474172,0
GOOG,2,close-return,20,123,2025-06-13,0,0.477717,0
GOOG,2,close-return,20,123,2025-06-16,1,0.561914,1
GOOG,2,close-return,20,123,2025-06-17,0,0.571126,1
GOOG,2,close-return,20,123,2025-06-18,0,0.568227,1
GOOG,2,close-return,20,123,2025-06-20,0,0.501640,1
GOOG,2,close-return,20,123,2025-06-23,0,0.441387,0
GOOG,2,close-return,20,123,2025-06-24,1,0.631195,1
GOOG,2,close-return,20,123,2025-06-25,1,0.651870,1
GOOG,2,close-return,20,123,2025-06-26,1,0.548693,1
GOOG,2,close-return,20,123,2025-06-27,1,0.515386,1
GOOG,2,close-return,20,123,2025-06-30,0,0.500544,1
GOOG,2,close-return,20,123,2025-07-01,0,0.477000,0
GOOG,2,close-return,20,123,2025-07-02,1,0.493829,0
GOOG,2,close-return,20,123,2025-07-03,1,0.521188,1
GOOG,2,close-return,20,123,2025-07-07,0,0.519559,1
GOOG,2,close-return,20,123,2025-07-08,0,0.461103,0
GOOG,2,close-return,20,123,2025-07-09,1,0.524486,1
GOOG,2,close-return,20,123,2025-07-10,1,0.586904,1
GOOG,2,close-return,20,123,2025-07-11,1,0.558836,1
GOOG,2,close-return,20,123,2025-07-14,1,0.527687,1
GOOG,2,close-return,20,123,2025-07-15,1,0.516414,1
GOOG,2,close-return,20,123,2025-07-16,1,0.514760,1
GOOG,2,close-return,20,123,2025-07-17,1,0.525921,1
GOOG,2,close-return,20,123,2025-07-18,1,0.532568,1
GOOG,2,close-return,20,123,2025-07-21,1,0.531680,1
GOOG,2,close-return,20,123,2025-07-22,1,0.506832,1
GOOG,2,close-return,20,123,2025-07-23,0,0.498256,0
GOOG,2,close-return,20,123,2025-07-24,1,0.492848,0
GOOG,2,close-return,20,123,2025-07-25,1,0.521456,1
GOOG,2,close-return,20,123,2025-07-28,0,0.526138,1
GOOG,2,close-return,20,123,2025-07-29,1,0.531898,1
GOOG,2,close-return,20,123,2025-07-30,1,0.529643,1
GOOG,2,close-return,20,123,2025-07-31,0,0.523301,1
GOOG,2,close-return,20,123,2025-08-01,0,0.418562,0
GOOG,2,close-return,20,123,2025-08-04,1,0.516991,1
GOOG,2,close-return,20,123,2025-08-05,0,0.543863,1
GOOG,2,close-return,20,123,2025-08-06,1,0.532947,1
GOOG,2,close-return,20,123,2025-08-07,1,0.532851,1
GOOG,2,close-return,20,123,2025-08-08,1,0.532455,1
GOOG,2,close-return,20,2026,2025-03-18,0,0.612906,1
GOOG,2,close-return,20,2026,2025-03-19,1,0.471762,0
GOOG,2,close-return,20,2026,2025-03-20,0,0.595939,1
GOOG,2,close-return,20,2026,2025-03-21,1,0.595381,1
GOOG,2,close-return,20,2026,2025-03-24,1,0.590578,1
GOOG,2,close-return,20,2026,2025-03-25,1,0.502733,1
GOOG,2,close-return,20,2026,2025-03-26,0,0.488662,0
GOOG,2,close-return,20,2026,2025-03-27,0,0.376811,0
GOOG,2,close-return,20,2026,2025-03-28,0,0.434882,0
GOOG,2,close-return,20,2026,2025-03-31,1,0.438895,0
GOOG,2,close-return,20,2026,2025-04-01,1,0.673825,1
GOOG,2,close-return,20,2026,2025-04-02,0,0.622283,1
GOOG,2,close-return,20,2026,2025-04-03,0,0.609174,1
GOOG,2,close-return,20,2026,2025-04-04,0,0.384562,0
GOOG,2,close-return,20,2026,2025-04-07,1,0.463149,0
GOOG,2,close-return,20,2026,2025-04-08,0,0.686382,1
GOOG,2,close-return,20,2026,2025-04-09,1,0.643913,1
GOOG,2,close-return,20,2026,2025-04-10,0,0.458341,0
GOOG,2,close-return,20,2026,2025-04-11,1,0.380963,0
GOOG,2,close-return,20,2026,2025-04-14,1,0.476971,0
GOOG,2,close-return,20,2026,2025-04-15,0,0.493417,0
GOOG,2,close-return,20,2026,2025-04-16,0,0.440155,0
GOOG,2,close-return,20,2026,2025-04-17,0,0.462361,0
GOOG,2,close-return,20,2026,2025-04-21,0,0.590740,1
GOOG,2,close-return,20,2026,2025-04-22,1,0.594334,1
GOOG,2,close-return,20,2026,2025-04-23,1,0.600795,1
GOOG,2,close-return,20,2026,2025-04-24,1,0.511179,1
GOOG,2,close-return,20,2026,2025-04-25,1,0.483121,0
GOOG,2,close-return,20,2026,2025-04-28,0,0.489958,0
GOOG,2,close-return,20,2026,2025-04-29,0,0.474610,0
GOOG,2,close-return,20,2026,2025-04-30,0,0.486280,0
GOOG,2,close-return,20,2026,2025-05-01,1,0.525616,1
GOOG,2,close-return,20,2026,2025-05-02,1,0.603027,1
GOOG,2,close-return,20,2026,2025-05-05,1,0.517996,1
GOOG,2,close-return,20,2026,2025-05-06,0,0.528825,1
GOOG,2,close-return,20,2026,2025-05-07,0,0.523352,1
GOOG,2,close-return,20,2026,2025-05-08,1,0.341724,0
GOOG,2,close-return,20,2026,2025-05-09,0,0.599660,1
GOOG,2,close-return,20,2026,2025-05-12,1,0.671148,1
GOOG,2,close-return,20,2026,2025-05-13,1,0.541566,1
GOOG,2,close-return,20,2026,2025-05-14,1,0.521273,1
GOOG,2,close-return,20,2026,2025-05-15,0,0.467862,0
GOOG,2,close-return,20,2026,2025-05-16,1,0.481959,0
GOOG,2,close-return,20,2026,2025-05-19,1,0.499628,0
GOOG,2,close-return,20,2026,2025-05-20,0,0.511227,1
GOOG,2,close-return,20,2026,2025-05-21,1,0.465320,0
GOOG,2,close-return,20,2026,2025-05-22,1,0.514353,1
GOOG,2,close-return,20,2026,2025-05-23,0,0.505157,1
GOOG,2,close-return,20,2026,2025-05-27,1,0.474815,0
GOOG,2,close-return,20,2026,2025-05-28,0,0.498358,0
GOOG,2,close-return,20,2026,2025-05-29,0,0.524228,1
GOOG,2,close-return,20,2026,2025-05-30,0,0.542607,1
GOOG,2,close-return,20,2026,2025-06-02,0,0.589714,1
GOOG,2,close-return,20,2026,2025-06-03,0,0.543795,1
GOOG,2,close-return,20,2026,2025-06-04,1,0.571725,1
GOOG,2,close-return,20,2026,2025-06-05,1,0.661705,1
GOOG,2,close-return,20,2026,2025-06-06,1,0.627548,1
GOOG,2,close-return,20,2026,2025-06-09,1,0.496201,0
GOOG,2,close-return,20,2026,2025-06-10,1,0.489814,0
GOOG,2,close-return,20,2026,2025-06-11,0,0.492228,0
GOOG,2,close-return,20,2026,2025-06-12,0,0.484434,0
GOOG,2,close-return,20,2026,2025-06-13,0,0.464750,0
GOOG,2,close-return,20,2026,2025-06-16,1,0.561614,1
GOOG,2,close-return,20,2026,2025-06-17,0,0.620059,1
GOOG,2,close-return,20,2026,2025-06-18,0,0.621961,1
GOOG,2,close-return,20,2026,2025-06-20,0,0.519885,1
GOOG,2,close-return,20,2026,2025-06-23,0,0.454585,0
GOOG,2,close-return,20,2026,2025-06-24,1,0.641367,1
GOOG,2,close-return,20,2026,2025-06-25,1,0.657468,1
GOOG,2,close-return,20,2026,2025-06-26,1,0.544199,1
GOOG,2,close-return,20,2026,2025-06-27,1,0.502893,1
GOOG,2,close-return,20,2026,2025-06-30,0,0.484113,0
GOOG,2,close-return,20,2026,2025-07-01,0,0.491479,0
GOOG,2,close-return,20,2026,2025-07-02,1,0.487791,0
GOOG,2,close-return,20,2026,2025-07-03,1,0.515312,1
GOOG,2,close-return,20,2026,2025-07-07,0,0.530063,1
GOOG,2,close-return,20,2026,2025-07-08,0,0.471963,0
GOOG,2,close-return,20,2026,2025-07-09,1,0.534582,1
GOOG,2,close-return,20,2026,2025-07-10,1,0.634908,1
GOOG,2,close-return,20,2026,2025-07-11,1,0.591347,1
GOOG,2,close-return,20,2026,2025-07-14,1,0.524107,1
GOOG,2,close-return,20,2026,2025-07-15,1,0.515596,1
GOOG,2,close-return,20,2026,2025-07-16,1,0.521494,1
GOOG,2,close-return,20,2026,2025-07-17,1,0.531229,1
GOOG,2,close-return,20,2026,2025-07-18,1,0.542556,1
GOOG,2,close-return,20,2026,2025-07-21,1,0.542614,1
GOOG,2,close-return,20,2026,2025-07-22,1,0.477610,0
GOOG,2,close-return,20,2026,2025-07-23,0,0.502001,1
GOOG,2,close-return,20,2026,2025-07-24,1,0.502792,1
GOOG,2,close-return,20,2026,2025-07-25,1,0.526916,1
GOOG,2,close-return,20,2026,2025-07-28,0,0.539524,1
GOOG,2,close-return,20,2026,2025-07-29,1,0.554099,1
GOOG,2,close-return,20,2026,2025-07-30,1,0.534802,1
GOOG,2,close-return,20,2026,2025-07-31,0,0.534125,1
GOOG,2,close-return,20,2026,2025-08-01,0,0.428949,0
GOOG,2,close-return,20,2026,2025-08-04,1,0.517231,1
GOOG,2,close-return,20,2026,2025-08-05,0,0.558880,1
GOOG,2,close-return,20,2026,2025-08-06,1,0.570268,1
GOOG,2,close-return,20,2026,2025-08-07,1,0.546767,1
GOOG,2,close-return,20,2026,2025-08-08,1,0.546640,1
GOOG,2,ohlcv,5,42,2025-03-18,0,0.527899,1
GOOG,2,ohlcv,5,42,2025-03-19,1,0.524664,1
GOOG,2,ohlcv,5,42,2025-03-20,0,0.528864,1
GOOG,2,ohlcv,5,42,2025-03-21,1,0.519115,1
GOOG,2,ohlcv,5,42,2025-03-24,1,0.509902,1
GOOG,2,ohlcv,5,42,2025-03-25,1,0.528206,1
GOOG,2,ohlcv,5,42,2025-03-26,0,0.516369,1
GOOG,2,ohlcv,5,42,2025-03-27,0,0.505271,1
GOOG,2,ohlcv,5,42,2025-03-28,0,0.507113,1
GOOG,2,ohlcv,5,42,2025-03-31,1,0.505147,1
GOOG,2,ohlcv,5,42,2025-04-01,1,0.520914,1
GOOG,2,ohlcv,5,42,2025-04-02,0,0.521318,1
GOOG,2,ohlcv,5,42,2025-04-03,0,0.510355,1
GOOG,2,ohlcv,5,42,2025-04-04,0,0.495031,0
GOOG,2,ohlcv,5,42,2025-04-07,1,0.497962,0
GOOG,2,ohlcv,5,42,2025-04-08,0,0.504030,1
GOOG,2,ohlcv,5,42,2025-04-09,1,0.512012,1
GOOG,2,ohlcv,5,42,2025-04-10,0,0.509761,1
GOOG,2,ohlcv,5,42,2025-04-11,1,0.510523,1
GOOG,2,ohlcv,5,42,2025-04-14,1,0.509365,1
GOOG,2,ohlcv,5,42,2025-04-15,0,0.523378,1
GOOG,2,ohlcv,5,42,2025-04-16,0,0.519856,1
GOOG,2,ohlcv,5,42,2025-04-17,0,0.513588,1
GOOG,2,ohlcv,5,42,2025-04-21,0,0.522798,1
GOOG,2,ohlcv,5,42,2025-04-22,1,0.520859,1
GOOG,2,ohlcv,5,42,2025-04-23,1,0.529044,1
GOOG,2,ohlcv,5,42,2025-04-24,1,0.528171,1
GOOG,2,ohlcv,5,42,2025-04-25,1,0.515678,1
GOOG,2,ohlcv,5,42,2025-04-28,0,0.521551,1
GOOG,2,ohlcv,5,42,2025-04-29,0,0.527853,1
GOOG,2,ohlcv,5,42,2025-04-30,0,0.528926,1
GOOG,2,ohlcv,5,42,2025-05-01,1,0.524957,1
GOOG,2,ohlcv,5,42,2025-05-02,1,0.529364,1
GOOG,2,ohlcv,5,42,2025-05-05,1,0.532320,1
GOOG,2,ohlcv,5,42,2025-05-06,0,0.522755,1
GOOG,2,ohlcv,5,42,2025-05-07,0,0.512937,1
GOOG,2,ohlcv,5,42,2025-05-08,1,0.513046,1
GOOG,2,ohlcv,5,42,2025-05-09,0,0.529735,1
GOOG,2,ohlcv,5,42,2025-05-12,1,0.526354,1
GOOG,2,ohlcv,5,42,2025-05-13,1,0.530977,1
GOOG,2,ohlcv,5,42,2025-05-14,1,0.530579,1
GOOG,2,ohlcv,5,42,2025-05-15,0,0.514904,1
GOOG,2,ohlcv,5,42,2025-05-16,1,0.523741,1
GOOG,2,ohlcv,5,42,2025-05-19,1,0.521676,1
GOOG,2,ohlcv,5,42,2025-05-20,0,0.514072,1
GOOG,2,ohlcv,5,42,2025-05-21,1,0.514725,1
GOOG,2,ohlcv,5,42,2025-05-22,1,0.511865,1
GOOG,2,ohlcv,5,42,2025-05-23,0,0.513926,1
GOOG,2,ohlcv,5,42,2025-05-27,1,0.509322,1
GOOG,2,ohlcv,5,42,2025-05-28,0,0.510663,1
GOOG,2,ohlcv,5,42,2025-05-29,0,0.509622,1
GOOG,2,ohlcv,5,42,2025-05-30,0,0.522196,1
GOOG,2,ohlcv,5,42,2025-06-02,0,0.526420,1
GOOG,2,ohlcv,5,42,2025-06-03,0,0.515499,1
GOOG,2,ohlcv,5,42,2025-06-04,1,0.515602,1
GOOG,2,ohlcv,5,42,2025-06-05,1,0.521167,1
GOOG,2,ohlcv,5,42,2025-06-06,1,0.521197,1
GOOG,2,ohlcv,5,42,2025-06-09,1,0.514334,1
GOOG,2,ohlcv,5,42,2025-06-10,1,0.508389,1
GOOG,2,ohlcv,5,42,2025-06-11,0,0.510236,1
GOOG,2,ohlcv,5,42,2025-06-12,0,0.518479,1
GOOG,2,ohlcv,5,42,2025-06-13,0,0.512356,1
GOOG,2,ohlcv,5,42,2025-06-16,1,0.503545,1
GOOG,2,ohlcv,5,42,2025-06-17,0,0.506344,1
GOOG,2,ohlcv,5,42,2025-06-18,0,0.511115,1
GOOG,2,ohlcv,5,42,2025-06-20,0,0.511770,1
GOOG,2,ohlcv,5,42,2025-06-23,0,0.512823,1
GOOG,2,ohlcv,5,42,2025-06-24,1,0.521891,1
GOOG,2,ohlcv,5,42,2025-06-25,1,0.530631,1
GOOG,2,ohlcv,5,42,2025-06-26,1,0.525295,1
GOOG,2,ohlcv,5,42,2025-06-27,1,0.529383,1
GOOG,2,ohlcv,5,42,2025-06-30,0,0.514918,1
GOOG,2,ohlcv,5,42,2025-07-01,0,0.527949,1
GOOG,2,ohlcv,5,42,2025-07-02,1,0.528254,1
GOOG,2,ohlcv,5,42,2025-07-03,1,0.522332,1
GOOG,2,ohlcv,5,42,2025-07-07,0,0.522810,1
GOOG,2,ohlcv,5,42,2025-07-08,0,0.516833,1
GOOG,2,ohlcv,5,42,2025-07-09,1,0.517941,1
GOOG,2,ohlcv,5,42,2025-07-10,1,0.526456,1
GOOG,2,ohlcv,5,42,2025-07-11,1,0.528648,1
GOOG,2,ohlcv,5,42,2025-07-14,1,0.517123,1
GOOG,2,ohlcv,5,42,2025-07-15,1,0.521073,1
GOOG,2,ohlcv,5,42,2025-07-16,1,0.521099,1
GOOG,2,ohlcv,5,42,2025-07-17,1,0.524244,1
GOOG,2,ohlcv,5,42,2025-07-18,1,0.525222,1
GOOG,2,ohlcv,5,42,2025-07-21,1,0.530058,1
GOOG,2,ohlcv,5,42,2025-07-22,1,0.512007,1
GOOG,2,ohlcv,5,42,2025-07-23,0,0.526152,1
GOOG,2,ohlcv,5,42,2025-07-24,1,0.525176,1
GOOG,2,ohlcv,5,42,2025-07-25,1,0.526059,1
GOOG,2,ohlcv,5,42,2025-07-28,0,0.531702,1
GOOG,2,ohlcv,5,42,2025-07-29,1,0.532311,1
GOOG,2,ohlcv,5,42,2025-07-30,1,0.516471,1
GOOG,2,ohlcv,5,42,2025-07-31,0,0.515755,1
GOOG,2,ohlcv,5,42,2025-08-01,0,0.506789,1
GOOG,2,ohlcv,5,42,2025-08-04,1,0.506660,1
GOOG,2,ohlcv,5,42,2025-08-05,0,0.509587,1
GOOG,2,ohlcv,5,42,2025-08-06,1,0.515210,1
GOOG,2,ohlcv,5,42,2025-08-07,1,0.514815,1
GOOG,2,ohlcv,5,42,2025-08-08,1,0.525122,1
GOOG,2,ohlcv,5,123,2025-03-18,0,0.529116,1
GOOG,2,ohlcv,5,123,2025-03-19,1,0.518443,1
GOOG,2,ohlcv,5,123,2025-03-20,0,0.517949,1
GOOG,2,ohlcv,5,123,2025-03-21,1,0.513516,1
GOOG,2,ohlcv,5,123,2025-03-24,1,0.485826,0
GOOG,2,ohlcv,5,123,2025-03-25,1,0.522250,1
GOOG,2,ohlcv,5,123,2025-03-26,0,0.513779,1
GOOG,2,ohlcv,5,123,2025-03-27,0,0.514758,1
GOOG,2,ohlcv,5,123,2025-03-28,0,0.519779,1
GOOG,2,ohlcv,5,123,2025-03-31,1,0.517370,1
GOOG,2,ohlcv,5,123,2025-04-01,1,0.518093,1
GOOG,2,ohlcv,5,123,2025-04-02,0,0.518043,1
GOOG,2,ohlcv,5,123,2025-04-03,0,0.505841,1
GOOG,2,ohlcv,5,123,2025-04-04,0,0.492956,0
GOOG,2,ohlcv,5,123,2025-04-07,1,0.499631,0
GOOG,2,ohlcv,5,123,2025-04-08,0,0.494291,0
GOOG,2,ohlcv,5,123,2025-04-09,1,0.513044,1
GOOG,2,ohlcv,5,123,2025-04-10,0,0.479561,0
GOOG,2,ohlcv,5,123,2025-04-11,1,0.502183,1
GOOG,2,ohlcv,5,123,2025-04-14,1,0.501906,1
GOOG,2,ohlcv,5,123,2025-04-15,0,0.522759,1
GOOG,2,ohlcv,5,123,2025-04-16,0,0.531059,1
GOOG,2,ohlcv,5,123,2025-04-17,0,0.516348,1
GOOG,2,ohlcv,5,123,2025-04-21,0,0.520716,1
GOOG,2,ohlcv,5,123,2025-04-22,1,0.522593,1
GOOG,2,ohlcv,5,123,2025-04-23,1,0.523968,1
GOOG,2,ohlcv,5,123,2025-04-24,1,0.519211,1
GOOG,2,ohlcv,5,123,2025-04-25,1,0.487312,0
GOOG,2,ohlcv,5,123,2025-04-28,0,0.516746,1
GOOG,2,ohlcv,5,123,2025-04-29,0,0.530681,1
GOOG,2,ohlcv,5,123,2025-04-30,0,0.527035,1
GOOG,2,ohlcv,5,123,2025-05-01,1,0.516449,1
GOOG,2,ohlcv,5,123,2025-05-02,1,0.520186,1
GOOG,2,ohlcv,5,123,2025-05-05,1,0.525586,1
GOOG,2,ohlcv,5,123,2025-05-06,0,0.521403,1
GOOG,2,ohlcv,5,123,2025-05-07,0,0.514497,1
GOOG,2,ohlcv,5,123,2025-05-08,1,0.510311,1
GOOG,2,ohlcv,5,123,2025-05-09,0,0.522572,1
GOOG,2,ohlcv,5,123,2025-05-12,1,0.528803,1
GOOG,2,ohlcv,5,123,2025-05-13,1,0.525591,1
GOOG,2,ohlcv,5,123,2025-05-14,1,0.524142,1
GOOG,2,ohlcv,5,123,2025-05-15,0,0.490313,0
GOOG,2,ohlcv,5,123,2025-05-16,1,0.525516,1
GOOG,2,ohlcv,5,123,2025-05-19,1,0.520151,1
GOOG,2,ohlcv,5,123,2025-05-20,0,0.516493,1
GOOG,2,ohlcv,5,123,2025-05-21,1,0.517407,1
GOOG,2,ohlcv,5,123,2025-05-22,1,0.494812,0
GOOG,2,ohlcv,5,123,2025-05-23,0,0.505209,1
GOOG,2,ohlcv,5,123,2025-05-27,1,0.514780,1
GOOG,2,ohlcv,5,123,2025-05-28,0,0.501196,1
GOOG,2,ohlcv,5,123,2025-05-29,0,0.505046,1
GOOG,2,ohlcv,5,123,2025-05-30,0,0.528405,1
GOOG,2,ohlcv,5,123,2025-06-02,0,0.515732,1
GOOG,2,ohlcv,5,123,2025-06-03,0,0.516688,1
GOOG,2,ohlcv,5,123,2025-06-04,1,0.518998,1
GOOG,2,ohlcv,5,123,2025-06-05,1,0.524182,1
GOOG,2,ohlcv,5,123,2025-06-06,1,0.523595,1
GOOG,2,ohlcv,5,123,2025-06-09,1,0.504754,1
GOOG,2,ohlcv,5,123,2025-06-10,1,0.500794,1
GOOG,2,ohlcv,5,123,2025-06-11,0,0.483745,0
GOOG,2,ohlcv,5,123,2025-06-12,0,0.528158,1
GOOG,2,ohlcv,5,123,2025-06-13,0,0.525542,1
GOOG,2,ohlcv,5,123,2025-06-16,1,0.498181,0
GOOG,2,ohlcv,5,123,2025-06-17,0,0.493772,0
GOOG,2,ohlcv,5,123,2025-06-18,0,0.504651,1
GOOG,2,ohlcv,5,123,2025-06-20,0,0.508927,1
GOOG,2,ohlcv,5,123,2025-06-23,0,0.516394,1
GOOG,2,ohlcv,5,123,2025-06-24,1,0.522622,1
GOOG,2,ohlcv,5,123,2025-06-25,1,0.527927,1
GOOG,2,ohlcv,5,123,2025-06-26,1,0.522543,1
GOOG,2,ohlcv,5,123,2025-06-27,1,0.523469,1
GOOG,2,ohlcv,5,123,2025-06-30,0,0.488633,0
GOOG,2,ohlcv,5,123,2025-07-01,0,0.522857,1
GOOG,2,ohlcv,5,123,2025-07-02,1,0.528209,1
GOOG,2,ohlcv,5,123,2025-07-03,1,0.522387,1
GOOG,2,ohlcv,5,123,2025-07-07,0,0.526288,1
GOOG,2,ohlcv,5,123,2025-07-08,0,0.520127,1
GOOG,2,ohlcv,5,123,2025-07-09,1,0.522958,1
GOOG,2,ohlcv,5,123,2025-07-10,1,0.517431,1
GOOG,2,ohlcv,5,123,2025-07-11,1,0.523614,1
GOOG,2,ohlcv,5,123,2025-07-14,1,0.496872,0
GOOG,2,ohlcv,5,123,2025-07-15,1,0.511725,1
GOOG,2,ohlcv,5,123,2025-07-16,1,0.516840,1
GOOG,2,ohlcv,5,123,2025-07-17,1,0.525994,1
GOOG,2,ohlcv,5,123,2025-07-18,1,0.521265,1
GOOG,2,ohlcv,5,123,2025-07-21,1,0.531992,1
GOOG,2,ohlcv,5,123,2025-07-22,1,0.488819,0
GOOG,2,ohlcv,5,123,2025-07-23,0,0.519068,1
GOOG,2,ohlcv,5,123,2025-07-24,1,0.520411,1
GOOG,2,ohlcv,5,123,2025-07-25,1,0.524464,1
GOOG,2,ohlcv,5,123,2025-07-28,0,0.533701,1
GOOG,2,ohlcv,5,123,2025-07-29,1,0.533159,1
GOOG,2,ohlcv,5,123,2025-07-30,1,0.503210,1
GOOG,2,ohlcv,5,123,2025-07-31,0,0.516265,1
GOOG,2,ohlcv,5,123,2025-08-01,0,0.516579,1
GOOG,2,ohlcv,5,123,2025-08-04,1,0.518123,1
GOOG,2,ohlcv,5,123,2025-08-05,0,0.488124,0
GOOG,2,ohlcv,5,123,2025-08-06,1,0.511055,1
GOOG,2,ohlcv,5,123,2025-08-07,1,0.511239,1
GOOG,2,ohlcv,5,123,2025-08-08,1,0.528509,1
GOOG,2,ohlcv,5,2026,2025-03-18,0,0.524202,1
GOOG,2,ohlcv,5,2026,2025-03-19,1,0.513498,1
GOOG,2,ohlcv,5,2026,2025-03-20,0,0.521297,1
GOOG,2,ohlcv,5,2026,2025-03-21,1,0.527345,1
GOOG,2,ohlcv,5,2026,2025-03-24,1,0.508828,1
GOOG,2,ohlcv,5,2026,2025-03-25,1,0.516187,1
GOOG,2,ohlcv,5,2026,2025-03-26,0,0.506834,1
GOOG,2,ohlcv,5,2026,2025-03-27,0,0.509667,1
GOOG,2,ohlcv,5,2026,2025-03-28,0,0.518150,1
GOOG,2,ohlcv,5,2026,2025-03-31,1,0.518852,1
GOOG,2,ohlcv,5,2026,2025-04-01,1,0.519650,1
GOOG,2,ohlcv,5,2026,2025-04-02,0,0.526800,1
GOOG,2,ohlcv,5,2026,2025-04-03,0,0.521786,1
GOOG,2,ohlcv,5,2026,2025-04-04,0,0.514976,1
GOOG,2,ohlcv,5,2026,2025-04-07,1,0.519481,1
GOOG,2,ohlcv,5,2026,2025-04-08,0,0.518696,1
GOOG,2,ohlcv,5,2026,2025-04-09,1,0.528260,1
GOOG,2,ohlcv,5,2026,2025-04-10,0,0.503768,1
GOOG,2,ohlcv,5,2026,2025-04-11,1,0.511399,1
GOOG,2,ohlcv,5,2026,2025-04-14,1,0.510643,1
GOOG,2,ohlcv,5,2026,2025-04-15,0,0.523322,1
GOOG,2,ohlcv,5,2026,2025-04-16,0,0.522653,1
GOOG,2,ohlcv,5,2026,2025-04-17,0,0.526397,1
GOOG,2,ohlcv,5,2026,2025-04-21,0,0.518994,1
GOOG,2,ohlcv,5,2026,2025-04-22,1,0.519593,1
GOOG,2,ohlcv,5,2026,2025-04-23,1,0.520794,1
GOOG,2,ohlcv,5,2026,2025-04-24,1,0.521180,1
GOOG,2,ohlcv,5,2026,2025-04-25,1,0.504830,1
GOOG,2,ohlcv,5,2026,2025-04-28,0,0.508705,1
GOOG,2,ohlcv,5,2026,2025-04-29,0,0.522693,1
GOOG,2,ohlcv,5,2026,2025-04-30,0,0.519797,1
GOOG,2,ohlcv,5,2026,2025-05-01,1,0.513721,1
GOOG,2,ohlcv,5,2026,2025-05-02,1,0.516204,1
GOOG,2,ohlcv,5,2026,2025-05-05,1,0.520801,1
GOOG,2,ohlcv,5,2026,2025-05-06,0,0.524063,1
GOOG,2,ohlcv,5,2026,2025-05-07,0,0.524234,1
GOOG,2,ohlcv,5,2026,2025-05-08,1,0.510114,1
GOOG,2,ohlcv,5,2026,2025-05-09,0,0.524692,1
GOOG,2,ohlcv,5,2026,2025-05-12,1,0.532889,1
GOOG,2,ohlcv,5,2026,2025-05-13,1,0.520033,1
GOOG,2,ohlcv,5,2026,2025-05-14,1,0.521249,1
GOOG,2,ohlcv,5,2026,2025-05-15,0,0.510559,1
GOOG,2,ohlcv,5,2026,2025-05-16,1,0.518347,1
GOOG,2,ohlcv,5,2026,2025-05-19,1,0.515122,1
GOOG,2,ohlcv,5,2026,2025-05-20,0,0.517783,1
GOOG,2,ohlcv,5,2026,2025-05-21,1,0.519414,1
GOOG,2,ohlcv,5,2026,2025-05-22,1,0.519169,1
GOOG,2,ohlcv,5,2026,2025-05-23,0,0.520827,1
GOOG,2,ohlcv,5,2026,2025-05-27,1,0.526739,1
GOOG,2,ohlcv,5,2026,2025-05-28,0,0.513820,1
GOOG,2,ohlcv,5,2026,2025-05-29,0,0.519456,1
GOOG,2,ohlcv,5,2026,2025-05-30,0,0.526354,1
GOOG,2,ohlcv,5,2026,2025-06-02,0,0.512919,1
GOOG,2,ohlcv,5,2026,2025-06-03,0,0.518129,1
GOOG,2,ohlcv,5,2026,2025-06-04,1,0.519594,1
GOOG,2,ohlcv,5,2026,2025-06-05,1,0.518867,1
GOOG,2,ohlcv,5,2026,2025-06-06,1,0.515261,1
GOOG,2,ohlcv,5,2026,2025-06-09,1,0.509363,1
GOOG,2,ohlcv,5,2026,2025-06-10,1,0.505443,1
GOOG,2,ohlcv,5,2026,2025-06-11,0,0.509301,1
GOOG,2,ohlcv,5,2026,2025-06-12,0,0.525056,1
GOOG,2,ohlcv,5,2026,2025-06-13,0,0.522297,1
GOOG,2,ohlcv,5,2026,2025-06-16,1,0.520517,1
GOOG,2,ohlcv,5,2026,2025-06-17,0,0.511669,1
GOOG,2,ohlcv,5,2026,2025-06-18,0,0.518106,1
GOOG,2,ohlcv,5,2026,2025-06-20,0,0.510570,1
GOOG,2,ohlcv,5,2026,2025-06-23,0,0.512355,1
GOOG,2,ohlcv,5,2026,2025-06-24,1,0.519771,1
GOOG,2,ohlcv,5,2026,2025-06-25,1,0.532983,1
GOOG,2,ohlcv,5,2026,2025-06-26,1,0.533454,1
GOOG,2,ohlcv,5,2026,2025-06-27,1,0.517577,1
GOOG,2,ohlcv,5,2026,2025-06-30,0,0.505437,1
GOOG,2,ohlcv,5,2026,2025-07-01,0,0.514485,1
GOOG,2,ohlcv,5,2026,2025-07-02,1,0.518828,1
GOOG,2,ohlcv,5,2026,2025-07-03,1,0.515818,1
GOOG,2,ohlcv,5,2026,2025-07-07,0,0.515853,1
GOOG,2,ohlcv,5,2026,2025-07-08,0,0.510549,1
GOOG,2,ohlcv,5,2026,2025-07-09,1,0.511918,1
GOOG,2,ohlcv,5,2026,2025-07-10,1,0.516957,1
GOOG,2,ohlcv,5,2026,2025-07-11,1,0.524990,1
GOOG,2,ohlcv,5,2026,2025-07-14,1,0.517633,1
GOOG,2,ohlcv,5,2026,2025-07-15,1,0.522425,1
GOOG,2,ohlcv,5,2026,2025-07-16,1,0.519695,1
GOOG,2,ohlcv,5,2026,2025-07-17,1,0.523519,1
GOOG,2,ohlcv,5,2026,2025-07-18,1,0.516979,1
GOOG,2,ohlcv,5,2026,2025-07-21,1,0.519635,1
GOOG,2,ohlcv,5,2026,2025-07-22,1,0.502024,1
GOOG,2,ohlcv,5,2026,2025-07-23,0,0.509838,1
GOOG,2,ohlcv,5,2026,2025-07-24,1,0.510780,1
GOOG,2,ohlcv,5,2026,2025-07-25,1,0.511617,1
GOOG,2,ohlcv,5,2026,2025-07-28,0,0.529294,1
GOOG,2,ohlcv,5,2026,2025-07-29,1,0.527717,1
GOOG,2,ohlcv,5,2026,2025-07-30,1,0.509155,1
GOOG,2,ohlcv,5,2026,2025-07-31,0,0.517979,1
GOOG,2,ohlcv,5,2026,2025-08-01,0,0.512025,1
GOOG,2,ohlcv,5,2026,2025-08-04,1,0.522030,1
GOOG,2,ohlcv,5,2026,2025-08-05,0,0.505986,1
GOOG,2,ohlcv,5,2026,2025-08-06,1,0.523361,1
GOOG,2,ohlcv,5,2026,2025-08-07,1,0.517376,1
GOOG,2,ohlcv,5,2026,2025-08-08,1,0.517086,1
GOOG,2,ohlcv,20,42,2025-03-18,0,0.528227,1
GOOG,2,ohlcv,20,42,2025-03-19,1,0.525179,1
GOOG,2,ohlcv,20,42,2025-03-20,0,0.529188,1
GOOG,2,ohlcv,20,42,2025-03-21,1,0.520591,1
GOOG,2,ohlcv,20,42,2025-03-24,1,0.511071,1
GOOG,2,ohlcv,20,42,2025-03-25,1,0.529035,1
GOOG,2,ohlcv,20,42,2025-03-26,0,0.520376,1
GOOG,2,ohlcv,20,42,2025-03-27,0,0.507274,1
GOOG,2,ohlcv,20,42,2025-03-28,0,0.508113,1
GOOG,2,ohlcv,20,42,2025-03-31,1,0.504830,1
GOOG,2,ohlcv,20,42,2025-04-01,1,0.521031,1
GOOG,2,ohlcv,20,42,2025-04-02,0,0.521119,1
GOOG,2,ohlcv,20,42,2025-04-03,0,0.511108,1
GOOG,2,ohlcv,20,42,2025-04-04,0,0.495480,0
GOOG,2,ohlcv,20,42,2025-04-07,1,0.499264,0
GOOG,2,ohlcv,20,42,2025-04-08,0,0.505004,1
GOOG,2,ohlcv,20,42,2025-04-09,1,0.512325,1
GOOG,2,ohlcv,20,42,2025-04-10,0,0.509794,1
GOOG,2,ohlcv,20,42,2025-04-11,1,0.510939,1
GOOG,2,ohlcv,20,42,2025-04-14,1,0.510064,1
GOOG,2,ohlcv,20,42,2025-04-15,0,0.522240,1
GOOG,2,ohlcv,20,42,2025-04-16,0,0.521005,1
GOOG,2,ohlcv,20,42,2025-04-17,0,0.511412,1
GOOG,2,ohlcv,20,42,2025-04-21,0,0.522360,1
GOOG,2,ohlcv,20,42,2025-04-22,1,0.519676,1
GOOG,2,ohlcv,20,42,2025-04-23,1,0.529469,1
GOOG,2,ohlcv,20,42,2025-04-24,1,0.528673,1
GOOG,2,ohlcv,20,42,2025-04-25,1,0.517297,1
GOOG,2,ohlcv,20,42,2025-04-28,0,0.523710,1
GOOG,2,ohlcv,20,42,2025-04-29,0,0.529764,1
GOOG,2,ohlcv,20,42,2025-04-30,0,0.529152,1
GOOG,2,ohlcv,20,42,2025-05-01,1,0.525032,1
GOOG,2,ohlcv,20,42,2025-05-02,1,0.528773,1
GOOG,2,ohlcv,20,42,2025-05-05,1,0.531598,1
GOOG,2,ohlcv,20,42,2025-05-06,0,0.524000,1
GOOG,2,ohlcv,20,42,2025-05-07,0,0.515421,1
GOOG,2,ohlcv,20,42,2025-05-08,1,0.514298,1
GOOG,2,ohlcv,20,42,2025-05-09,0,0.530044,1
GOOG,2,ohlcv,20,42,2025-05-12,1,0.526948,1
GOOG,2,ohlcv,20,42,2025-05-13,1,0.531327,1
GOOG,2,ohlcv,20,42,2025-05-14,1,0.530755,1
GOOG,2,ohlcv,20,42,2025-05-15,0,0.517751,1
GOOG,2,ohlcv,20,42,2025-05-16,1,0.526706,1
GOOG,2,ohlcv,20,42,2025-05-19,1,0.523496,1
GOOG,2,ohlcv,20,42,2025-05-20,0,0.516186,1
GOOG,2,ohlcv,20,42,2025-05-21,1,0.517225,1
GOOG,2,ohlcv,20,42,2025-05-22,1,0.511848,1
GOOG,2,ohlcv,20,42,2025-05-23,0,0.514404,1
GOOG,2,ohlcv,20,42,2025-05-27,1,0.510401,1
GOOG,2,ohlcv,20,42,2025-05-28,0,0.510800,1
GOOG,2,ohlcv,20,42,2025-05-29,0,0.511043,1
GOOG,2,ohlcv,20,42,2025-05-30,0,0.520896,1
GOOG,2,ohlcv,20,42,2025-06-02,0,0.526094,1
GOOG,2,ohlcv,20,42,2025-06-03,0,0.515436,1
GOOG,2,ohlcv,20,42,2025-06-04,1,0.514277,1
GOOG,2,ohlcv,20,42,2025-06-05,1,0.520846,1
GOOG,2,ohlcv,20,42,2025-06-06,1,0.521754,1
GOOG,2,ohlcv,20,42,2025-06-09,1,0.516769,1
GOOG,2,ohlcv,20,42,2025-06-10,1,0.509666,1
GOOG,2,ohlcv,20,42,2025-06-11,0,0.511877,1
GOOG,2,ohlcv,20,42,2025-06-12,0,0.519448,1
GOOG,2,ohlcv,20,42,2025-06-13,0,0.514082,1
GOOG,2,ohlcv,20,42,2025-06-16,1,0.503141,1
GOOG,2,ohlcv,20,42,2025-06-17,0,0.504985,1
GOOG,2,ohlcv,20,42,2025-06-18,0,0.510021,1
GOOG,2,ohlcv,20,42,2025-06-20,0,0.511774,1
GOOG,2,ohlcv,20,42,2025-06-23,0,0.513038,1
GOOG,2,ohlcv,20,42,2025-06-24,1,0.521594,1
GOOG,2,ohlcv,20,42,2025-06-25,1,0.530663,1
GOOG,2,ohlcv,20,42,2025-06-26,1,0.525216,1
GOOG,2,ohlcv,20,42,2025-06-27,1,0.529860,1
GOOG,2,ohlcv,20,42,2025-06-30,0,0.516575,1
GOOG,2,ohlcv,20,42,2025-07-01,0,0.529304,1
GOOG,2,ohlcv,20,42,2025-07-02,1,0.528815,1
GOOG,2,ohlcv,20,42,2025-07-03,1,0.522530,1
GOOG,2,ohlcv,20,42,2025-07-07,0,0.523284,1
GOOG,2,ohlcv,20,42,2025-07-08,0,0.516943,1
GOOG,2,ohlcv,20,42,2025-07-09,1,0.519146,1
GOOG,2,ohlcv,20,42,2025-07-10,1,0.526949,1
GOOG,2,ohlcv,20,42,2025-07-11,1,0.528656,1
GOOG,2,ohlcv,20,42,2025-07-14,1,0.517625,1
GOOG,2,ohlcv,20,42,2025-07-15,1,0.522583,1
GOOG,2,ohlcv,20,42,2025-07-16,1,0.523953,1
GOOG,2,ohlcv,20,42,2025-07-17,1,0.526644,1
GOOG,2,ohlcv,20,42,2025-07-18,1,0.525984,1
GOOG,2,ohlcv,20,42,2025-07-21,1,0.529609,1
GOOG,2,ohlcv,20,42,2025-07-22,1,0.512448,1
GOOG,2,ohlcv,20,42,2025-07-23,0,0.526355,1
GOOG,2,ohlcv,20,42,2025-07-24,1,0.525406,1
GOOG,2,ohlcv,20,42,2025-07-25,1,0.526424,1
GOOG,2,ohlcv,20,42,2025-07-28,0,0.531869,1
GOOG,2,ohlcv,20,42,2025-07-29,1,0.531845,1
GOOG,2,ohlcv,20,42,2025-07-30,1,0.517777,1
GOOG,2,ohlcv,20,42,2025-07-31,0,0.517733,1
GOOG,2,ohlcv,20,42,2025-08-01,0,0.509780,1
GOOG,2,ohlcv,20,42,2025-08-04,1,0.508161,1
GOOG,2,ohlcv,20,42,2025-08-05,0,0.511364,1
GOOG,2,ohlcv,20,42,2025-08-06,1,0.515560,1
GOOG,2,ohlcv,20,42,2025-08-07,1,0.514467,1
GOOG,2,ohlcv,20,42,2025-08-08,1,0.526525,1
GOOG,2,ohlcv,20,123,2025-03-18,0,0.528614,1
GOOG,2,ohlcv,20,123,2025-03-19,1,0.518755,1
GOOG,2,ohlcv,20,123,2025-03-20,0,0.517986,1
GOOG,2,ohlcv,20,123,2025-03-21,1,0.515336,1
GOOG,2,ohlcv,20,123,2025-03-24,1,0.488132,0
GOOG,2,ohlcv,20,123,2025-03-25,1,0.522554,1
GOOG,2,ohlcv,20,123,2025-03-26,0,0.517814,1
GOOG,2,ohlcv,20,123,2025-03-27,0,0.516871,1
GOOG,2,ohlcv,20,123,2025-03-28,0,0.521047,1
GOOG,2,ohlcv,20,123,2025-03-31,1,0.517896,1
GOOG,2,ohlcv,20,123,2025-04-01,1,0.518854,1
GOOG,2,ohlcv,20,123,2025-04-02,0,0.519081,1
GOOG,2,ohlcv,20,123,2025-04-03,0,0.508022,1
GOOG,2,ohlcv,20,123,2025-04-04,0,0.494673,0
GOOG,2,ohlcv,20,123,2025-04-07,1,0.501788,1
GOOG,2,ohlcv,20,123,2025-04-08,0,0.496037,0
GOOG,2,ohlcv,20,123,2025-04-09,1,0.513460,1
GOOG,2,ohlcv,20,123,2025-04-10,0,0.480074,0
GOOG,2,ohlcv,20,123,2025-04-11,1,0.502347,1
GOOG,2,ohlcv,20,123,2025-04-14,1,0.502115,1
GOOG,2,ohlcv,20,123,2025-04-15,0,0.520679,1
GOOG,2,ohlcv,20,123,2025-04-16,0,0.530857,1
GOOG,2,ohlcv,20,123,2025-04-17,0,0.516041,1
GOOG,2,ohlcv,20,123,2025-04-21,0,0.520934,1
GOOG,2,ohlcv,20,123,2025-04-22,1,0.523087,1
GOOG,2,ohlcv,20,123,2025-04-23,1,0.525272,1
GOOG,2,ohlcv,20,123,2025-04-24,1,0.519736,1
GOOG,2,ohlcv,20,123,2025-04-25,1,0.489969,0
GOOG,2,ohlcv,20,123,2025-04-28,0,0.518157,1
GOOG,2,ohlcv,20,123,2025-04-29,0,0.530189,1
GOOG,2,ohlcv,20,123,2025-04-30,0,0.526648,1
GOOG,2,ohlcv,20,123,2025-05-01,1,0.516518,1
GOOG,2,ohlcv,20,123,2025-05-02,1,0.519466,1
GOOG,2,ohlcv,20,123,2025-05-05,1,0.524459,1
GOOG,2,ohlcv,20,123,2025-05-06,0,0.523108,1
GOOG,2,ohlcv,20,123,2025-05-07,0,0.517275,1
GOOG,2,ohlcv,20,123,2025-05-08,1,0.511429,1
GOOG,2,ohlcv,20,123,2025-05-09,0,0.522149,1
GOOG,2,ohlcv,20,123,2025-05-12,1,0.528632,1
GOOG,2,ohlcv,20,123,2025-05-13,1,0.525280,1
GOOG,2,ohlcv,20,123,2025-05-14,1,0.523964,1
GOOG,2,ohlcv,20,123,2025-05-15,0,0.493271,0
GOOG,2,ohlcv,20,123,2025-05-16,1,0.526311,1
GOOG,2,ohlcv,20,123,2025-05-19,1,0.521668,1
GOOG,2,ohlcv,20,123,2025-05-20,0,0.518245,1
GOOG,2,ohlcv,20,123,2025-05-21,1,0.519712,1
GOOG,2,ohlcv,20,123,2025-05-22,1,0.495647,0
GOOG,2,ohlcv,20,123,2025-05-23,0,0.505970,1
GOOG,2,ohlcv,20,123,2025-05-27,1,0.515700,1
GOOG,2,ohlcv,20,123,2025-05-28,0,0.501545,1
GOOG,2,ohlcv,20,123,2025-05-29,0,0.506751,1
GOOG,2,ohlcv,20,123,2025-05-30,0,0.527734,1
GOOG,2,ohlcv,20,123,2025-06-02,0,0.515411,1
GOOG,2,ohlcv,20,123,2025-06-03,0,0.517210,1
GOOG,2,ohlcv,20,123,2025-06-04,1,0.519302,1
GOOG,2,ohlcv,20,123,2025-06-05,1,0.524191,1
GOOG,2,ohlcv,20,123,2025-06-06,1,0.524379,1
GOOG,2,ohlcv,20,123,2025-06-09,1,0.508305,1
GOOG,2,ohlcv,20,123,2025-06-10,1,0.502301,1
GOOG,2,ohlcv,20,123,2025-06-11,0,0.485541,0
GOOG,2,ohlcv,20,123,2025-06-12,0,0.528831,1
GOOG,2,ohlcv,20,123,2025-06-13,0,0.526363,1
GOOG,2,ohlcv,20,123,2025-06-16,1,0.498538,0
GOOG,2,ohlcv,20,123,2025-06-17,0,0.493749,0
GOOG,2,ohlcv,20,123,2025-06-18,0,0.504459,1
GOOG,2,ohlcv,20,123,2025-06-20,0,0.510262,1
GOOG,2,ohlcv,20,123,2025-06-23,0,0.517249,1
GOOG,2,ohlcv,20,123,2025-06-24,1,0.522718,1
GOOG,2,ohlcv,20,123,2025-06-25,1,0.527924,1
GOOG,2,ohlcv,20,123,2025-06-26,1,0.522304,1
GOOG,2,ohlcv,20,123,2025-06-27,1,0.523640,1
GOOG,2,ohlcv,20,123,2025-06-30,0,0.490541,0
GOOG,2,ohlcv,20,123,2025-07-01,0,0.523059,1
GOOG,2,ohlcv,20,123,2025-07-02,1,0.527872,1
GOOG,2,ohlcv,20,123,2025-07-03,1,0.521739,1
GOOG,2,ohlcv,20,123,2025-07-07,0,0.525750,1
GOOG,2,ohlcv,20,123,2025-07-08,0,0.521033,1
GOOG,2,ohlcv,20,123,2025-07-09,1,0.524060,1
GOOG,2,ohlcv,20,123,2025-07-10,1,0.518129,1
GOOG,2,ohlcv,20,123,2025-07-11,1,0.523778,1
GOOG,2,ohlcv,20,123,2025-07-14,1,0.499196,0
GOOG,2,ohlcv,20,123,2025-07-15,1,0.513881,1
GOOG,2,ohlcv,20,123,2025-07-16,1,0.520960,1
GOOG,2,ohlcv,20,123,2025-07-17,1,0.528178,1
GOOG,2,ohlcv,20,123,2025-07-18,1,0.522805,1
GOOG,2,ohlcv,20,123,2025-07-21,1,0.531524,1
GOOG,2,ohlcv,20,123,2025-07-22,1,0.489423,0
GOOG,2,ohlcv,20,123,2025-07-23,0,0.518858,1
GOOG,2,ohlcv,20,123,2025-07-24,1,0.520898,1
GOOG,2,ohlcv,20,123,2025-07-25,1,0.524413,1
GOOG,2,ohlcv,20,123,2025-07-28,0,0.533233,1
GOOG,2,ohlcv,20,123,2025-07-29,1,0.533047,1
GOOG,2,ohlcv,20,123,2025-07-30,1,0.506006,1
GOOG,2,ohlcv,20,123,2025-07-31,0,0.518593,1
GOOG,2,ohlcv,20,123,2025-08-01,0,0.518971,1
GOOG,2,ohlcv,20,123,2025-08-04,1,0.519520,1
GOOG,2,ohlcv,20,123,2025-08-05,0,0.490995,0
GOOG,2,ohlcv,20,123,2025-08-06,1,0.512035,1
GOOG,2,ohlcv,20,123,2025-08-07,1,0.511704,1
GOOG,2,ohlcv,20,123,2025-08-08,1,0.529317,1
GOOG,2,ohlcv,20,2026,2025-03-18,0,0.526365,1
GOOG,2,ohlcv,20,2026,2025-03-19,1,0.516024,1
GOOG,2,ohlcv,20,2026,2025-03-20,0,0.524144,1
GOOG,2,ohlcv,20,2026,2025-03-21,1,0.530094,1
GOOG,2,ohlcv,20,2026,2025-03-24,1,0.511185,1
GOOG,2,ohlcv,20,2026,2025-03-25,1,0.519862,1
GOOG,2,ohlcv,20,2026,2025-03-26,0,0.511532,1
GOOG,2,ohlcv,20,2026,2025-03-27,0,0.512671,1
GOOG,2,ohlcv,20,2026,2025-03-28,0,0.520578,1
GOOG,2,ohlcv,20,2026,2025-03-31,1,0.520073,1
GOOG,2,ohlcv,20,2026,2025-04-01,1,0.521859,1
GOOG,2,ohlcv,20,2026,2025-04-02,0,0.528215,1
GOOG,2,ohlcv,20,2026,2025-04-03,0,0.523734,1
GOOG,2,ohlcv,20,2026,2025-04-04,0,0.517194,1
GOOG,2,ohlcv,20,2026,2025-04-07,1,0.521538,1
GOOG,2,ohlcv,20,2026,2025-04-08,0,0.519610,1
GOOG,2,ohlcv,20,2026,2025-04-09,1,0.528964,1
GOOG,2,ohlcv,20,2026,2025-04-10,0,0.503629,1
GOOG,2,ohlcv,20,2026,2025-04-11,1,0.512364,1
GOOG,2,ohlcv,20,2026,2025-04-14,1,0.511552,1
GOOG,2,ohlcv,20,2026,2025-04-15,0,0.522799,1
GOOG,2,ohlcv,20,2026,2025-04-16,0,0.525851,1
GOOG,2,ohlcv,20,2026,2025-04-17,0,0.525924,1
GOOG,2,ohlcv,20,2026,2025-04-21,0,0.520845,1
GOOG,2,ohlcv,20,2026,2025-04-22,1,0.521213,1
GOOG,2,ohlcv,20,2026,2025-04-23,1,0.523870,1
GOOG,2,ohlcv,20,2026,2025-04-24,1,0.524561,1
GOOG,2,ohlcv,20,2026,2025-04-25,1,0.506743,1
GOOG,2,ohlcv,20,2026,2025-04-28,0,0.511043,1
GOOG,2,ohlcv,20,2026,2025-04-29,0,0.526447,1
GOOG,2,ohlcv,20,2026,2025-04-30,0,0.522130,1
GOOG,2,ohlcv,20,2026,2025-05-01,1,0.516209,1
GOOG,2,ohlcv,20,2026,2025-05-02,1,0.518202,1
GOOG,2,ohlcv,20,2026,2025-05-05,1,0.523762,1
GOOG,2,ohlcv,20,2026,2025-05-06,0,0.527624,1
GOOG,2,ohlcv,20,2026,2025-05-07,0,0.526875,1
GOOG,2,ohlcv,20,2026,2025-05-08,1,0.511434,1
GOOG,2,ohlcv,20,2026,2025-05-09,0,0.525348,1
GOOG,2,ohlcv,20,2026,2025-05-12,1,0.533611,1
GOOG,2,ohlcv,20,2026,2025-05-13,1,0.521947,1
GOOG,2,ohlcv,20,2026,2025-05-14,1,0.523451,1
GOOG,2,ohlcv,20,2026,2025-05-15,0,0.512611,1
GOOG,2,ohlcv,20,2026,2025-05-16,1,0.522397,1
GOOG,2,ohlcv,20,2026,2025-05-19,1,0.518006,1
GOOG,2,ohlcv,20,2026,2025-05-20,0,0.519744,1
GOOG,2,ohlcv,20,2026,2025-05-21,1,0.521742,1
GOOG,2,ohlcv,20,2026,2025-05-22,1,0.518557,1
GOOG,2,ohlcv,20,2026,2025-05-23,0,0.520497,1
GOOG,2,ohlcv,20,2026,2025-05-27,1,0.526835,1
GOOG,2,ohlcv,20,2026,2025-05-28,0,0.513607,1
GOOG,2,ohlcv,20,2026,2025-05-29,0,0.520281,1
GOOG,2,ohlcv,20,2026,2025-05-30,0,0.526767,1
GOOG,2,ohlcv,20,2026,2025-06-02,0,0.515290,1
GOOG,2,ohlcv,20,2026,2025-06-03,0,0.520638,1
GOOG,2,ohlcv,20,2026,2025-06-04,1,0.521405,1
GOOG,2,ohlcv,20,2026,2025-06-05,1,0.520998,1
GOOG,2,ohlcv,20,2026,2025-06-06,1,0.518717,1
GOOG,2,ohlcv,20,2026,2025-06-09,1,0.511590,1
GOOG,2,ohlcv,20,2026,2025-06-10,1,0.506191,1
GOOG,2,ohlcv,20,2026,2025-06-11,0,0.510684,1
GOOG,2,ohlcv,20,2026,2025-06-12,0,0.526675,1
GOOG,2,ohlcv,20,2026,2025-06-13,0,0.524988,1
GOOG,2,ohlcv,20,2026,2025-06-16,1,0.521588,1
GOOG,2,ohlcv,20,2026,2025-06-17,0,0.512285,1
GOOG,2,ohlcv,20,2026,2025-06-18,0,0.519238,1
GOOG,2,ohlcv,20,2026,2025-06-20,0,0.513202,1
GOOG,2,ohlcv,20,2026,2025-06-23,0,0.514625,1
GOOG,2,ohlcv,20,2026,2025-06-24,1,0.521922,1
GOOG,2,ohlcv,20,2026,2025-06-25,1,0.534767,1
GOOG,2,ohlcv,20,2026,2025-06-26,1,0.533996,1
GOOG,2,ohlcv,20,2026,2025-06-27,1,0.520647,1
GOOG,2,ohlcv,20,2026,2025-06-30,0,0.507963,1
GOOG,2,ohlcv,20,2026,2025-07-01,0,0.518670,1
GOOG,2,ohlcv,20,2026,2025-07-02,1,0.522112,1
GOOG,2,ohlcv,20,2026,2025-07-03,1,0.517940,1
GOOG,2,ohlcv,20,2026,2025-07-07,0,0.518074,1
GOOG,2,ohlcv,20,2026,2025-07-08,0,0.512798,1
GOOG,2,ohlcv,20,2026,2025-07-09,1,0.515148,1
GOOG,2,ohlcv,20,2026,2025-07-10,1,0.520305,1
GOOG,2,ohlcv,20,2026,2025-07-11,1,0.527269,1
GOOG,2,ohlcv,20,2026,2025-07-14,1,0.519177,1
GOOG,2,ohlcv,20,2026,2025-07-15,1,0.525140,1
GOOG,2,ohlcv,20,2026,2025-07-16,1,0.523656,1
GOOG,2,ohlcv,20,2026,2025-07-17,1,0.526932,1
GOOG,2,ohlcv,20,2026,2025-07-18,1,0.520092,1
GOOG,2,ohlcv,20,2026,2025-07-21,1,0.521598,1
GOOG,2,ohlcv,20,2026,2025-07-22,1,0.503032,1
GOOG,2,ohlcv,20,2026,2025-07-23,0,0.512034,1
GOOG,2,ohlcv,20,2026,2025-07-24,1,0.513549,1
GOOG,2,ohlcv,20,2026,2025-07-25,1,0.513616,1
GOOG,2,ohlcv,20,2026,2025-07-28,0,0.531164,1
GOOG,2,ohlcv,20,2026,2025-07-29,1,0.529004,1
GOOG,2,ohlcv,20,2026,2025-07-30,1,0.512146,1
GOOG,2,ohlcv,20,2026,2025-07-31,0,0.521341,1
GOOG,2,ohlcv,20,2026,2025-08-01,0,0.515896,1
GOOG,2,ohlcv,20,2026,2025-08-04,1,0.524765,1
GOOG,2,ohlcv,20,2026,2025-08-05,0,0.509260,1
GOOG,2,ohlcv,20,2026,2025-08-06,1,0.524042,1
GOOG,2,ohlcv,20,2026,2025-08-07,1,0.518484,1
GOOG,2,ohlcv,20,2026,2025-08-08,1,0.521105,1
GOOG,3,close-return,5,42,2025-08-11,0,0.498262,0
GOOG,3,close-return,5,42,2025-08-12,1,0.516874,1
GOOG,3,close-return,5,42,2025-08-13,0,0.520152,1
GOOG,3,close-return,5,42,2025-08-14,1,0.513984,1
GOOG,3,close-return,5,42,2025-08-15,1,0.550977,1
GOOG,3,close-return,5,42,2025-08-18,0,0.570283,1
GOOG,3,close-return,5,42,2025-08-19,0,0.552333,1
GOOG,3,close-return,5,42,2025-08-20,0,0.543092,1
GOOG,3,close-return,5,42,2025-08-21,1,0.541326,1
GOOG,3,close-return,5,42,2025-08-22,1,0.599122,1
GOOG,3,close-return,5,42,2025-08-25,1,0.532574,1
GOOG,3,close-return,5,42,2025-08-26,0,0.509928,1
GOOG,3,close-return,5,42,2025-08-27,1,0.499644,0
GOOG,3,close-return,5,42,2025-08-28,1,0.522012,1
GOOG,3,close-return,5,42,2025-08-29,1,0.519707,1
GOOG,3,close-return,5,42,2025-09-02,0,0.530648,1
GOOG,3,close-return,5,42,2025-09-03,1,0.518549,1
GOOG,3,close-return,5,42,2025-09-04,1,0.449096,0
GOOG,3,close-return,5,42,2025-09-05,1,0.444913,0
GOOG,3,close-return,5,42,2025-09-08,0,0.454122,0
GOOG,3,close-return,5,42,2025-09-09,1,0.457702,0
GOOG,3,close-return,5,42,2025-09-10,0,0.472480,0
GOOG,3,close-return,5,42,2025-09-11,1,0.516648,1
GOOG,3,close-return,5,42,2025-09-12,1,0.533793,1
GOOG,3,close-return,5,42,2025-09-15,1,0.544921,1
GOOG,3,close-return,5,42,2025-09-16,0,0.471990,0
GOOG,3,close-return,5,42,2025-09-17,0,0.485826,0
GOOG,3,close-return,5,42,2025-09-18,1,0.481850,0
GOOG,3,close-return,5,42,2025-09-19,1,0.536219,1
GOOG,3,close-return,5,42,2025-09-22,0,0.529251,1
GOOG,3,close-return,5,42,2025-09-23,0,0.528201,1
GOOG,3,close-return,5,42,2025-09-24,0,0.554622,1
GOOG,3,close-return,5,42,2025-09-25,0,0.513572,1
GOOG,3,close-return,5,42,2025-09-26,1,0.574470,1
GOOG,3,close-return,5,42,2025-09-29,0,0.608947,1
GOOG,3,close-return,5,42,2025-09-30,0,0.564103,1
GOOG,3,close-return,5,42,2025-10-01,1,0.587130,1
GOOG,3,close-return,5,42,2025-10-02,1,0.600766,1
GOOG,3,close-return,5,42,2025-10-03,1,0.583065,1
GOOG,3,close-return,5,42,2025-10-06,1,0.570729,1
GOOG,3,close-return,5,42,2025-10-07,0,0.530090,1
GOOG,3,close-return,5,42,2025-10-08,0,0.487783,0
GOOG,3,close-return,5,42,2025-10-09,0,0.535027,1
GOOG,3,close-return,5,42,2025-10-10,0,0.538304,1
GOOG,3,close-return,5,42,2025-10-13,1,0.534081,1
GOOG,3,close-return,5,42,2025-10-14,1,0.581764,1
GOOG,3,close-return,5,42,2025-10-15,1,0.564086,1
GOOG,3,close-return,5,42,2025-10-16,1,0.503003,1
GOOG,3,close-return,5,42,2025-10-17,1,0.500394,1
GOOG,3,close-return,5,42,2025-10-20,1,0.502621,1
GOOG,3,close-return,5,42,2025-10-21,0,0.516321,1
GOOG,3,close-return,5,42,2025-10-22,1,0.470505,0
GOOG,3,close-return,5,42,2025-10-23,1,0.579948,1
GOOG,3,close-return,5,42,2025-10-24,1,0.588348,1
GOOG,3,close-return,5,42,2025-10-27,1,0.518932,1
GOOG,3,close-return,5,42,2025-10-28,0,0.468635,0
GOOG,3,close-return,5,42,2025-10-29,1,0.467758,0
GOOG,3,close-return,5,42,2025-10-30,1,0.467244,0
GOOG,3,close-return,5,42,2025-10-31,0,0.458882,0
GOOG,3,close-return,5,42,2025-11-03,1,0.474793,0
GOOG,3,close-return,5,42,2025-11-04,0,0.504689,1
GOOG,3,close-return,5,42,2025-11-05,1,0.463789,0
GOOG,3,close-return,5,42,2025-11-06,1,0.557012,1
GOOG,3,close-return,5,42,2025-11-07,0,0.560161,1
GOOG,3,close-return,5,42,2025-11-10,1,0.494769,0
GOOG,3,close-return,5,42,2025-11-11,1,0.516202,1
GOOG,3,close-return,5,42,2025-11-12,0,0.506708,1
GOOG,3,close-return,5,42,2025-11-13,0,0.487423,0
GOOG,3,close-return,5,42,2025-11-14,0,0.480526,0
GOOG,3,close-return,5,42,2025-11-17,1,0.554751,1
GOOG,3,close-return,5,42,2025-11-18,0,0.570776,1
GOOG,3,close-return,5,42,2025-11-19,1,0.577980,1
GOOG,3,close-return,5,42,2025-11-20,0,0.502119,1
GOOG,3,close-return,5,42,2025-11-21,1,0.481575,0
GOOG,3,close-return,5,42,2025-11-24,1,0.475799,0
GOOG,3,close-return,5,42,2025-11-25,1,0.447476,0
GOOG,3,close-return,5,42,2025-11-26,0,0.443681,0
GOOG,3,close-return,5,42,2025-11-28,0,0.446422,0
GOOG,3,close-return,5,42,2025-12-01,0,0.463045,0
GOOG,3,close-return,5,42,2025-12-02,1,0.481331,0
GOOG,3,close-return,5,42,2025-12-03,1,0.594874,1
GOOG,3,close-return,5,42,2025-12-04,0,0.586020,1
GOOG,3,close-return,5,42,2025-12-05,1,0.555052,1
GOOG,3,close-return,5,42,2025-12-08,0,0.570223,1
GOOG,3,close-return,5,42,2025-12-09,1,0.484381,0
GOOG,3,close-return,5,42,2025-12-10,1,0.596330,1
GOOG,3,close-return,5,42,2025-12-11,0,0.581748,1
GOOG,3,close-return,5,42,2025-12-12,0,0.497219,0
GOOG,3,close-return,5,42,2025-12-15,0,0.548527,1
GOOG,3,close-return,5,42,2025-12-16,0,0.580729,1
GOOG,3,close-return,5,42,2025-12-17,0,0.589625,1
GOOG,3,close-return,5,42,2025-12-18,1,0.513968,1
GOOG,3,close-return,5,42,2025-12-19,1,0.615896,1
GOOG,3,close-return,5,42,2025-12-22,1,0.567548,1
GOOG,3,close-return,5,42,2025-12-23,1,0.542941,1
GOOG,3,close-return,5,42,2025-12-24,0,0.512809,1
GOOG,3,close-return,5,42,2025-12-26,0,0.498765,0
GOOG,3,close-return,5,42,2025-12-29,0,0.519850,1
GOOG,3,close-return,5,42,2025-12-30,1,0.549395,1
GOOG,3,close-return,5,42,2025-12-31,0,0.572465,1
GOOG,3,close-return,5,123,2025-08-11,0,0.514664,1
GOOG,3,close-return,5,123,2025-08-12,1,0.498273,0
GOOG,3,close-return,5,123,2025-08-13,0,0.516521,1
GOOG,3,close-return,5,123,2025-08-14,1,0.493860,0
GOOG,3,close-return,5,123,2025-08-15,1,0.549437,1
GOOG,3,close-return,5,123,2025-08-18,0,0.566491,1
GOOG,3,close-return,5,123,2025-08-19,0,0.557136,1
GOOG,3,close-return,5,123,2025-08-20,0,0.555100,1
GOOG,3,close-return,5,123,2025-08-21,1,0.565997,1
GOOG,3,close-return,5,123,2025-08-22,1,0.648736,1
GOOG,3,close-return,5,123,2025-08-25,1,0.537457,1
GOOG,3,close-return,5,123,2025-08-26,0,0.509171,1
GOOG,3,close-return,5,123,2025-08-27,1,0.469165,0
GOOG,3,close-return,5,123,2025-08-28,1,0.505494,1
GOOG,3,close-return,5,123,2025-08-29,1,0.526625,1
GOOG,3,close-return,5,123,2025-09-02,0,0.521065,1
GOOG,3,close-return,5,123,2025-09-03,1,0.490058,0
GOOG,3,close-return,5,123,2025-09-04,1,0.487566,0
GOOG,3,close-return,5,123,2025-09-05,1,0.472576,0
GOOG,3,close-return,5,123,2025-09-08,0,0.471850,0
GOOG,3,close-return,5,123,2025-09-09,1,0.441210,0
GOOG,3,close-return,5,123,2025-09-10,0,0.502396,1
GOOG,3,close-return,5,123,2025-09-11,1,0.501227,1
GOOG,3,close-return,5,123,2025-09-12,1,0.522137,1
GOOG,3,close-return,5,123,2025-09-15,1,0.536716,1
GOOG,3,close-return,5,123,2025-09-16,0,0.502540,1
GOOG,3,close-return,5,123,2025-09-17,0,0.479517,0
GOOG,3,close-return,5,123,2025-09-18,1,0.444513,0
GOOG,3,close-return,5,123,2025-09-19,1,0.528157,1
GOOG,3,close-return,5,123,2025-09-22,0,0.531029,1
GOOG,3,close-return,5,123,2025-09-23,0,0.505619,1
GOOG,3,close-return,5,123,2025-09-24,0,0.562210,1
GOOG,3,close-return,5,123,2025-09-25,0,0.501944,1
GOOG,3,close-return,5,123,2025-09-26,1,0.633878,1
GOOG,3,close-return,5,123,2025-09-29,0,0.655264,1
GOOG,3,close-return,5,123,2025-09-30,0,0.613772,1
GOOG,3,close-return,5,123,2025-10-01,1,0.645388,1
GOOG,3,close-return,5,123,2025-10-02,1,0.612503,1
GOOG,3,close-return,5,123,2025-10-03,1,0.582534,1
GOOG,3,close-return,5,123,2025-10-06,1,0.571263,1
GOOG,3,close-return,5,123,2025-10-07,0,0.530230,1
GOOG,3,close-return,5,123,2025-10-08,0,0.428923,0
GOOG,3,close-return,5,123,2025-10-09,0,0.528179,1
GOOG,3,close-return,5,123,2025-10-10,0,0.560812,1
GOOG,3,close-return,5,123,2025-10-13,1,0.561181,1
GOOG,3,close-return,5,123,2025-10-14,1,0.581825,1
GOOG,3,close-return,5,123,2025-10-15,1,0.542719,1
GOOG,3,close-return,5,123,2025-10-16,1,0.511145,1
GOOG,3,close-return,5,123,2025-10-17,1,0.490891,0
GOOG,3,close-return,5,123,2025-10-20,1,0.502424,1
GOOG,3,close-return,5,123,2025-10-21,0,0.517799,1
GOOG,3,close-return,5,123,2025-10-22,1,0.403646,0
GOOG,3,close-return,5,123,2025-10-23,1,0.596021,1
GOOG,3,close-return,5,123,2025-10-24,1,0.600238,1
GOOG,3,close-return,5,123,2025-10-27,1,0.527154,1
GOOG,3,close-return,5,123,2025-10-28,0,0.497961,0
GOOG,3,close-return,5,123,2025-10-29,1,0.458860,0
GOOG,3,close-return,5,123,2025-10-30,1,0.493414,0
GOOG,3,close-return,5,123,2025-10-31,0,0.493552,0
GOOG,3,close-return,5,123,2025-11-03,1,0.476041,0
GOOG,3,close-return,5,123,2025-11-04,0,0.499883,0
GOOG,3,close-return,5,123,2025-11-05,1,0.401392,0
GOOG,3,close-return,5,123,2025-11-06,1,0.550835,1
GOOG,3,close-return,5,123,2025-11-07,0,0.545378,1
GOOG,3,close-return,5,123,2025-11-10,1,0.440274,0
GOOG,3,close-return,5,123,2025-11-11,1,0.522660,1
GOOG,3,close-return,5,123,2025-11-12,0,0.502041,1
GOOG,3,close-return,5,123,2025-11-13,0,0.425775,0
GOOG,3,close-return,5,123,2025-11-14,0,0.423582,0
GOOG,3,close-return,5,123,2025-11-17,1,0.584969,1
GOOG,3,close-return,5,123,2025-11-18,0,0.572868,1
GOOG,3,close-return,5,123,2025-11-19,1,0.550601,1
GOOG,3,close-return,5,123,2025-11-20,0,0.511597,1
GOOG,3,close-return,5,123,2025-11-21,1,0.446852,0
GOOG,3,close-return,5,123,2025-11-24,1,0.502051,1
GOOG,3,close-return,5,123,2025-11-25,1,0.489011,0
GOOG,3,close-return,5,123,2025-11-26,0,0.480545,0
GOOG,3,close-return,5,123,2025-11-28,0,0.425187,0
GOOG,3,close-return,5,123,2025-12-01,0,0.439967,0
GOOG,3,close-return,5,123,2025-12-02,1,0.445114,0
GOOG,3,close-return,5,123,2025-12-03,1,0.642111,1
GOOG,3,close-return,5,123,2025-12-04,0,0.580872,1
GOOG,3,close-return,5,123,2025-12-05,1,0.551917,1
GOOG,3,close-return,5,123,2025-12-08,0,0.557891,1
GOOG,3,close-return,5,123,2025-12-09,1,0.422976,0
GOOG,3,close-return,5,123,2025-12-10,1,0.611970,1
GOOG,3,close-return,5,123,2025-12-11,0,0.575284,1
GOOG,3,close-return,5,123,2025-12-12,0,0.443436,0
GOOG,3,close-return,5,123,2025-12-15,0,0.569173,1
GOOG,3,close-return,5,123,2025-12-16,0,0.640194,1
GOOG,3,close-return,5,123,2025-12-17,0,0.656626,1
GOOG,3,close-return,5,123,2025-12-18,1,0.500065,1
GOOG,3,close-return,5,123,2025-12-19,1,0.638414,1
GOOG,3,close-return,5,123,2025-12-22,1,0.558721,1
GOOG,3,close-return,5,123,2025-12-23,1,0.527871,1
GOOG,3,close-return,5,123,2025-12-24,0,0.512381,1
GOOG,3,close-return,5,123,2025-12-26,0,0.490525,0
GOOG,3,close-return,5,123,2025-12-29,0,0.505470,1
GOOG,3,close-return,5,123,2025-12-30,1,0.556016,1
GOOG,3,close-return,5,123,2025-12-31,0,0.593073,1
GOOG,3,close-return,5,2026,2025-08-11,0,0.502652,1
GOOG,3,close-return,5,2026,2025-08-12,1,0.500156,1
GOOG,3,close-return,5,2026,2025-08-13,0,0.508298,1
GOOG,3,close-return,5,2026,2025-08-14,1,0.497781,0
GOOG,3,close-return,5,2026,2025-08-15,1,0.557904,1
GOOG,3,close-return,5,2026,2025-08-18,0,0.583284,1
GOOG,3,close-return,5,2026,2025-08-19,0,0.569238,1
GOOG,3,close-return,5,2026,2025-08-20,0,0.556127,1
GOOG,3,close-return,5,2026,2025-08-21,1,0.567847,1
GOOG,3,close-return,5,2026,2025-08-22,1,0.684692,1
GOOG,3,close-return,5,2026,2025-08-25,1,0.547458,1
GOOG,3,close-return,5,2026,2025-08-26,0,0.495567,0
GOOG,3,close-return,5,2026,2025-08-27,1,0.481280,0
GOOG,3,close-return,5,2026,2025-08-28,1,0.499599,0
GOOG,3,close-return,5,2026,2025-08-29,1,0.527807,1
GOOG,3,close-return,5,2026,2025-09-02,0,0.516964,1
GOOG,3,close-return,5,2026,2025-09-03,1,0.492805,0
GOOG,3,close-return,5,2026,2025-09-04,1,0.459665,0
GOOG,3,close-return,5,2026,2025-09-05,1,0.468721,0
GOOG,3,close-return,5,2026,2025-09-08,0,0.477519,0
GOOG,3,close-return,5,2026,2025-09-09,1,0.465819,0
GOOG,3,close-return,5,2026,2025-09-10,0,0.494891,0
GOOG,3,close-return,5,2026,2025-09-11,1,0.504748,1
GOOG,3,close-return,5,2026,2025-09-12,1,0.520922,1
GOOG,3,close-return,5,2026,2025-09-15,1,0.537573,1
GOOG,3,close-return,5,2026,2025-09-16,0,0.482779,0
GOOG,3,close-return,5,2026,2025-09-17,0,0.482666,0
GOOG,3,close-return,5,2026,2025-09-18,1,0.463357,0
GOOG,3,close-return,5,2026,2025-09-19,1,0.529982,1
GOOG,3,close-return,5,2026,2025-09-22,0,0.539984,1
GOOG,3,close-return,5,2026,2025-09-23,0,0.510731,1
GOOG,3,close-return,5,2026,2025-09-24,0,0.561253,1
GOOG,3,close-return,5,2026,2025-09-25,0,0.501329,1
GOOG,3,close-return,5,2026,2025-09-26,1,0.651457,1
GOOG,3,close-return,5,2026,2025-09-29,0,0.685467,1
GOOG,3,close-return,5,2026,2025-09-30,0,0.642946,1
GOOG,3,close-return,5,2026,2025-10-01,1,0.670732,1
GOOG,3,close-return,5,2026,2025-10-02,1,0.649613,1
GOOG,3,close-return,5,2026,2025-10-03,1,0.605247,1
GOOG,3,close-return,5,2026,2025-10-06,1,0.577900,1
GOOG,3,close-return,5,2026,2025-10-07,0,0.525762,1
GOOG,3,close-return,5,2026,2025-10-08,0,0.447225,0
GOOG,3,close-return,5,2026,2025-10-09,0,0.519662,1
GOOG,3,close-return,5,2026,2025-10-10,0,0.566944,1
GOOG,3,close-return,5,2026,2025-10-13,1,0.577153,1
GOOG,3,close-return,5,2026,2025-10-14,1,0.612459,1
GOOG,3,close-return,5,2026,2025-10-15,1,0.555842,1
GOOG,3,close-return,5,2026,2025-10-16,1,0.495920,0
GOOG,3,close-return,5,2026,2025-10-17,1,0.491246,0
GOOG,3,close-return,5,2026,2025-10-20,1,0.500795,1
GOOG,3,close-return,5,2026,2025-10-21,0,0.508419,1
GOOG,3,close-return,5,2026,2025-10-22,1,0.420304,0
GOOG,3,close-return,5,2026,2025-10-23,1,0.615249,1
GOOG,3,close-return,5,2026,2025-10-24,1,0.649856,1
GOOG,3,close-return,5,2026,2025-10-27,1,0.528974,1
GOOG,3,close-return,5,2026,2025-10-28,0,0.475091,0
GOOG,3,close-return,5,2026,2025-10-29,1,0.473638,0
GOOG,3,close-return,5,2026,2025-10-30,1,0.480292,0
GOOG,3,close-return,5,2026,2025-10-31,0,0.474056,0
GOOG,3,close-return,5,2026,2025-11-03,1,0.484393,0
GOOG,3,close-return,5,2026,2025-11-04,0,0.496358,0
GOOG,3,close-return,5,2026,2025-11-05,1,0.416753,0
GOOG,3,close-return,5,2026,2025-11-06,1,0.592895,1
GOOG,3,close-return,5,2026,2025-11-07,0,0.569098,1
GOOG,3,close-return,5,2026,2025-11-10,1,0.451641,0
GOOG,3,close-return,5,2026,2025-11-11,1,0.531210,1
GOOG,3,close-return,5,2026,2025-11-12,0,0.505610,1
GOOG,3,close-return,5,2026,2025-11-13,0,0.447849,0
GOOG,3,close-return,5,2026,2025-11-14,0,0.422009,0
GOOG,3,close-return,5,2026,2025-11-17,1,0.576954,1
GOOG,3,close-return,5,2026,2025-11-18,0,0.605276,1
GOOG,3,close-return,5,2026,2025-11-19,1,0.561932,1
GOOG,3,close-return,5,2026,2025-11-20,0,0.496808,0
GOOG,3,close-return,5,2026,2025-11-21,1,0.469170,0
GOOG,3,close-return,5,2026,2025-11-24,1,0.482646,0
GOOG,3,close-return,5,2026,2025-11-25,1,0.460861,0
GOOG,3,close-return,5,2026,2025-11-26,0,0.467083,0
GOOG,3,close-return,5,2026,2025-11-28,0,0.456702,0
GOOG,3,close-return,5,2026,2025-12-01,0,0.453757,0
GOOG,3,close-return,5,2026,2025-12-02,1,0.446163,0
GOOG,3,close-return,5,2026,2025-12-03,1,0.679587,1
GOOG,3,close-return,5,2026,2025-12-04,0,0.604972,1
GOOG,3,close-return,5,2026,2025-12-05,1,0.566831,1
GOOG,3,close-return,5,2026,2025-12-08,0,0.566866,1
GOOG,3,close-return,5,2026,2025-12-09,1,0.430901,0
GOOG,3,close-return,5,2026,2025-12-10,1,0.664459,1
GOOG,3,close-return,5,2026,2025-12-11,0,0.608580,1
GOOG,3,close-return,5,2026,2025-12-12,0,0.458962,0
GOOG,3,close-return,5,2026,2025-12-15,0,0.570153,1
GOOG,3,close-return,5,2026,2025-12-16,0,0.660589,1
GOOG,3,close-return,5,2026,2025-12-17,0,0.687067,1
GOOG,3,close-return,5,2026,2025-12-18,1,0.508026,1
GOOG,3,close-return,5,2026,2025-12-19,1,0.680252,1
GOOG,3,close-return,5,2026,2025-12-22,1,0.584595,1
GOOG,3,close-return,5,2026,2025-12-23,1,0.524306,1
GOOG,3,close-return,5,2026,2025-12-24,0,0.496716,0
GOOG,3,close-return,5,2026,2025-12-26,0,0.494010,0
GOOG,3,close-return,5,2026,2025-12-29,0,0.501951,1
GOOG,3,close-return,5,2026,2025-12-30,1,0.556954,1
GOOG,3,close-return,5,2026,2025-12-31,0,0.620538,1
GOOG,3,close-return,20,42,2025-08-11,0,0.505956,1
GOOG,3,close-return,20,42,2025-08-12,1,0.510241,1
GOOG,3,close-return,20,42,2025-08-13,0,0.515719,1
GOOG,3,close-return,20,42,2025-08-14,1,0.512854,1
GOOG,3,close-return,20,42,2025-08-15,1,0.549652,1
GOOG,3,close-return,20,42,2025-08-18,0,0.558340,1
GOOG,3,close-return,20,42,2025-08-19,0,0.548111,1
GOOG,3,close-return,20,42,2025-08-20,0,0.536906,1
GOOG,3,close-return,20,42,2025-08-21,1,0.540729,1
GOOG,3,close-return,20,42,2025-08-22,1,0.595023,1
GOOG,3,close-return,20,42,2025-08-25,1,0.534064,1
GOOG,3,close-return,20,42,2025-08-26,0,0.509410,1
GOOG,3,close-return,20,42,2025-08-27,1,0.507292,1
GOOG,3,close-return,20,42,2025-08-28,1,0.536146,1
GOOG,3,close-return,20,42,2025-08-29,1,0.522093,1
GOOG,3,close-return,20,42,2025-09-02,0,0.517826,1
GOOG,3,close-return,20,42,2025-09-03,1,0.510424,1
GOOG,3,close-return,20,42,2025-09-04,1,0.445502,0
GOOG,3,close-return,20,42,2025-09-05,1,0.434238,0
GOOG,3,close-return,20,42,2025-09-08,0,0.441421,0
GOOG,3,close-return,20,42,2025-09-09,1,0.455652,0
GOOG,3,close-return,20,42,2025-09-10,0,0.463466,0
GOOG,3,close-return,20,42,2025-09-11,1,0.479860,0
GOOG,3,close-return,20,42,2025-09-12,1,0.506731,1
GOOG,3,close-return,20,42,2025-09-15,1,0.525293,1
GOOG,3,close-return,20,42,2025-09-16,0,0.465014,0
GOOG,3,close-return,20,42,2025-09-17,0,0.469867,0
GOOG,3,close-return,20,42,2025-09-18,1,0.480668,0
GOOG,3,close-return,20,42,2025-09-19,1,0.529922,1
GOOG,3,close-return,20,42,2025-09-22,0,0.523122,1
GOOG,3,close-return,20,42,2025-09-23,0,0.509011,1
GOOG,3,close-return,20,42,2025-09-24,0,0.545657,1
GOOG,3,close-return,20,42,2025-09-25,0,0.514409,1
GOOG,3,close-return,20,42,2025-09-26,1,0.568626,1
GOOG,3,close-return,20,42,2025-09-29,0,0.602003,1
GOOG,3,close-return,20,42,2025-09-30,0,0.561453,1
GOOG,3,close-return,20,42,2025-10-01,1,0.584395,1
GOOG,3,close-return,20,42,2025-10-02,1,0.603634,1
GOOG,3,close-return,20,42,2025-10-03,1,0.588159,1
GOOG,3,close-return,20,42,2025-10-06,1,0.573974,1
GOOG,3,close-return,20,42,2025-10-07,0,0.537697,1
GOOG,3,close-return,20,42,2025-10-08,0,0.498689,0
GOOG,3,close-return,20,42,2025-10-09,0,0.538649,1
GOOG,3,close-return,20,42,2025-10-10,0,0.538451,1
GOOG,3,close-return,20,42,2025-10-13,1,0.533278,1
GOOG,3,close-return,20,42,2025-10-14,1,0.582928,1
GOOG,3,close-return,20,42,2025-10-15,1,0.569290,1
GOOG,3,close-return,20,42,2025-10-16,1,0.507758,1
GOOG,3,close-return,20,42,2025-10-17,1,0.509186,1
GOOG,3,close-return,20,42,2025-10-20,1,0.516859,1
GOOG,3,close-return,20,42,2025-10-21,0,0.508997,1
GOOG,3,close-return,20,42,2025-10-22,1,0.473471,0
GOOG,3,close-return,20,42,2025-10-23,1,0.569798,1
GOOG,3,close-return,20,42,2025-10-24,1,0.582891,1
GOOG,3,close-return,20,42,2025-10-27,1,0.515006,1
GOOG,3,close-return,20,42,2025-10-28,0,0.461491,0
GOOG,3,close-return,20,42,2025-10-29,1,0.466206,0
GOOG,3,close-return,20,42,2025-10-30,1,0.460123,0
GOOG,3,close-return,20,42,2025-10-31,0,0.449790,0
GOOG,3,close-return,20,42,2025-11-03,1,0.462507,0
GOOG,3,close-return,20,42,2025-11-04,0,0.480160,0
GOOG,3,close-return,20,42,2025-11-05,1,0.465004,0
GOOG,3,close-return,20,42,2025-11-06,1,0.542699,1
GOOG,3,close-return,20,42,2025-11-07,0,0.539325,1
GOOG,3,close-return,20,42,2025-11-10,1,0.491199,0
GOOG,3,close-return,20,42,2025-11-11,1,0.512065,1
GOOG,3,close-return,20,42,2025-11-12,0,0.510214,1
GOOG,3,close-return,20,42,2025-11-13,0,0.487024,0
GOOG,3,close-return,20,42,2025-11-14,0,0.483134,0
GOOG,3,close-return,20,42,2025-11-17,1,0.558610,1
GOOG,3,close-return,20,42,2025-11-18,0,0.570373,1
GOOG,3,close-return,20,42,2025-11-19,1,0.571706,1
GOOG,3,close-return,20,42,2025-11-20,0,0.505199,1
GOOG,3,close-return,20,42,2025-11-21,1,0.499763,0
GOOG,3,close-return,20,42,2025-11-24,1,0.480743,0
GOOG,3,close-return,20,42,2025-11-25,1,0.441836,0
GOOG,3,close-return,20,42,2025-11-26,0,0.432676,0
GOOG,3,close-return,20,42,2025-11-28,0,0.442607,0
GOOG,3,close-return,20,42,2025-12-01,0,0.466052,0
GOOG,3,close-return,20,42,2025-12-02,1,0.477603,0
GOOG,3,close-return,20,42,2025-12-03,1,0.566027,1
GOOG,3,close-return,20,42,2025-12-04,0,0.570923,1
GOOG,3,close-return,20,42,2025-12-05,1,0.545693,1
GOOG,3,close-return,20,42,2025-12-08,0,0.567700,1
GOOG,3,close-return,20,42,2025-12-09,1,0.493001,0
GOOG,3,close-return,20,42,2025-12-10,1,0.597350,1
GOOG,3,close-return,20,42,2025-12-11,0,0.579713,1
GOOG,3,close-return,20,42,2025-12-12,0,0.501325,1
GOOG,3,close-return,20,42,2025-12-15,0,0.545152,1
GOOG,3,close-return,20,42,2025-12-16,0,0.583256,1
GOOG,3,close-return,20,42,2025-12-17,0,0.585750,1
GOOG,3,close-return,20,42,2025-12-18,1,0.511412,1
GOOG,3,close-return,20,42,2025-12-19,1,0.615726,1
GOOG,3,close-return,20,42,2025-12-22,1,0.576613,1
GOOG,3,close-return,20,42,2025-12-23,1,0.551840,1
GOOG,3,close-return,20,42,2025-12-24,0,0.519119,1
GOOG,3,close-return,20,42,2025-12-26,0,0.519400,1
GOOG,3,close-return,20,42,2025-12-29,0,0.527236,1
GOOG,3,close-return,20,42,2025-12-30,1,0.546439,1
GOOG,3,close-return,20,42,2025-12-31,0,0.566775,1
GOOG,3,close-return,20,123,2025-08-11,0,0.516615,1
GOOG,3,close-return,20,123,2025-08-12,1,0.491499,0
GOOG,3,close-return,20,123,2025-08-13,0,0.514654,1
GOOG,3,close-return,20,123,2025-08-14,1,0.490871,0
GOOG,3,close-return,20,123,2025-08-15,1,0.554084,1
GOOG,3,close-return,20,123,2025-08-18,0,0.565919,1
GOOG,3,close-return,20,123,2025-08-19,0,0.562308,1
GOOG,3,close-return,20,123,2025-08-20,0,0.553056,1
GOOG,3,close-return,20,123,2025-08-21,1,0.570789,1
GOOG,3,close-return,20,123,2025-08-22,1,0.649806,1
GOOG,3,close-return,20,123,2025-08-25,1,0.538150,1
GOOG,3,close-return,20,123,2025-08-26,0,0.508013,1
GOOG,3,close-return,20,123,2025-08-27,1,0.467111,0
GOOG,3,close-return,20,123,2025-08-28,1,0.510563,1
GOOG,3,close-return,20,123,2025-08-29,1,0.527774,1
GOOG,3,close-return,20,123,2025-09-02,0,0.515769,1
GOOG,3,close-return,20,123,2025-09-03,1,0.483922,0
GOOG,3,close-return,20,123,2025-09-04,1,0.484167,0
GOOG,3,close-return,20,123,2025-09-05,1,0.465019,0
GOOG,3,close-return,20,123,2025-09-08,0,0.462672,0
GOOG,3,close-return,20,123,2025-09-09,1,0.431955,0
GOOG,3,close-return,20,123,2025-09-10,0,0.500843,1
GOOG,3,close-return,20,123,2025-09-11,1,0.486090,0
GOOG,3,close-return,20,123,2025-09-12,1,0.521689,1
GOOG,3,close-return,20,123,2025-09-15,1,0.541808,1
GOOG,3,close-return,20,123,2025-09-16,0,0.502115,1
GOOG,3,close-return,20,123,2025-09-17,0,0.473479,0
GOOG,3,close-return,20,123,2025-09-18,1,0.440254,0
GOOG,3,close-return,20,123,2025-09-19,1,0.531868,1
GOOG,3,close-return,20,123,2025-09-22,0,0.534223,1
GOOG,3,close-return,20,123,2025-09-23,0,0.493620,0
GOOG,3,close-return,20,123,2025-09-24,0,0.566470,1
GOOG,3,close-return,20,123,2025-09-25,0,0.511266,1
GOOG,3,close-return,20,123,2025-09-26,1,0.631541,1
GOOG,3,close-return,20,123,2025-09-29,0,0.653472,1
GOOG,3,close-return,20,123,2025-09-30,0,0.615269,1
GOOG,3,close-return,20,123,2025-10-01,1,0.643887,1
GOOG,3,close-return,20,123,2025-10-02,1,0.615607,1
GOOG,3,close-return,20,123,2025-10-03,1,0.584696,1
GOOG,3,close-return,20,123,2025-10-06,1,0.570449,1
GOOG,3,close-return,20,123,2025-10-07,0,0.531074,1
GOOG,3,close-return,20,123,2025-10-08,0,0.426745,0
GOOG,3,close-return,20,123,2025-10-09,0,0.523565,1
GOOG,3,close-return,20,123,2025-10-10,0,0.556712,1
GOOG,3,close-return,20,123,2025-10-13,1,0.558962,1
GOOG,3,close-return,20,123,2025-10-14,1,0.583333,1
GOOG,3,close-return,20,123,2025-10-15,1,0.547608,1
GOOG,3,close-return,20,123,2025-10-16,1,0.511038,1
GOOG,3,close-return,20,123,2025-10-17,1,0.488739,0
GOOG,3,close-return,20,123,2025-10-20,1,0.503208,1
GOOG,3,close-return,20,123,2025-10-21,0,0.512558,1
GOOG,3,close-return,20,123,2025-10-22,1,0.398104,0
GOOG,3,close-return,20,123,2025-10-23,1,0.589756,1
GOOG,3,close-return,20,123,2025-10-24,1,0.606668,1
GOOG,3,close-return,20,123,2025-10-27,1,0.528260,1
GOOG,3,close-return,20,123,2025-10-28,0,0.495410,0
GOOG,3,close-return,20,123,2025-10-29,1,0.454119,0
GOOG,3,close-return,20,123,2025-10-30,1,0.487614,0
GOOG,3,close-return,20,123,2025-10-31,0,0.487765,0
GOOG,3,close-return,20,123,2025-11-03,1,0.466069,0
GOOG,3,close-return,20,123,2025-11-04,0,0.490218,0
GOOG,3,close-return,20,123,2025-11-05,1,0.402062,0
GOOG,3,close-return,20,123,2025-11-06,1,0.555081,1
GOOG,3,close-return,20,123,2025-11-07,0,0.545373,1
GOOG,3,close-return,20,123,2025-11-10,1,0.444513,0
GOOG,3,close-return,20,123,2025-11-11,1,0.524791,1
GOOG,3,close-return,20,123,2025-11-12,0,0.505013,1
GOOG,3,close-return,20,123,2025-11-13,0,0.421504,0
GOOG,3,close-return,20,123,2025-11-14,0,0.423435,0
GOOG,3,close-return,20,123,2025-11-17,1,0.599987,1
GOOG,3,close-return,20,123,2025-11-18,0,0.574138,1
GOOG,3,close-return,20,123,2025-11-19,1,0.553802,1
GOOG,3,close-return,20,123,2025-11-20,0,0.512438,1
GOOG,3,close-return,20,123,2025-11-21,1,0.448869,0
GOOG,3,close-return,20,123,2025-11-24,1,0.500475,1
GOOG,3,close-return,20,123,2025-11-25,1,0.484848,0
GOOG,3,close-return,20,123,2025-11-26,0,0.472711,0
GOOG,3,close-return,20,123,2025-11-28,0,0.414484,0
GOOG,3,close-return,20,123,2025-12-01,0,0.433079,0
GOOG,3,close-return,20,123,2025-12-02,1,0.439649,0
GOOG,3,close-return,20,123,2025-12-03,1,0.617637,1
GOOG,3,close-return,20,123,2025-12-04,0,0.585816,1
GOOG,3,close-return,20,123,2025-12-05,1,0.565742,1
GOOG,3,close-return,20,123,2025-12-08,0,0.565654,1
GOOG,3,close-return,20,123,2025-12-09,1,0.431178,0
GOOG,3,close-return,20,123,2025-12-10,1,0.621243,1
GOOG,3,close-return,20,123,2025-12-11,0,0.577246,1
GOOG,3,close-return,20,123,2025-12-12,0,0.445602,0
GOOG,3,close-return,20,123,2025-12-15,0,0.563427,1
GOOG,3,close-return,20,123,2025-12-16,0,0.649253,1
GOOG,3,close-return,20,123,2025-12-17,0,0.653534,1
GOOG,3,close-return,20,123,2025-12-18,1,0.493759,0
GOOG,3,close-return,20,123,2025-12-19,1,0.640473,1
GOOG,3,close-return,20,123,2025-12-22,1,0.561816,1
GOOG,3,close-return,20,123,2025-12-23,1,0.528189,1
GOOG,3,close-return,20,123,2025-12-24,0,0.510086,1
GOOG,3,close-return,20,123,2025-12-26,0,0.493024,0
GOOG,3,close-return,20,123,2025-12-29,0,0.499679,0
GOOG,3,close-return,20,123,2025-12-30,1,0.548246,1
GOOG,3,close-return,20,123,2025-12-31,0,0.592319,1
GOOG,3,close-return,20,2026,2025-08-11,0,0.513669,1
GOOG,3,close-return,20,2026,2025-08-12,1,0.501620,1
GOOG,3,close-return,20,2026,2025-08-13,0,0.514421,1
GOOG,3,close-return,20,2026,2025-08-14,1,0.517443,1
GOOG,3,close-return,20,2026,2025-08-15,1,0.566291,1
GOOG,3,close-return,20,2026,2025-08-18,0,0.572814,1
GOOG,3,close-return,20,2026,2025-08-19,0,0.572723,1
GOOG,3,close-return,20,2026,2025-08-20,0,0.566995,1
GOOG,3,close-return,20,2026,2025-08-21,1,0.574968,1
GOOG,3,close-return,20,2026,2025-08-22,1,0.636427,1
GOOG,3,close-return,20,2026,2025-08-25,1,0.549134,1
GOOG,3,close-return,20,2026,2025-08-26,0,0.503484,1
GOOG,3,close-return,20,2026,2025-08-27,1,0.494201,0
GOOG,3,close-return,20,2026,2025-08-28,1,0.539380,1
GOOG,3,close-return,20,2026,2025-08-29,1,0.529414,1
GOOG,3,close-return,20,2026,2025-09-02,0,0.515012,1
GOOG,3,close-return,20,2026,2025-09-03,1,0.514864,1
GOOG,3,close-return,20,2026,2025-09-04,1,0.467786,0
GOOG,3,close-return,20,2026,2025-09-05,1,0.438657,0
GOOG,3,close-return,20,2026,2025-09-08,0,0.445932,0
GOOG,3,close-return,20,2026,2025-09-09,1,0.454320,0
GOOG,3,close-return,20,2026,2025-09-10,0,0.482430,0
GOOG,3,close-return,20,2026,2025-09-11,1,0.488728,0
GOOG,3,close-return,20,2026,2025-09-12,1,0.523367,1
GOOG,3,close-return,20,2026,2025-09-15,1,0.546000,1
GOOG,3,close-return,20,2026,2025-09-16,0,0.489898,0
GOOG,3,close-return,20,2026,2025-09-17,0,0.465451,0
GOOG,3,close-return,20,2026,2025-09-18,1,0.476701,0
GOOG,3,close-return,20,2026,2025-09-19,1,0.541777,1
GOOG,3,close-return,20,2026,2025-09-22,0,0.533259,1
GOOG,3,close-return,20,2026,2025-09-23,0,0.521308,1
GOOG,3,close-return,20,2026,2025-09-24,0,0.577850,1
GOOG,3,close-return,20,2026,2025-09-25,0,0.532935,1
GOOG,3,close-return,20,2026,2025-09-26,1,0.615800,1
GOOG,3,close-return,20,2026,2025-09-29,0,0.641506,1
GOOG,3,close-return,20,2026,2025-09-30,0,0.604324,1
GOOG,3,close-return,20,2026,2025-10-01,1,0.627852,1
GOOG,3,close-return,20,2026,2025-10-02,1,0.621628,1
GOOG,3,close-return,20,2026,2025-10-03,1,0.596194,1
GOOG,3,close-return,20,2026,2025-10-06,1,0.584493,1
GOOG,3,close-return,20,2026,2025-10-07,0,0.537799,1
GOOG,3,close-return,20,2026,2025-10-08,0,0.482835,0
GOOG,3,close-return,20,2026,2025-10-09,0,0.559156,1
GOOG,3,close-return,20,2026,2025-10-10,0,0.568267,1
GOOG,3,close-return,20,2026,2025-10-13,1,0.560226,1
GOOG,3,close-return,20,2026,2025-10-14,1,0.603265,1
GOOG,3,close-return,20,2026,2025-10-15,1,0.564186,1
GOOG,3,close-return,20,2026,2025-10-16,1,0.508735,1
GOOG,3,close-return,20,2026,2025-10-17,1,0.493414,0
GOOG,3,close-return,20,2026,2025-10-20,1,0.508482,1
GOOG,3,close-return,20,2026,2025-10-21,0,0.508477,1
GOOG,3,close-return,20,2026,2025-10-22,1,0.451588,0
GOOG,3,close-return,20,2026,2025-10-23,1,0.602327,1
GOOG,3,close-return,20,2026,2025-10-24,1,0.610166,1
GOOG,3,close-return,20,2026,2025-10-27,1,0.530777,1
GOOG,3,close-return,20,2026,2025-10-28,0,0.477665,0
GOOG,3,close-return,20,2026,2025-10-29,1,0.454827,0
GOOG,3,close-return,20,2026,2025-10-30,1,0.467480,0
GOOG,3,close-return,20,2026,2025-10-31,0,0.461206,0
GOOG,3,close-return,20,2026,2025-11-03,1,0.460624,0
GOOG,3,close-return,20,2026,2025-11-04,0,0.485305,0
GOOG,3,close-return,20,2026,2025-11-05,1,0.448452,0
GOOG,3,close-return,20,2026,2025-11-06,1,0.566227,1
GOOG,3,close-return,20,2026,2025-11-07,0,0.554963,1
GOOG,3,close-return,20,2026,2025-11-10,1,0.491617,0
GOOG,3,close-return,20,2026,2025-11-11,1,0.535277,1
GOOG,3,close-return,20,2026,2025-11-12,0,0.506577,1
GOOG,3,close-return,20,2026,2025-11-13,0,0.477383,0
GOOG,3,close-return,20,2026,2025-11-14,0,0.469230,0
GOOG,3,close-return,20,2026,2025-11-17,1,0.596017,1
GOOG,3,close-return,20,2026,2025-11-18,0,0.593415,1
GOOG,3,close-return,20,2026,2025-11-19,1,0.574314,1
GOOG,3,close-return,20,2026,2025-11-20,0,0.511765,1
GOOG,3,close-return,20,2026,2025-11-21,1,0.483870,0
GOOG,3,close-return,20,2026,2025-11-24,1,0.491740,0
GOOG,3,close-return,20,2026,2025-11-25,1,0.461147,0
GOOG,3,close-return,20,2026,2025-11-26,0,0.439635,0
GOOG,3,close-return,20,2026,2025-11-28,0,0.431661,0
GOOG,3,close-return,20,2026,2025-12-01,0,0.465626,0
GOOG,3,close-return,20,2026,2025-12-02,1,0.477708,0
GOOG,3,close-return,20,2026,2025-12-03,1,0.613108,1
GOOG,3,close-return,20,2026,2025-12-04,0,0.592843,1
GOOG,3,close-return,20,2026,2025-12-05,1,0.576491,1
GOOG,3,close-return,20,2026,2025-12-08,0,0.575769,1
GOOG,3,close-return,20,2026,2025-12-09,1,0.483964,0
GOOG,3,close-return,20,2026,2025-12-10,1,0.625729,1
GOOG,3,close-return,20,2026,2025-12-11,0,0.589215,1
GOOG,3,close-return,20,2026,2025-12-12,0,0.496989,0
GOOG,3,close-return,20,2026,2025-12-15,0,0.575489,1
GOOG,3,close-return,20,2026,2025-12-16,0,0.630498,1
GOOG,3,close-return,20,2026,2025-12-17,0,0.632950,1
GOOG,3,close-return,20,2026,2025-12-18,1,0.515426,1
GOOG,3,close-return,20,2026,2025-12-19,1,0.643820,1
GOOG,3,close-return,20,2026,2025-12-22,1,0.580115,1
GOOG,3,close-return,20,2026,2025-12-23,1,0.538226,1
GOOG,3,close-return,20,2026,2025-12-24,0,0.508896,1
GOOG,3,close-return,20,2026,2025-12-26,0,0.506138,1
GOOG,3,close-return,20,2026,2025-12-29,0,0.528938,1
GOOG,3,close-return,20,2026,2025-12-30,1,0.567209,1
GOOG,3,close-return,20,2026,2025-12-31,0,0.596417,1
GOOG,3,ohlcv,5,42,2025-08-11,0,0.467617,0
GOOG,3,ohlcv,5,42,2025-08-12,1,0.519409,1
GOOG,3,ohlcv,5,42,2025-08-13,0,0.506698,1
GOOG,3,ohlcv,5,42,2025-08-14,1,0.629443,1
GOOG,3,ohlcv,5,42,2025-08-15,1,0.643166,1
GOOG,3,ohlcv,5,42,2025-08-18,0,0.649558,1
GOOG,3,ohlcv,5,42,2025-08-19,0,0.652323,1
GOOG,3,ohlcv,5,42,2025-08-20,0,0.627483,1
GOOG,3,ohlcv,5,42,2025-08-21,1,0.607791,1
GOOG,3,ohlcv,5,42,2025-08-22,1,0.673024,1
GOOG,3,ohlcv,5,42,2025-08-25,1,0.619889,1
GOOG,3,ohlcv,5,42,2025-08-26,0,0.607491,1
GOOG,3,ohlcv,5,42,2025-08-27,1,0.548461,1
GOOG,3,ohlcv,5,42,2025-08-28,1,0.452497,0
GOOG,3,ohlcv,5,42,2025-08-29,1,0.415449,0
GOOG,3,ohlcv,5,42,2025-09-02,0,0.422562,0
GOOG,3,ohlcv,5,42,2025-09-03,1,0.399176,0
GOOG,3,ohlcv,5,42,2025-09-04,1,0.495221,0
GOOG,3,ohlcv,5,42,2025-09-05,1,0.509435,1
GOOG,3,ohlcv,5,42,2025-09-08,0,0.461373,0
GOOG,3,ohlcv,5,42,2025-09-09,1,0.501664,1
GOOG,3,ohlcv,5,42,2025-09-10,0,0.442976,0
GOOG,3,ohlcv,5,42,2025-09-11,1,0.478978,0
GOOG,3,ohlcv,5,42,2025-09-12,1,0.577361,1
GOOG,3,ohlcv,5,42,2025-09-15,1,0.609403,1
GOOG,3,ohlcv,5,42,2025-09-16,0,0.490586,0
GOOG,3,ohlcv,5,42,2025-09-17,0,0.542895,1
GOOG,3,ohlcv,5,42,2025-09-18,1,0.609366,1
GOOG,3,ohlcv,5,42,2025-09-19,1,0.661008,1
GOOG,3,ohlcv,5,42,2025-09-22,0,0.592201,1
GOOG,3,ohlcv,5,42,2025-09-23,0,0.651648,1
GOOG,3,ohlcv,5,42,2025-09-24,0,0.655402,1
GOOG,3,ohlcv,5,42,2025-09-25,0,0.543992,1
GOOG,3,ohlcv,5,42,2025-09-26,1,0.603967,1
GOOG,3,ohlcv,5,42,2025-09-29,0,0.672395,1
GOOG,3,ohlcv,5,42,2025-09-30,0,0.646299,1
GOOG,3,ohlcv,5,42,2025-10-01,1,0.654146,1
GOOG,3,ohlcv,5,42,2025-10-02,1,0.630617,1
GOOG,3,ohlcv,5,42,2025-10-03,1,0.645977,1
GOOG,3,ohlcv,5,42,2025-10-06,1,0.633012,1
GOOG,3,ohlcv,5,42,2025-10-07,0,0.499122,0
GOOG,3,ohlcv,5,42,2025-10-08,0,0.416872,0
GOOG,3,ohlcv,5,42,2025-10-09,0,0.415036,0
GOOG,3,ohlcv,5,42,2025-10-10,0,0.489891,0
GOOG,3,ohlcv,5,42,2025-10-13,1,0.566198,1
GOOG,3,ohlcv,5,42,2025-10-14,1,0.615737,1
GOOG,3,ohlcv,5,42,2025-10-15,1,0.481629,0
GOOG,3,ohlcv,5,42,2025-10-16,1,0.498318,0
GOOG,3,ohlcv,5,42,2025-10-17,1,0.537559,1
GOOG,3,ohlcv,5,42,2025-10-20,1,0.527965,1
GOOG,3,ohlcv,5,42,2025-10-21,0,0.523630,1
GOOG,3,ohlcv,5,42,2025-10-22,1,0.559045,1
GOOG,3,ohlcv,5,42,2025-10-23,1,0.663498,1
GOOG,3,ohlcv,5,42,2025-10-24,1,0.673312,1
GOOG,3,ohlcv,5,42,2025-10-27,1,0.630031,1
GOOG,3,ohlcv,5,42,2025-10-28,0,0.548987,1
GOOG,3,ohlcv,5,42,2025-10-29,1,0.478947,0
GOOG,3,ohlcv,5,42,2025-10-30,1,0.428805,0
GOOG,3,ohlcv,5,42,2025-10-31,0,0.547883,1
GOOG,3,ohlcv,5,42,2025-11-03,1,0.624929,1
GOOG,3,ohlcv,5,42,2025-11-04,0,0.640545,1
GOOG,3,ohlcv,5,42,2025-11-05,1,0.479218,0
GOOG,3,ohlcv,5,42,2025-11-06,1,0.567873,1
GOOG,3,ohlcv,5,42,2025-11-07,0,0.601208,1
GOOG,3,ohlcv,5,42,2025-11-10,1,0.571396,1
GOOG,3,ohlcv,5,42,2025-11-11,1,0.626124,1
GOOG,3,ohlcv,5,42,2025-11-12,0,0.483988,0
GOOG,3,ohlcv,5,42,2025-11-13,0,0.522898,1
GOOG,3,ohlcv,5,42,2025-11-14,0,0.454908,0
GOOG,3,ohlcv,5,42,2025-11-17,1,0.432814,0
GOOG,3,ohlcv,5,42,2025-11-18,0,0.602032,1
GOOG,3,ohlcv,5,42,2025-11-19,1,0.634263,1
GOOG,3,ohlcv,5,42,2025-11-20,0,0.570427,1
GOOG,3,ohlcv,5,42,2025-11-21,1,0.581297,1
GOOG,3,ohlcv,5,42,2025-11-24,1,0.601881,1
GOOG,3,ohlcv,5,42,2025-11-25,1,0.563560,1
GOOG,3,ohlcv,5,42,2025-11-26,0,0.594871,1
GOOG,3,ohlcv,5,42,2025-11-28,0,0.586006,1
GOOG,3,ohlcv,5,42,2025-12-01,0,0.594686,1
GOOG,3,ohlcv,5,42,2025-12-02,1,0.573230,1
GOOG,3,ohlcv,5,42,2025-12-03,1,0.671793,1
GOOG,3,ohlcv,5,42,2025-12-04,0,0.623576,1
GOOG,3,ohlcv,5,42,2025-12-05,1,0.645502,1
GOOG,3,ohlcv,5,42,2025-12-08,0,0.601372,1
GOOG,3,ohlcv,5,42,2025-12-09,1,0.500236,1
GOOG,3,ohlcv,5,42,2025-12-10,1,0.512546,1
GOOG,3,ohlcv,5,42,2025-12-11,0,0.469705,0
GOOG,3,ohlcv,5,42,2025-12-12,0,0.516284,1
GOOG,3,ohlcv,5,42,2025-12-15,0,0.634376,1
GOOG,3,ohlcv,5,42,2025-12-16,0,0.645787,1
GOOG,3,ohlcv,5,42,2025-12-17,0,0.657653,1
GOOG,3,ohlcv,5,42,2025-12-18,1,0.597320,1
GOOG,3,ohlcv,5,42,2025-12-19,1,0.679710,1
GOOG,3,ohlcv,5,42,2025-12-22,1,0.567206,1
GOOG,3,ohlcv,5,42,2025-12-23,1,0.632293,1
GOOG,3,ohlcv,5,42,2025-12-24,0,0.521497,1
GOOG,3,ohlcv,5,42,2025-12-26,0,0.504942,1
GOOG,3,ohlcv,5,42,2025-12-29,0,0.476324,0
GOOG,3,ohlcv,5,42,2025-12-30,1,0.458737,0
GOOG,3,ohlcv,5,42,2025-12-31,0,0.520107,1
GOOG,3,ohlcv,5,123,2025-08-11,0,0.364987,0
GOOG,3,ohlcv,5,123,2025-08-12,1,0.517224,1
GOOG,3,ohlcv,5,123,2025-08-13,0,0.501712,1
GOOG,3,ohlcv,5,123,2025-08-14,1,0.642862,1
GOOG,3,ohlcv,5,123,2025-08-15,1,0.688916,1
GOOG,3,ohlcv,5,123,2025-08-18,0,0.652292,1
GOOG,3,ohlcv,5,123,2025-08-19,0,0.697889,1
GOOG,3,ohlcv,5,123,2025-08-20,0,0.649036,1
GOOG,3,ohlcv,5,123,2025-08-21,1,0.599414,1
GOOG,3,ohlcv,5,123,2025-08-22,1,0.705445,1
GOOG,3,ohlcv,5,123,2025-08-25,1,0.564255,1
GOOG,3,ohlcv,5,123,2025-08-26,0,0.561950,1
GOOG,3,ohlcv,5,123,2025-08-27,1,0.505622,1
GOOG,3,ohlcv,5,123,2025-08-28,1,0.443873,0
GOOG,3,ohlcv,5,123,2025-08-29,1,0.299680,0
GOOG,3,ohlcv,5,123,2025-09-02,0,0.384301,0
GOOG,3,ohlcv,5,123,2025-09-03,1,0.372906,0
GOOG,3,ohlcv,5,123,2025-09-04,1,0.384986,0
GOOG,3,ohlcv,5,123,2025-09-05,1,0.423459,0
GOOG,3,ohlcv,5,123,2025-09-08,0,0.426538,0
GOOG,3,ohlcv,5,123,2025-09-09,1,0.663777,1
GOOG,3,ohlcv,5,123,2025-09-10,0,0.363778,0
GOOG,3,ohlcv,5,123,2025-09-11,1,0.505307,1
GOOG,3,ohlcv,5,123,2025-09-12,1,0.530894,1
GOOG,3,ohlcv,5,123,2025-09-15,1,0.619737,1
GOOG,3,ohlcv,5,123,2025-09-16,0,0.420576,0
GOOG,3,ohlcv,5,123,2025-09-17,0,0.593441,1
GOOG,3,ohlcv,5,123,2025-09-18,1,0.634110,1
GOOG,3,ohlcv,5,123,2025-09-19,1,0.689482,1
GOOG,3,ohlcv,5,123,2025-09-22,0,0.599232,1
GOOG,3,ohlcv,5,123,2025-09-23,0,0.700025,1
GOOG,3,ohlcv,5,123,2025-09-24,0,0.697318,1
GOOG,3,ohlcv,5,123,2025-09-25,0,0.574946,1
GOOG,3,ohlcv,5,123,2025-09-26,1,0.589166,1
GOOG,3,ohlcv,5,123,2025-09-29,0,0.706558,1
GOOG,3,ohlcv,5,123,2025-09-30,0,0.655009,1
GOOG,3,ohlcv,5,123,2025-10-01,1,0.674222,1
GOOG,3,ohlcv,5,123,2025-10-02,1,0.617822,1
GOOG,3,ohlcv,5,123,2025-10-03,1,0.653375,1
GOOG,3,ohlcv,5,123,2025-10-06,1,0.624249,1
GOOG,3,ohlcv,5,123,2025-10-07,0,0.527200,1
GOOG,3,ohlcv,5,123,2025-10-08,0,0.565078,1
GOOG,3,ohlcv,5,123,2025-10-09,0,0.482402,0
GOOG,3,ohlcv,5,123,2025-10-10,0,0.479160,0
GOOG,3,ohlcv,5,123,2025-10-13,1,0.583856,1
GOOG,3,ohlcv,5,123,2025-10-14,1,0.659114,1
GOOG,3,ohlcv,5,123,2025-10-15,1,0.443527,0
GOOG,3,ohlcv,5,123,2025-10-16,1,0.430845,0
GOOG,3,ohlcv,5,123,2025-10-17,1,0.509007,1
GOOG,3,ohlcv,5,123,2025-10-20,1,0.495645,0
GOOG,3,ohlcv,5,123,2025-10-21,0,0.529284,1
GOOG,3,ohlcv,5,123,2025-10-22,1,0.492068,0
GOOG,3,ohlcv,5,123,2025-10-23,1,0.671748,1
GOOG,3,ohlcv,5,123,2025-10-24,1,0.695888,1
GOOG,3,ohlcv,5,123,2025-10-27,1,0.664322,1
GOOG,3,ohlcv,5,123,2025-10-28,0,0.579976,1
GOOG,3,ohlcv,5,123,2025-10-29,1,0.443986,0
GOOG,3,ohlcv,5,123,2025-10-30,1,0.308208,0
GOOG,3,ohlcv,5,123,2025-10-31,0,0.472662,0
GOOG,3,ohlcv,5,123,2025-11-03,1,0.595190,1
GOOG,3,ohlcv,5,123,2025-11-04,0,0.622825,1
GOOG,3,ohlcv,5,123,2025-11-05,1,0.539065,1
GOOG,3,ohlcv,5,123,2025-11-06,1,0.552344,1
GOOG,3,ohlcv,5,123,2025-11-07,0,0.579335,1
GOOG,3,ohlcv,5,123,2025-11-10,1,0.569343,1
GOOG,3,ohlcv,5,123,2025-11-11,1,0.639471,1
GOOG,3,ohlcv,5,123,2025-11-12,0,0.521193,1
GOOG,3,ohlcv,5,123,2025-11-13,0,0.531713,1
GOOG,3,ohlcv,5,123,2025-11-14,0,0.467410,0
GOOG,3,ohlcv,5,123,2025-11-17,1,0.458968,0
GOOG,3,ohlcv,5,123,2025-11-18,0,0.516190,1
GOOG,3,ohlcv,5,123,2025-11-19,1,0.590522,1
GOOG,3,ohlcv,5,123,2025-11-20,0,0.531985,1
GOOG,3,ohlcv,5,123,2025-11-21,1,0.560203,1
GOOG,3,ohlcv,5,123,2025-11-24,1,0.552182,1
GOOG,3,ohlcv,5,123,2025-11-25,1,0.513394,1
GOOG,3,ohlcv,5,123,2025-11-26,0,0.543571,1
GOOG,3,ohlcv,5,123,2025-11-28,0,0.573368,1
GOOG,3,ohlcv,5,123,2025-12-01,0,0.612715,1
GOOG,3,ohlcv,5,123,2025-12-02,1,0.570467,1
GOOG,3,ohlcv,5,123,2025-12-03,1,0.685811,1
GOOG,3,ohlcv,5,123,2025-12-04,0,0.649489,1
GOOG,3,ohlcv,5,123,2025-12-05,1,0.660927,1
GOOG,3,ohlcv,5,123,2025-12-08,0,0.665826,1
GOOG,3,ohlcv,5,123,2025-12-09,1,0.460473,0
GOOG,3,ohlcv,5,123,2025-12-10,1,0.486263,0
GOOG,3,ohlcv,5,123,2025-12-11,0,0.389992,0
GOOG,3,ohlcv,5,123,2025-12-12,0,0.505314,1
GOOG,3,ohlcv,5,123,2025-12-15,0,0.648901,1
GOOG,3,ohlcv,5,123,2025-12-16,0,0.639951,1
GOOG,3,ohlcv,5,123,2025-12-17,0,0.675153,1
GOOG,3,ohlcv,5,123,2025-12-18,1,0.574395,1
GOOG,3,ohlcv,5,123,2025-12-19,1,0.701381,1
GOOG,3,ohlcv,5,123,2025-12-22,1,0.506797,1
GOOG,3,ohlcv,5,123,2025-12-23,1,0.645013,1
GOOG,3,ohlcv,5,123,2025-12-24,0,0.520740,1
GOOG,3,ohlcv,5,123,2025-12-26,0,0.564432,1
GOOG,3,ohlcv,5,123,2025-12-29,0,0.513044,1
GOOG,3,ohlcv,5,123,2025-12-30,1,0.399264,0
GOOG,3,ohlcv,5,123,2025-12-31,0,0.543452,1
GOOG,3,ohlcv,5,2026,2025-08-11,0,0.364604,0
GOOG,3,ohlcv,5,2026,2025-08-12,1,0.463512,0
GOOG,3,ohlcv,5,2026,2025-08-13,0,0.458613,0
GOOG,3,ohlcv,5,2026,2025-08-14,1,0.602662,1
GOOG,3,ohlcv,5,2026,2025-08-15,1,0.671367,1
GOOG,3,ohlcv,5,2026,2025-08-18,0,0.658226,1
GOOG,3,ohlcv,5,2026,2025-08-19,0,0.720743,1
GOOG,3,ohlcv,5,2026,2025-08-20,0,0.639899,1
GOOG,3,ohlcv,5,2026,2025-08-21,1,0.578147,1
GOOG,3,ohlcv,5,2026,2025-08-22,1,0.747849,1
GOOG,3,ohlcv,5,2026,2025-08-25,1,0.622821,1
GOOG,3,ohlcv,5,2026,2025-08-26,0,0.623240,1
GOOG,3,ohlcv,5,2026,2025-08-27,1,0.494910,0
GOOG,3,ohlcv,5,2026,2025-08-28,1,0.473505,0
GOOG,3,ohlcv,5,2026,2025-08-29,1,0.360352,0
GOOG,3,ohlcv,5,2026,2025-09-02,0,0.400417,0
GOOG,3,ohlcv,5,2026,2025-09-03,1,0.376974,0
GOOG,3,ohlcv,5,2026,2025-09-04,1,0.391723,0
GOOG,3,ohlcv,5,2026,2025-09-05,1,0.443663,0
GOOG,3,ohlcv,5,2026,2025-09-08,0,0.419909,0
GOOG,3,ohlcv,5,2026,2025-09-09,1,0.658108,1
GOOG,3,ohlcv,5,2026,2025-09-10,0,0.372160,0
GOOG,3,ohlcv,5,2026,2025-09-11,1,0.471999,0
GOOG,3,ohlcv,5,2026,2025-09-12,1,0.514951,1
GOOG,3,ohlcv,5,2026,2025-09-15,1,0.578695,1
GOOG,3,ohlcv,5,2026,2025-09-16,0,0.409501,0
GOOG,3,ohlcv,5,2026,2025-09-17,0,0.511452,1
GOOG,3,ohlcv,5,2026,2025-09-18,1,0.593418,1
GOOG,3,ohlcv,5,2026,2025-09-19,1,0.650570,1
GOOG,3,ohlcv,5,2026,2025-09-22,0,0.568164,1
GOOG,3,ohlcv,5,2026,2025-09-23,0,0.682041,1
GOOG,3,ohlcv,5,2026,2025-09-24,0,0.689007,1
GOOG,3,ohlcv,5,2026,2025-09-25,0,0.556984,1
GOOG,3,ohlcv,5,2026,2025-09-26,1,0.585663,1
GOOG,3,ohlcv,5,2026,2025-09-29,0,0.741843,1
GOOG,3,ohlcv,5,2026,2025-09-30,0,0.662384,1
GOOG,3,ohlcv,5,2026,2025-10-01,1,0.641014,1
GOOG,3,ohlcv,5,2026,2025-10-02,1,0.609824,1
GOOG,3,ohlcv,5,2026,2025-10-03,1,0.611734,1
GOOG,3,ohlcv,5,2026,2025-10-06,1,0.593079,1
GOOG,3,ohlcv,5,2026,2025-10-07,0,0.525871,1
GOOG,3,ohlcv,5,2026,2025-10-08,0,0.552031,1
GOOG,3,ohlcv,5,2026,2025-10-09,0,0.499400,0
GOOG,3,ohlcv,5,2026,2025-10-10,0,0.494004,0
GOOG,3,ohlcv,5,2026,2025-10-13,1,0.582545,1
GOOG,3,ohlcv,5,2026,2025-10-14,1,0.718193,1
GOOG,3,ohlcv,5,2026,2025-10-15,1,0.455376,0
GOOG,3,ohlcv,5,2026,2025-10-16,1,0.432029,0
GOOG,3,ohlcv,5,2026,2025-10-17,1,0.514021,1
GOOG,3,ohlcv,5,2026,2025-10-20,1,0.445496,0
GOOG,3,ohlcv,5,2026,2025-10-21,0,0.438531,0
GOOG,3,ohlcv,5,2026,2025-10-22,1,0.552481,1
GOOG,3,ohlcv,5,2026,2025-10-23,1,0.668296,1
GOOG,3,ohlcv,5,2026,2025-10-24,1,0.736878,1
GOOG,3,ohlcv,5,2026,2025-10-27,1,0.703064,1
GOOG,3,ohlcv,5,2026,2025-10-28,0,0.590327,1
GOOG,3,ohlcv,5,2026,2025-10-29,1,0.392497,0
GOOG,3,ohlcv,5,2026,2025-10-30,1,0.350924,0
GOOG,3,ohlcv,5,2026,2025-10-31,0,0.478228,0
GOOG,3,ohlcv,5,2026,2025-11-03,1,0.573468,1
GOOG,3,ohlcv,5,2026,2025-11-04,0,0.609843,1
GOOG,3,ohlcv,5,2026,2025-11-05,1,0.539394,1
GOOG,3,ohlcv,5,2026,2025-11-06,1,0.525370,1
GOOG,3,ohlcv,5,2026,2025-11-07,0,0.579167,1
GOOG,3,ohlcv,5,2026,2025-11-10,1,0.550020,1
GOOG,3,ohlcv,5,2026,2025-11-11,1,0.605161,1
GOOG,3,ohlcv,5,2026,2025-11-12,0,0.548556,1
GOOG,3,ohlcv,5,2026,2025-11-13,0,0.550327,1
GOOG,3,ohlcv,5,2026,2025-11-14,0,0.487829,0
GOOG,3,ohlcv,5,2026,2025-11-17,1,0.461640,0
GOOG,3,ohlcv,5,2026,2025-11-18,0,0.601004,1
GOOG,3,ohlcv,5,2026,2025-11-19,1,0.620990,1
GOOG,3,ohlcv,5,2026,2025-11-20,0,0.596954,1
GOOG,3,ohlcv,5,2026,2025-11-21,1,0.634947,1
GOOG,3,ohlcv,5,2026,2025-11-24,1,0.614608,1
GOOG,3,ohlcv,5,2026,2025-11-25,1,0.536305,1
GOOG,3,ohlcv,5,2026,2025-11-26,0,0.520869,1
GOOG,3,ohlcv,5,2026,2025-11-28,0,0.560825,1
GOOG,3,ohlcv,5,2026,2025-12-01,0,0.610746,1
GOOG,3,ohlcv,5,2026,2025-12-02,1,0.584563,1
GOOG,3,ohlcv,5,2026,2025-12-03,1,0.709047,1
GOOG,3,ohlcv,5,2026,2025-12-04,0,0.612739,1
GOOG,3,ohlcv,5,2026,2025-12-05,1,0.652858,1
GOOG,3,ohlcv,5,2026,2025-12-08,0,0.717232,1
GOOG,3,ohlcv,5,2026,2025-12-09,1,0.483549,0
GOOG,3,ohlcv,5,2026,2025-12-10,1,0.541573,1
GOOG,3,ohlcv,5,2026,2025-12-11,0,0.433116,0
GOOG,3,ohlcv,5,2026,2025-12-12,0,0.502572,1
GOOG,3,ohlcv,5,2026,2025-12-15,0,0.622628,1
GOOG,3,ohlcv,5,2026,2025-12-16,0,0.610354,1
GOOG,3,ohlcv,5,2026,2025-12-17,0,0.671286,1
GOOG,3,ohlcv,5,2026,2025-12-18,1,0.602860,1
GOOG,3,ohlcv,5,2026,2025-12-19,1,0.750604,1
GOOG,3,ohlcv,5,2026,2025-12-22,1,0.521250,1
GOOG,3,ohlcv,5,2026,2025-12-23,1,0.634106,1
GOOG,3,ohlcv,5,2026,2025-12-24,0,0.470546,0
GOOG,3,ohlcv,5,2026,2025-12-26,0,0.553008,1
GOOG,3,ohlcv,5,2026,2025-12-29,0,0.474553,0
GOOG,3,ohlcv,5,2026,2025-12-30,1,0.424450,0
GOOG,3,ohlcv,5,2026,2025-12-31,0,0.547953,1
GOOG,3,ohlcv,20,42,2025-08-11,0,0.425279,0
GOOG,3,ohlcv,20,42,2025-08-12,1,0.485566,0
GOOG,3,ohlcv,20,42,2025-08-13,0,0.459282,0
GOOG,3,ohlcv,20,42,2025-08-14,1,0.621150,1
GOOG,3,ohlcv,20,42,2025-08-15,1,0.659623,1
GOOG,3,ohlcv,20,42,2025-08-18,0,0.646556,1
GOOG,3,ohlcv,20,42,2025-08-19,0,0.648730,1
GOOG,3,ohlcv,20,42,2025-08-20,0,0.604912,1
GOOG,3,ohlcv,20,42,2025-08-21,1,0.621225,1
GOOG,3,ohlcv,20,42,2025-08-22,1,0.705524,1
GOOG,3,ohlcv,20,42,2025-08-25,1,0.631696,1
GOOG,3,ohlcv,20,42,2025-08-26,0,0.627045,1
GOOG,3,ohlcv,20,42,2025-08-27,1,0.602228,1
GOOG,3,ohlcv,20,42,2025-08-28,1,0.549268,1
GOOG,3,ohlcv,20,42,2025-08-29,1,0.407447,0
GOOG,3,ohlcv,20,42,2025-09-02,0,0.445812,0
GOOG,3,ohlcv,20,42,2025-09-03,1,0.417836,0
GOOG,3,ohlcv,20,42,2025-09-04,1,0.458652,0
GOOG,3,ohlcv,20,42,2025-09-05,1,0.466544,0
GOOG,3,ohlcv,20,42,2025-09-08,0,0.416936,0
GOOG,3,ohlcv,20,42,2025-09-09,1,0.514834,1
GOOG,3,ohlcv,20,42,2025-09-10,0,0.403396,0
GOOG,3,ohlcv,20,42,2025-09-11,1,0.466494,0
GOOG,3,ohlcv,20,42,2025-09-12,1,0.544359,1
GOOG,3,ohlcv,20,42,2025-09-15,1,0.540564,1
GOOG,3,ohlcv,20,42,2025-09-16,0,0.400670,0
GOOG,3,ohlcv,20,42,2025-09-17,0,0.462959,0
GOOG,3,ohlcv,20,42,2025-09-18,1,0.569062,1
GOOG,3,ohlcv,20,42,2025-09-19,1,0.668884,1
GOOG,3,ohlcv,20,42,2025-09-22,0,0.601163,1
GOOG,3,ohlcv,20,42,2025-09-23,0,0.649512,1
GOOG,3,ohlcv,20,42,2025-09-24,0,0.674290,1
GOOG,3,ohlcv,20,42,2025-09-25,0,0.581580,1
GOOG,3,ohlcv,20,42,2025-09-26,1,0.626134,1
GOOG,3,ohlcv,20,42,2025-09-29,0,0.717833,1
GOOG,3,ohlcv,20,42,2025-09-30,0,0.690521,1
GOOG,3,ohlcv,20,42,2025-10-01,1,0.674993,1
GOOG,3,ohlcv,20,42,2025-10-02,1,0.642961,1
GOOG,3,ohlcv,20,42,2025-10-03,1,0.661040,1
GOOG,3,ohlcv,20,42,2025-10-06,1,0.639455,1
GOOG,3,ohlcv,20,42,2025-10-07,0,0.520210,1
GOOG,3,ohlcv,20,42,2025-10-08,0,0.501459,1
GOOG,3,ohlcv,20,42,2025-10-09,0,0.462582,0
GOOG,3,ohlcv,20,42,2025-10-10,0,0.535110,1
GOOG,3,ohlcv,20,42,2025-10-13,1,0.646158,1
GOOG,3,ohlcv,20,42,2025-10-14,1,0.629329,1
GOOG,3,ohlcv,20,42,2025-10-15,1,0.464537,0
GOOG,3,ohlcv,20,42,2025-10-16,1,0.478414,0
GOOG,3,ohlcv,20,42,2025-10-17,1,0.565545,1
GOOG,3,ohlcv,20,42,2025-10-20,1,0.535690,1
GOOG,3,ohlcv,20,42,2025-10-21,0,0.478113,0
GOOG,3,ohlcv,20,42,2025-10-22,1,0.504520,1
GOOG,3,ohlcv,20,42,2025-10-23,1,0.670905,1
GOOG,3,ohlcv,20,42,2025-10-24,1,0.675364,1
GOOG,3,ohlcv,20,42,2025-10-27,1,0.630301,1
GOOG,3,ohlcv,20,42,2025-10-28,0,0.533432,1
GOOG,3,ohlcv,20,42,2025-10-29,1,0.584842,1
GOOG,3,ohlcv,20,42,2025-10-30,1,0.428740,0
GOOG,3,ohlcv,20,42,2025-10-31,0,0.563792,1
GOOG,3,ohlcv,20,42,2025-11-03,1,0.614989,1
GOOG,3,ohlcv,20,42,2025-11-04,0,0.621397,1
GOOG,3,ohlcv,20,42,2025-11-05,1,0.489025,0
GOOG,3,ohlcv,20,42,2025-11-06,1,0.551752,1
GOOG,3,ohlcv,20,42,2025-11-07,0,0.601487,1
GOOG,3,ohlcv,20,42,2025-11-10,1,0.560997,1
GOOG,3,ohlcv,20,42,2025-11-11,1,0.616321,1
GOOG,3,ohlcv,20,42,2025-11-12,0,0.462045,0
GOOG,3,ohlcv,20,42,2025-11-13,0,0.474735,0
GOOG,3,ohlcv,20,42,2025-11-14,0,0.437220,0
GOOG,3,ohlcv,20,42,2025-11-17,1,0.475236,0
GOOG,3,ohlcv,20,42,2025-11-18,0,0.614927,1
GOOG,3,ohlcv,20,42,2025-11-19,1,0.629429,1
GOOG,3,ohlcv,20,42,2025-11-20,0,0.576621,1
GOOG,3,ohlcv,20,42,2025-11-21,1,0.607443,1
GOOG,3,ohlcv,20,42,2025-11-24,1,0.613370,1
GOOG,3,ohlcv,20,42,2025-11-25,1,0.564837,1
GOOG,3,ohlcv,20,42,2025-11-26,0,0.609509,1
GOOG,3,ohlcv,20,42,2025-11-28,0,0.565225,1
GOOG,3,ohlcv,20,42,2025-12-01,0,0.591103,1
GOOG,3,ohlcv,20,42,2025-12-02,1,0.565157,1
GOOG,3,ohlcv,20,42,2025-12-03,1,0.683200,1
GOOG,3,ohlcv,20,42,2025-12-04,0,0.649628,1
GOOG,3,ohlcv,20,42,2025-12-05,1,0.682296,1
GOOG,3,ohlcv,20,42,2025-12-08,0,0.682652,1
GOOG,3,ohlcv,20,42,2025-12-09,1,0.544293,1
GOOG,3,ohlcv,20,42,2025-12-10,1,0.544955,1
GOOG,3,ohlcv,20,42,2025-12-11,0,0.477028,0
GOOG,3,ohlcv,20,42,2025-12-12,0,0.563658,1
GOOG,3,ohlcv,20,42,2025-12-15,0,0.658932,1
GOOG,3,ohlcv,20,42,2025-12-16,0,0.667477,1
GOOG,3,ohlcv,20,42,2025-12-17,0,0.667388,1
GOOG,3,ohlcv,20,42,2025-12-18,1,0.605377,1
GOOG,3,ohlcv,20,42,2025-12-19,1,0.705735,1
GOOG,3,ohlcv,20,42,2025-12-22,1,0.589935,1
GOOG,3,ohlcv,20,42,2025-12-23,1,0.649852,1
GOOG,3,ohlcv,20,42,2025-12-24,0,0.547224,1
GOOG,3,ohlcv,20,42,2025-12-26,0,0.537489,1
GOOG,3,ohlcv,20,42,2025-12-29,0,0.490650,0
GOOG,3,ohlcv,20,42,2025-12-30,1,0.471954,0
GOOG,3,ohlcv,20,42,2025-12-31,0,0.613503,1
GOOG,3,ohlcv,20,123,2025-08-11,0,0.362734,0
GOOG,3,ohlcv,20,123,2025-08-12,1,0.536541,1
GOOG,3,ohlcv,20,123,2025-08-13,0,0.412901,0
GOOG,3,ohlcv,20,123,2025-08-14,1,0.623775,1
GOOG,3,ohlcv,20,123,2025-08-15,1,0.651075,1
GOOG,3,ohlcv,20,123,2025-08-18,0,0.626775,1
GOOG,3,ohlcv,20,123,2025-08-19,0,0.670689,1
GOOG,3,ohlcv,20,123,2025-08-20,0,0.625391,1
GOOG,3,ohlcv,20,123,2025-08-21,1,0.609626,1
GOOG,3,ohlcv,20,123,2025-08-22,1,0.662542,1
GOOG,3,ohlcv,20,123,2025-08-25,1,0.601991,1
GOOG,3,ohlcv,20,123,2025-08-26,0,0.601017,1
GOOG,3,ohlcv,20,123,2025-08-27,1,0.626814,1
GOOG,3,ohlcv,20,123,2025-08-28,1,0.632983,1
GOOG,3,ohlcv,20,123,2025-08-29,1,0.369507,0
GOOG,3,ohlcv,20,123,2025-09-02,0,0.408019,0
GOOG,3,ohlcv,20,123,2025-09-03,1,0.395785,0
GOOG,3,ohlcv,20,123,2025-09-04,1,0.407674,0
GOOG,3,ohlcv,20,123,2025-09-05,1,0.437411,0
GOOG,3,ohlcv,20,123,2025-09-08,0,0.379921,0
GOOG,3,ohlcv,20,123,2025-09-09,1,0.634316,1
GOOG,3,ohlcv,20,123,2025-09-10,0,0.301819,0
GOOG,3,ohlcv,20,123,2025-09-11,1,0.468239,0
GOOG,3,ohlcv,20,123,2025-09-12,1,0.540143,1
GOOG,3,ohlcv,20,123,2025-09-15,1,0.586794,1
GOOG,3,ohlcv,20,123,2025-09-16,0,0.341795,0
GOOG,3,ohlcv,20,123,2025-09-17,0,0.446458,0
GOOG,3,ohlcv,20,123,2025-09-18,1,0.607266,1
GOOG,3,ohlcv,20,123,2025-09-19,1,0.654924,1
GOOG,3,ohlcv,20,123,2025-09-22,0,0.590189,1
GOOG,3,ohlcv,20,123,2025-09-23,0,0.673620,1
GOOG,3,ohlcv,20,123,2025-09-24,0,0.670217,1
GOOG,3,ohlcv,20,123,2025-09-25,0,0.601616,1
GOOG,3,ohlcv,20,123,2025-09-26,1,0.606385,1
GOOG,3,ohlcv,20,123,2025-09-29,0,0.667270,1
GOOG,3,ohlcv,20,123,2025-09-30,0,0.636492,1
GOOG,3,ohlcv,20,123,2025-10-01,1,0.643341,1
GOOG,3,ohlcv,20,123,2025-10-02,1,0.622988,1
GOOG,3,ohlcv,20,123,2025-10-03,1,0.642798,1
GOOG,3,ohlcv,20,123,2025-10-06,1,0.619230,1
GOOG,3,ohlcv,20,123,2025-10-07,0,0.576668,1
GOOG,3,ohlcv,20,123,2025-10-08,0,0.607843,1
GOOG,3,ohlcv,20,123,2025-10-09,0,0.579007,1
GOOG,3,ohlcv,20,123,2025-10-10,0,0.565352,1
GOOG,3,ohlcv,20,123,2025-10-13,1,0.600522,1
GOOG,3,ohlcv,20,123,2025-10-14,1,0.675333,1
GOOG,3,ohlcv,20,123,2025-10-15,1,0.524181,1
GOOG,3,ohlcv,20,123,2025-10-16,1,0.492731,0
GOOG,3,ohlcv,20,123,2025-10-17,1,0.547430,1
GOOG,3,ohlcv,20,123,2025-10-20,1,0.554321,1
GOOG,3,ohlcv,20,123,2025-10-21,0,0.499251,0
GOOG,3,ohlcv,20,123,2025-10-22,1,0.516317,1
GOOG,3,ohlcv,20,123,2025-10-23,1,0.637791,1
GOOG,3,ohlcv,20,123,2025-10-24,1,0.662683,1
GOOG,3,ohlcv,20,123,2025-10-27,1,0.637484,1
GOOG,3,ohlcv,20,123,2025-10-28,0,0.561579,1
GOOG,3,ohlcv,20,123,2025-10-29,1,0.650678,1
GOOG,3,ohlcv,20,123,2025-10-30,1,0.403676,0
GOOG,3,ohlcv,20,123,2025-10-31,0,0.523816,1
GOOG,3,ohlcv,20,123,2025-11-03,1,0.610182,1
GOOG,3,ohlcv,20,123,2025-11-04,0,0.624562,1
GOOG,3,ohlcv,20,123,2025-11-05,1,0.564108,1
GOOG,3,ohlcv,20,123,2025-11-06,1,0.562892,1
GOOG,3,ohlcv,20,123,2025-11-07,0,0.590327,1
GOOG,3,ohlcv,20,123,2025-11-10,1,0.600702,1
GOOG,3,ohlcv,20,123,2025-11-11,1,0.629562,1
GOOG,3,ohlcv,20,123,2025-11-12,0,0.546823,1
GOOG,3,ohlcv,20,123,2025-11-13,0,0.558959,1
GOOG,3,ohlcv,20,123,2025-11-14,0,0.518552,1
GOOG,3,ohlcv,20,123,2025-11-17,1,0.522937,1
GOOG,3,ohlcv,20,123,2025-11-18,0,0.577963,1
GOOG,3,ohlcv,20,123,2025-11-19,1,0.622223,1
GOOG,3,ohlcv,20,123,2025-11-20,0,0.566689,1
GOOG,3,ohlcv,20,123,2025-11-21,1,0.604177,1
GOOG,3,ohlcv,20,123,2025-11-24,1,0.582352,1
GOOG,3,ohlcv,20,123,2025-11-25,1,0.521896,1
GOOG,3,ohlcv,20,123,2025-11-26,0,0.571264,1
GOOG,3,ohlcv,20,123,2025-11-28,0,0.573826,1
GOOG,3,ohlcv,20,123,2025-12-01,0,0.606226,1
GOOG,3,ohlcv,20,123,2025-12-02,1,0.557289,1
GOOG,3,ohlcv,20,123,2025-12-03,1,0.661805,1
GOOG,3,ohlcv,20,123,2025-12-04,0,0.641038,1
GOOG,3,ohlcv,20,123,2025-12-05,1,0.662787,1
GOOG,3,ohlcv,20,123,2025-12-08,0,0.680782,1
GOOG,3,ohlcv,20,123,2025-12-09,1,0.527081,1
GOOG,3,ohlcv,20,123,2025-12-10,1,0.547646,1
GOOG,3,ohlcv,20,123,2025-12-11,0,0.484815,0
GOOG,3,ohlcv,20,123,2025-12-12,0,0.560714,1
GOOG,3,ohlcv,20,123,2025-12-15,0,0.627300,1
GOOG,3,ohlcv,20,123,2025-12-16,0,0.624637,1
GOOG,3,ohlcv,20,123,2025-12-17,0,0.627948,1
GOOG,3,ohlcv,20,123,2025-12-18,1,0.562787,1
GOOG,3,ohlcv,20,123,2025-12-19,1,0.644099,1
GOOG,3,ohlcv,20,123,2025-12-22,1,0.597818,1
GOOG,3,ohlcv,20,123,2025-12-23,1,0.646995,1
GOOG,3,ohlcv,20,123,2025-12-24,0,0.600085,1
GOOG,3,ohlcv,20,123,2025-12-26,0,0.595457,1
GOOG,3,ohlcv,20,123,2025-12-29,0,0.561158,1
GOOG,3,ohlcv,20,123,2025-12-30,1,0.493693,0
GOOG,3,ohlcv,20,123,2025-12-31,0,0.613642,1
GOOG,3,ohlcv,20,2026,2025-08-11,0,0.307988,0
GOOG,3,ohlcv,20,2026,2025-08-12,1,0.367122,0
GOOG,3,ohlcv,20,2026,2025-08-13,0,0.303970,0
GOOG,3,ohlcv,20,2026,2025-08-14,1,0.586201,1
GOOG,3,ohlcv,20,2026,2025-08-15,1,0.656486,1
GOOG,3,ohlcv,20,2026,2025-08-18,0,0.648300,1
GOOG,3,ohlcv,20,2026,2025-08-19,0,0.708974,1
GOOG,3,ohlcv,20,2026,2025-08-20,0,0.609970,1
GOOG,3,ohlcv,20,2026,2025-08-21,1,0.596843,1
GOOG,3,ohlcv,20,2026,2025-08-22,1,0.739444,1
GOOG,3,ohlcv,20,2026,2025-08-25,1,0.636938,1
GOOG,3,ohlcv,20,2026,2025-08-26,0,0.615965,1
GOOG,3,ohlcv,20,2026,2025-08-27,1,0.562739,1
GOOG,3,ohlcv,20,2026,2025-08-28,1,0.580356,1
GOOG,3,ohlcv,20,2026,2025-08-29,1,0.330014,0
GOOG,3,ohlcv,20,2026,2025-09-02,0,0.352427,0
GOOG,3,ohlcv,20,2026,2025-09-03,1,0.340827,0
GOOG,3,ohlcv,20,2026,2025-09-04,1,0.360284,0
GOOG,3,ohlcv,20,2026,2025-09-05,1,0.379605,0
GOOG,3,ohlcv,20,2026,2025-09-08,0,0.297066,0
GOOG,3,ohlcv,20,2026,2025-09-09,1,0.475870,0
GOOG,3,ohlcv,20,2026,2025-09-10,0,0.290420,0
GOOG,3,ohlcv,20,2026,2025-09-11,1,0.368682,0
GOOG,3,ohlcv,20,2026,2025-09-12,1,0.478833,0
GOOG,3,ohlcv,20,2026,2025-09-15,1,0.511750,1
GOOG,3,ohlcv,20,2026,2025-09-16,0,0.318510,0
GOOG,3,ohlcv,20,2026,2025-09-17,0,0.328222,0
GOOG,3,ohlcv,20,2026,2025-09-18,1,0.544565,1
GOOG,3,ohlcv,20,2026,2025-09-19,1,0.642206,1
GOOG,3,ohlcv,20,2026,2025-09-22,0,0.581607,1
GOOG,3,ohlcv,20,2026,2025-09-23,0,0.667614,1
GOOG,3,ohlcv,20,2026,2025-09-24,0,0.678111,1
GOOG,3,ohlcv,20,2026,2025-09-25,0,0.573804,1
GOOG,3,ohlcv,20,2026,2025-09-26,1,0.606373,1
GOOG,3,ohlcv,20,2026,2025-09-29,0,0.743161,1
GOOG,3,ohlcv,20,2026,2025-09-30,0,0.656099,1
GOOG,3,ohlcv,20,2026,2025-10-01,1,0.642637,1
GOOG,3,ohlcv,20,2026,2025-10-02,1,0.629845,1
GOOG,3,ohlcv,20,2026,2025-10-03,1,0.635938,1
GOOG,3,ohlcv,20,2026,2025-10-06,1,0.599067,1
GOOG,3,ohlcv,20,2026,2025-10-07,0,0.508757,1
GOOG,3,ohlcv,20,2026,2025-10-08,0,0.579932,1
GOOG,3,ohlcv,20,2026,2025-10-09,0,0.525968,1
GOOG,3,ohlcv,20,2026,2025-10-10,0,0.538387,1
GOOG,3,ohlcv,20,2026,2025-10-13,1,0.617333,1
GOOG,3,ohlcv,20,2026,2025-10-14,1,0.713708,1
GOOG,3,ohlcv,20,2026,2025-10-15,1,0.420617,0
GOOG,3,ohlcv,20,2026,2025-10-16,1,0.362729,0
GOOG,3,ohlcv,20,2026,2025-10-17,1,0.503194,1
GOOG,3,ohlcv,20,2026,2025-10-20,1,0.416348,0
GOOG,3,ohlcv,20,2026,2025-10-21,0,0.330760,0
GOOG,3,ohlcv,20,2026,2025-10-22,1,0.544843,1
GOOG,3,ohlcv,20,2026,2025-10-23,1,0.664013,1
GOOG,3,ohlcv,20,2026,2025-10-24,1,0.733213,1
GOOG,3,ohlcv,20,2026,2025-10-27,1,0.666812,1
GOOG,3,ohlcv,20,2026,2025-10-28,0,0.488987,0
GOOG,3,ohlcv,20,2026,2025-10-29,1,0.501584,1
GOOG,3,ohlcv,20,2026,2025-10-30,1,0.332409,0
GOOG,3,ohlcv,20,2026,2025-10-31,0,0.494079,0
GOOG,3,ohlcv,20,2026,2025-11-03,1,0.589435,1
GOOG,3,ohlcv,20,2026,2025-11-04,0,0.588485,1
GOOG,3,ohlcv,20,2026,2025-11-05,1,0.522568,1
GOOG,3,ohlcv,20,2026,2025-11-06,1,0.428308,0
GOOG,3,ohlcv,20,2026,2025-11-07,0,0.538536,1
GOOG,3,ohlcv,20,2026,2025-11-10,1,0.552370,1
GOOG,3,ohlcv,20,2026,2025-11-11,1,0.596139,1
GOOG,3,ohlcv,20,2026,2025-11-12,0,0.482616,0
GOOG,3,ohlcv,20,2026,2025-11-13,0,0.528162,1
GOOG,3,ohlcv,20,2026,2025-11-14,0,0.488085,0
GOOG,3,ohlcv,20,2026,2025-11-17,1,0.507843,1
GOOG,3,ohlcv,20,2026,2025-11-18,0,0.609000,1
GOOG,3,ohlcv,20,2026,2025-11-19,1,0.620676,1
GOOG,3,ohlcv,20,2026,2025-11-20,0,0.603466,1
GOOG,3,ohlcv,20,2026,2025-11-21,1,0.642331,1
GOOG,3,ohlcv,20,2026,2025-11-24,1,0.627322,1
GOOG,3,ohlcv,20,2026,2025-11-25,1,0.514004,1
GOOG,3,ohlcv,20,2026,2025-11-26,0,0.549737,1
GOOG,3,ohlcv,20,2026,2025-11-28,0,0.541589,1
GOOG,3,ohlcv,20,2026,2025-12-01,0,0.599340,1
GOOG,3,ohlcv,20,2026,2025-12-02,1,0.564565,1
GOOG,3,ohlcv,20,2026,2025-12-03,1,0.691346,1
GOOG,3,ohlcv,20,2026,2025-12-04,0,0.667244,1
GOOG,3,ohlcv,20,2026,2025-12-05,1,0.666623,1
GOOG,3,ohlcv,20,2026,2025-12-08,0,0.746229,1
GOOG,3,ohlcv,20,2026,2025-12-09,1,0.510659,1
GOOG,3,ohlcv,20,2026,2025-12-10,1,0.559735,1
GOOG,3,ohlcv,20,2026,2025-12-11,0,0.462754,0
GOOG,3,ohlcv,20,2026,2025-12-12,0,0.542938,1
GOOG,3,ohlcv,20,2026,2025-12-15,0,0.626082,1
GOOG,3,ohlcv,20,2026,2025-12-16,0,0.622403,1
GOOG,3,ohlcv,20,2026,2025-12-17,0,0.671565,1
GOOG,3,ohlcv,20,2026,2025-12-18,1,0.571267,1
GOOG,3,ohlcv,20,2026,2025-12-19,1,0.733215,1
GOOG,3,ohlcv,20,2026,2025-12-22,1,0.608117,1
GOOG,3,ohlcv,20,2026,2025-12-23,1,0.662744,1
GOOG,3,ohlcv,20,2026,2025-12-24,0,0.507053,1
GOOG,3,ohlcv,20,2026,2025-12-26,0,0.547212,1
GOOG,3,ohlcv,20,2026,2025-12-29,0,0.461206,0
GOOG,3,ohlcv,20,2026,2025-12-30,1,0.423511,0
GOOG,3,ohlcv,20,2026,2025-12-31,0,0.577005,1
AAPL,1,close-return,5,42,2024-10-21,1,0.507457,1
AAPL,1,close-return,5,42,2024-10-22,0,0.507581,1
AAPL,1,close-return,5,42,2024-10-23,0,0.508480,1
AAPL,1,close-return,5,42,2024-10-24,0,0.508304,1
AAPL,1,close-return,5,42,2024-10-25,1,0.508917,1
AAPL,1,close-return,5,42,2024-10-28,1,0.509005,1
AAPL,1,close-return,5,42,2024-10-29,1,0.508371,1
AAPL,1,close-return,5,42,2024-10-30,0,0.508508,1
AAPL,1,close-return,5,42,2024-10-31,0,0.508585,1
AAPL,1,close-return,5,42,2024-11-01,0,0.508307,1
AAPL,1,close-return,5,42,2024-11-04,0,0.508450,1
AAPL,1,close-return,5,42,2024-11-05,1,0.508935,1
AAPL,1,close-return,5,42,2024-11-06,0,0.509098,1
AAPL,1,close-return,5,42,2024-11-07,1,0.508996,1
AAPL,1,close-return,5,42,2024-11-08,0,0.506226,1
AAPL,1,close-return,5,42,2024-11-11,0,0.508068,1
AAPL,1,close-return,5,42,2024-11-12,0,0.508592,1
AAPL,1,close-return,5,42,2024-11-13,1,0.508846,1
AAPL,1,close-return,5,42,2024-11-14,1,0.508707,1
AAPL,1,close-return,5,42,2024-11-15,0,0.507388,1
AAPL,1,close-return,5,42,2024-11-18,1,0.508706,1
AAPL,1,close-return,5,42,2024-11-19,1,0.507947,1
AAPL,1,close-return,5,42,2024-11-20,1,0.508301,1
AAPL,1,close-return,5,42,2024-11-21,0,0.508310,1
AAPL,1,close-return,5,42,2024-11-22,1,0.508677,1
AAPL,1,close-return,5,42,2024-11-25,1,0.508289,1
AAPL,1,close-return,5,42,2024-11-26,1,0.507020,1
AAPL,1,close-return,5,42,2024-11-27,0,0.506722,1
AAPL,1,close-return,5,42,2024-11-29,1,0.508014,1
AAPL,1,close-return,5,42,2024-12-02,1,0.507232,1
AAPL,1,close-return,5,42,2024-12-03,1,0.506845,1
AAPL,1,close-return,5,42,2024-12-04,1,0.506040,1
AAPL,1,close-return,5,42,2024-12-05,1,0.507589,1
AAPL,1,close-return,5,42,2024-12-06,0,0.508177,1
AAPL,1,close-return,5,42,2024-12-09,1,0.508532,1
AAPL,1,close-return,5,42,2024-12-10,1,0.506874,1
AAPL,1,close-return,5,42,2024-12-11,0,0.507620,1
AAPL,1,close-return,5,42,2024-12-12,1,0.508535,1
AAPL,1,close-return,5,42,2024-12-13,1,0.508299,1
AAPL,1,close-return,5,42,2024-12-16,1,0.508464,1
AAPL,1,close-return,5,42,2024-12-17,1,0.507505,1
AAPL,1,close-return,5,42,2024-12-18,0,0.506957,1
AAPL,1,close-return,5,42,2024-12-19,1,0.508414,1
AAPL,1,close-return,5,42,2024-12-20,1,0.508803,1
AAPL,1,close-return,5,42,2024-12-23,1,0.506435,1
AAPL,1,close-return,5,42,2024-12-24,1,0.507626,1
AAPL,1,close-return,5,42,2024-12-26,1,0.506760,1
AAPL,1,close-return,5,42,2024-12-27,0,0.507426,1
AAPL,1,close-return,5,42,2024-12-30,0,0.508514,1
AAPL,1,close-return,5,42,2024-12-31,0,0.508537,1
AAPL,1,close-return,5,42,2025-01-02,0,0.508784,1
AAPL,1,close-return,5,42,2025-01-03,0,0.508033,1
AAPL,1,close-return,5,42,2025-01-06,1,0.508907,1
AAPL,1,close-return,5,42,2025-01-07,0,0.509118,1
AAPL,1,close-return,5,42,2025-01-08,1,0.508908,1
AAPL,1,close-return,5,42,2025-01-10,0,0.509021,1
AAPL,1,close-return,5,42,2025-01-13,0,0.508263,1
AAPL,1,close-return,5,42,2025-01-14,0,0.508572,1
AAPL,1,close-return,5,42,2025-01-15,1,0.508934,1
AAPL,1,close-return,5,42,2025-01-16,0,0.507783,1
AAPL,1,close-return,5,42,2025-01-17,1,0.507917,1
AAPL,1,close-return,5,42,2025-01-21,0,0.509131,1
AAPL,1,close-return,5,42,2025-01-22,1,0.507967,1
AAPL,1,close-return,5,42,2025-01-23,0,0.509141,1
AAPL,1,close-return,5,42,2025-01-24,0,0.509169,1
AAPL,1,close-return,5,42,2025-01-27,1,0.508989,1
AAPL,1,close-return,5,42,2025-01-28,1,0.504258,1
AAPL,1,close-return,5,42,2025-01-29,1,0.499452,0
AAPL,1,close-return,5,42,2025-01-30,0,0.504047,1
AAPL,1,close-return,5,42,2025-01-31,0,0.507631,1
AAPL,1,close-return,5,42,2025-02-03,0,0.508345,1
AAPL,1,close-return,5,42,2025-02-04,1,0.507709,1
AAPL,1,close-return,5,42,2025-02-05,0,0.508956,1
AAPL,1,close-return,5,42,2025-02-06,1,0.508983,1
AAPL,1,close-return,5,42,2025-02-07,0,0.508704,1
AAPL,1,close-return,5,42,2025-02-10,1,0.508354,1
AAPL,1,close-return,5,42,2025-02-11,1,0.508919,1
AAPL,1,close-return,5,42,2025-02-12,1,0.506996,1
AAPL,1,close-return,5,42,2025-02-13,1,0.504742,1
AAPL,1,close-return,5,42,2025-02-14,1,0.503274,1
AAPL,1,close-return,5,42,2025-02-18,0,0.503965,1
AAPL,1,close-return,5,42,2025-02-19,1,0.506929,1
AAPL,1,close-return,5,42,2025-02-20,1,0.507875,1
AAPL,1,close-return,5,42,2025-02-21,0,0.508102,1
AAPL,1,close-return,5,42,2025-02-24,1,0.508574,1
AAPL,1,close-return,5,42,2025-02-25,0,0.508310,1
AAPL,1,close-return,5,42,2025-02-26,0,0.508540,1
AAPL,1,close-return,5,42,2025-02-27,0,0.508138,1
AAPL,1,close-return,5,42,2025-02-28,1,0.508418,1
AAPL,1,close-return,5,42,2025-03-03,0,0.508526,1
AAPL,1,close-return,5,42,2025-03-04,0,0.508861,1
AAPL,1,close-return,5,42,2025-03-05,0,0.508829,1
AAPL,1,close-return,5,42,2025-03-06,0,0.508990,1
AAPL,1,close-return,5,42,2025-03-07,1,0.508955,1
AAPL,1,close-return,5,42,2025-03-10,0,0.507644,1
AAPL,1,close-return,5,42,2025-03-11,0,0.507558,1
AAPL,1,close-return,5,42,2025-03-12,0,0.507531,1
AAPL,1,close-return,5,42,2025-03-13,0,0.507995,1
AAPL,1,close-return,5,42,2025-03-14,1,0.507521,1
AAPL,1,close-return,5,42,2025-03-17,1,0.509272,1
AAPL,1,close-return,5,123,2024-10-21,1,0.512498,1
AAPL,1,close-return,5,123,2024-10-22,0,0.512443,1
AAPL,1,close-return,5,123,2024-10-23,0,0.512829,1
AAPL,1,close-return,5,123,2024-10-24,0,0.510759,1
AAPL,1,close-return,5,123,2024-10-25,1,0.513563,1
AAPL,1,close-return,5,123,2024-10-28,1,0.514084,1
AAPL,1,close-return,5,123,2024-10-29,1,0.513438,1
AAPL,1,close-return,5,123,2024-10-30,0,0.513171,1
AAPL,1,close-return,5,123,2024-10-31,0,0.512065,1
AAPL,1,close-return,5,123,2024-11-01,0,0.510915,1
AAPL,1,close-return,5,123,2024-11-04,0,0.511798,1
AAPL,1,close-return,5,123,2024-11-05,1,0.513819,1
AAPL,1,close-return,5,123,2024-11-06,0,0.514490,1
AAPL,1,close-return,5,123,2024-11-07,1,0.513790,1
AAPL,1,close-return,5,123,2024-11-08,0,0.512028,1
AAPL,1,close-return,5,123,2024-11-11,0,0.512493,1
AAPL,1,close-return,5,123,2024-11-12,0,0.512301,1
AAPL,1,close-return,5,123,2024-11-13,1,0.513435,1
AAPL,1,close-return,5,123,2024-11-14,1,0.513527,1
AAPL,1,close-return,5,123,2024-11-15,0,0.512659,1
AAPL,1,close-return,5,123,2024-11-18,1,0.512552,1
AAPL,1,close-return,5,123,2024-11-19,1,0.512862,1
AAPL,1,close-return,5,123,2024-11-20,1,0.512899,1
AAPL,1,close-return,5,123,2024-11-21,0,0.512935,1
AAPL,1,close-return,5,123,2024-11-22,1,0.513138,1
AAPL,1,close-return,5,123,2024-11-25,1,0.512980,1
AAPL,1,close-return,5,123,2024-11-26,1,0.512244,1
AAPL,1,close-return,5,123,2024-11-27,0,0.511870,1
AAPL,1,close-return,5,123,2024-11-29,1,0.512390,1
AAPL,1,close-return,5,123,2024-12-02,1,0.512130,1
AAPL,1,close-return,5,123,2024-12-03,1,0.511898,1
AAPL,1,close-return,5,123,2024-12-04,1,0.511483,1
AAPL,1,close-return,5,123,2024-12-05,1,0.512105,1
AAPL,1,close-return,5,123,2024-12-06,0,0.512515,1
AAPL,1,close-return,5,123,2024-12-09,1,0.512926,1
AAPL,1,close-return,5,123,2024-12-10,1,0.512190,1
AAPL,1,close-return,5,123,2024-12-11,0,0.512373,1
AAPL,1,close-return,5,123,2024-12-12,1,0.512726,1
AAPL,1,close-return,5,123,2024-12-13,1,0.512946,1
AAPL,1,close-return,5,123,2024-12-16,1,0.512999,1
AAPL,1,close-return,5,123,2024-12-17,1,0.512547,1
AAPL,1,close-return,5,123,2024-12-18,0,0.512067,1
AAPL,1,close-return,5,123,2024-12-19,1,0.511275,1
AAPL,1,close-return,5,123,2024-12-20,1,0.513559,1
AAPL,1,close-return,5,123,2024-12-23,1,0.512107,1
AAPL,1,close-return,5,123,2024-12-24,1,0.512411,1
AAPL,1,close-return,5,123,2024-12-26,1,0.511940,1
AAPL,1,close-return,5,123,2024-12-27,0,0.512023,1
AAPL,1,close-return,5,123,2024-12-30,0,0.512106,1
AAPL,1,close-return,5,123,2024-12-31,0,0.511954,1
AAPL,1,close-return,5,123,2025-01-02,0,0.513086,1
AAPL,1,close-return,5,123,2025-01-03,0,0.509566,1
AAPL,1,close-return,5,123,2025-01-06,1,0.513805,1
AAPL,1,close-return,5,123,2025-01-07,0,0.514567,1
AAPL,1,close-return,5,123,2025-01-08,1,0.513277,1
AAPL,1,close-return,5,123,2025-01-10,0,0.513955,1
AAPL,1,close-return,5,123,2025-01-13,0,0.510516,1
AAPL,1,close-return,5,123,2025-01-14,0,0.512284,1
AAPL,1,close-return,5,123,2025-01-15,1,0.513755,1
AAPL,1,close-return,5,123,2025-01-16,0,0.513375,1
AAPL,1,close-return,5,123,2025-01-17,1,0.508149,1
AAPL,1,close-return,5,123,2025-01-21,0,0.514225,1
AAPL,1,close-return,5,123,2025-01-22,1,0.508970,1
AAPL,1,close-return,5,123,2025-01-23,0,0.514602,1
AAPL,1,close-return,5,123,2025-01-24,0,0.514543,1
AAPL,1,close-return,5,123,2025-01-27,1,0.513761,1
AAPL,1,close-return,5,123,2025-01-28,1,0.511230,1
AAPL,1,close-return,5,123,2025-01-29,1,0.508624,1
AAPL,1,close-return,5,123,2025-01-30,0,0.509959,1
AAPL,1,close-return,5,123,2025-01-31,0,0.511454,1
AAPL,1,close-return,5,123,2025-02-03,0,0.512194,1
AAPL,1,close-return,5,123,2025-02-04,1,0.507656,1
AAPL,1,close-return,5,123,2025-02-05,0,0.514409,1
AAPL,1,close-return,5,123,2025-02-06,1,0.513990,1
AAPL,1,close-return,5,123,2025-02-07,0,0.513580,1
AAPL,1,close-return,5,123,2025-02-10,1,0.510781,1
AAPL,1,close-return,5,123,2025-02-11,1,0.513591,1
AAPL,1,close-return,5,123,2025-02-12,1,0.512719,1
AAPL,1,close-return,5,123,2025-02-13,1,0.511168,1
AAPL,1,close-return,5,123,2025-02-14,1,0.510223,1
AAPL,1,close-return,5,123,2025-02-18,0,0.510155,1
AAPL,1,close-return,5,123,2025-02-19,1,0.511342,1
AAPL,1,close-return,5,123,2025-02-20,1,0.512226,1
AAPL,1,close-return,5,123,2025-02-21,0,0.512662,1
AAPL,1,close-return,5,123,2025-02-24,1,0.513030,1
AAPL,1,close-return,5,123,2025-02-25,0,0.513052,1
AAPL,1,close-return,5,123,2025-02-26,0,0.513053,1
AAPL,1,close-return,5,123,2025-02-27,0,0.509817,1
AAPL,1,close-return,5,123,2025-02-28,1,0.511585,1
AAPL,1,close-return,5,123,2025-03-03,0,0.514011,1
AAPL,1,close-return,5,123,2025-03-04,0,0.513015,1
AAPL,1,close-return,5,123,2025-03-05,0,0.513070,1
AAPL,1,close-return,5,123,2025-03-06,0,0.513838,1
AAPL,1,close-return,5,123,2025-03-07,1,0.513759,1
AAPL,1,close-return,5,123,2025-03-10,0,0.512992,1
AAPL,1,close-return,5,123,2025-03-11,0,0.506066,1
AAPL,1,close-return,5,123,2025-03-12,0,0.506972,1
AAPL,1,close-return,5,123,2025-03-13,0,0.510078,1
AAPL,1,close-return,5,123,2025-03-14,1,0.507281,1
AAPL,1,close-return,5,123,2025-03-17,1,0.515885,1
AAPL,1,close-return,5,2026,2024-10-21,1,0.521144,1
AAPL,1,close-return,5,2026,2024-10-22,0,0.521269,1
AAPL,1,close-return,5,2026,2024-10-23,0,0.523314,1
AAPL,1,close-return,5,2026,2024-10-24,0,0.521259,1
AAPL,1,close-return,5,2026,2024-10-25,1,0.524411,1
AAPL,1,close-return,5,2026,2024-10-28,1,0.525371,1
AAPL,1,close-return,5,2026,2024-10-29,1,0.523695,1
AAPL,1,close-return,5,2026,2024-10-30,0,0.523686,1
AAPL,1,close-return,5,2026,2024-10-31,0,0.522428,1
AAPL,1,close-return,5,2026,2024-11-01,0,0.521586,1
AAPL,1,close-return,5,2026,2024-11-04,0,0.522621,1
AAPL,1,close-return,5,2026,2024-11-05,1,0.524824,1
AAPL,1,close-return,5,2026,2024-11-06,0,0.525966,1
AAPL,1,close-return,5,2026,2024-11-07,1,0.524847,1
AAPL,1,close-return,5,2026,2024-11-08,0,0.516448,1
AAPL,1,close-return,5,2026,2024-11-11,0,0.522504,1
AAPL,1,close-return,5,2026,2024-11-12,0,0.522633,1
AAPL,1,close-return,5,2026,2024-11-13,1,0.524250,1
AAPL,1,close-return,5,2026,2024-11-14,1,0.524458,1
AAPL,1,close-return,5,2026,2024-11-15,0,0.520613,1
AAPL,1,close-return,5,2026,2024-11-18,1,0.523155,1
AAPL,1,close-return,5,2026,2024-11-19,1,0.522651,1
AAPL,1,close-return,5,2026,2024-11-20,1,0.523268,1
AAPL,1,close-return,5,2026,2024-11-21,0,0.523263,1
AAPL,1,close-return,5,2026,2024-11-22,1,0.523814,1
AAPL,1,close-return,5,2026,2024-11-25,1,0.523347,1
AAPL,1,close-return,5,2026,2024-11-26,1,0.519484,1
AAPL,1,close-return,5,2026,2024-11-27,0,0.518417,1
AAPL,1,close-return,5,2026,2024-11-29,1,0.522267,1
AAPL,1,close-return,5,2026,2024-12-02,1,0.520353,1
AAPL,1,close-return,5,2026,2024-12-03,1,0.519050,1
AAPL,1,close-return,5,2026,2024-12-04,1,0.516082,1
AAPL,1,close-return,5,2026,2024-12-05,1,0.521201,1
AAPL,1,close-return,5,2026,2024-12-06,0,0.522672,1
AAPL,1,close-return,5,2026,2024-12-09,1,0.523472,1
AAPL,1,close-return,5,2026,2024-12-10,1,0.519149,1
AAPL,1,close-return,5,2026,2024-12-11,0,0.521335,1
AAPL,1,close-return,5,2026,2024-12-12,1,0.523211,1
AAPL,1,close-return,5,2026,2024-12-13,1,0.523332,1
AAPL,1,close-return,5,2026,2024-12-16,1,0.523557,1
AAPL,1,close-return,5,2026,2024-12-17,1,0.521112,1
AAPL,1,close-return,5,2026,2024-12-18,0,0.519193,1
AAPL,1,close-return,5,2026,2024-12-19,1,0.521702,1
AAPL,1,close-return,5,2026,2024-12-20,1,0.524749,1
AAPL,1,close-return,5,2026,2024-12-23,1,0.517412,1
AAPL,1,close-return,5,2026,2024-12-24,1,0.521281,1
AAPL,1,close-return,5,2026,2024-12-26,1,0.518391,1
AAPL,1,close-return,5,2026,2024-12-27,0,0.520844,1
AAPL,1,close-return,5,2026,2024-12-30,0,0.522333,1
AAPL,1,close-return,5,2026,2024-12-31,0,0.522365,1
AAPL,1,close-return,5,2026,2025-01-02,0,0.523722,1
AAPL,1,close-return,5,2026,2025-01-03,0,0.521058,1
AAPL,1,close-return,5,2026,2025-01-06,1,0.524960,1
AAPL,1,close-return,5,2026,2025-01-07,0,0.526116,1
AAPL,1,close-return,5,2026,2025-01-08,1,0.524102,1
AAPL,1,close-return,5,2026,2025-01-10,0,0.525091,1
AAPL,1,close-return,5,2026,2025-01-13,0,0.521406,1
AAPL,1,close-return,5,2026,2025-01-14,0,0.523071,1
AAPL,1,close-return,5,2026,2025-01-15,1,0.524714,1
AAPL,1,close-return,5,2026,2025-01-16,0,0.522113,1
AAPL,1,close-return,5,2026,2025-01-17,1,0.520469,1
AAPL,1,close-return,5,2026,2025-01-21,0,0.525986,1
AAPL,1,close-return,5,2026,2025-01-22,1,0.520813,1
AAPL,1,close-return,5,2026,2025-01-23,0,0.526098,1
AAPL,1,close-return,5,2026,2025-01-24,0,0.525873,1
AAPL,1,close-return,5,2026,2025-01-27,1,0.524692,1
AAPL,1,close-return,5,2026,2025-01-28,1,0.508670,1
AAPL,1,close-return,5,2026,2025-01-29,1,0.489114,0
AAPL,1,close-return,5,2026,2025-01-30,0,0.507929,1
AAPL,1,close-return,5,2026,2025-01-31,0,0.520993,1
AAPL,1,close-return,5,2026,2025-02-03,0,0.522278,1
AAPL,1,close-return,5,2026,2025-02-04,1,0.519390,1
AAPL,1,close-return,5,2026,2025-02-05,0,0.526402,1
AAPL,1,close-return,5,2026,2025-02-06,1,0.525355,1
AAPL,1,close-return,5,2026,2025-02-07,0,0.524368,1
AAPL,1,close-return,5,2026,2025-02-10,1,0.521570,1
AAPL,1,close-return,5,2026,2025-02-11,1,0.524483,1
AAPL,1,close-return,5,2026,2025-02-12,1,0.519360,1
AAPL,1,close-return,5,2026,2025-02-13,1,0.510362,1
AAPL,1,close-return,5,2026,2025-02-14,1,0.504416,1
AAPL,1,close-return,5,2026,2025-02-18,0,0.508020,1
AAPL,1,close-return,5,2026,2025-02-19,1,0.519459,1
AAPL,1,close-return,5,2026,2025-02-20,1,0.522010,1
AAPL,1,close-return,5,2026,2025-02-21,0,0.522768,1
AAPL,1,close-return,5,2026,2025-02-24,1,0.523648,1
AAPL,1,close-return,5,2026,2025-02-25,0,0.523393,1
AAPL,1,close-return,5,2026,2025-02-26,0,0.523668,1
AAPL,1,close-return,5,2026,2025-02-27,0,0.520758,1
AAPL,1,close-return,5,2026,2025-02-28,1,0.522428,1
AAPL,1,close-return,5,2026,2025-03-03,0,0.524849,1
AAPL,1,close-return,5,2026,2025-03-04,0,0.523973,1
AAPL,1,close-return,5,2026,2025-03-05,0,0.523809,1
AAPL,1,close-return,5,2026,2025-03-06,0,0.524790,1
AAPL,1,close-return,5,2026,2025-03-07,1,0.524706,1
AAPL,1,close-return,5,2026,2025-03-10,0,0.521468,1
AAPL,1,close-return,5,2026,2025-03-11,0,0.519121,1
AAPL,1,close-return,5,2026,2025-03-12,0,0.519691,1
AAPL,1,close-return,5,2026,2025-03-13,0,0.522039,1
AAPL,1,close-return,5,2026,2025-03-14,1,0.520278,1
AAPL,1,close-return,5,2026,2025-03-17,1,0.528169,1
AAPL,1,close-return,20,42,2024-10-21,1,0.507442,1
AAPL,1,close-return,20,42,2024-10-22,0,0.507448,1
AAPL,1,close-return,20,42,2024-10-23,0,0.508236,1
AAPL,1,close-return,20,42,2024-10-24,0,0.508135,1
AAPL,1,close-return,20,42,2024-10-25,1,0.508701,1
AAPL,1,close-return,20,42,2024-10-28,1,0.508740,1
AAPL,1,close-return,20,42,2024-10-29,1,0.508143,1
AAPL,1,close-return,20,42,2024-10-30,0,0.508313,1
AAPL,1,close-return,20,42,2024-10-31,0,0.508449,1
AAPL,1,close-return,20,42,2024-11-01,0,0.508151,1
AAPL,1,close-return,20,42,2024-11-04,0,0.508265,1
AAPL,1,close-return,20,42,2024-11-05,1,0.508702,1
AAPL,1,close-return,20,42,2024-11-06,0,0.508826,1
AAPL,1,close-return,20,42,2024-11-07,1,0.508786,1
AAPL,1,close-return,20,42,2024-11-08,0,0.506456,1
AAPL,1,close-return,20,42,2024-11-11,0,0.508111,1
AAPL,1,close-return,20,42,2024-11-12,0,0.508488,1
AAPL,1,close-return,20,42,2024-11-13,1,0.508670,1
AAPL,1,close-return,20,42,2024-11-14,1,0.508547,1
AAPL,1,close-return,20,42,2024-11-15,0,0.507243,1
AAPL,1,close-return,20,42,2024-11-18,1,0.508498,1
AAPL,1,close-return,20,42,2024-11-19,1,0.507899,1
AAPL,1,close-return,20,42,2024-11-20,1,0.508196,1
AAPL,1,close-return,20,42,2024-11-21,0,0.508174,1
AAPL,1,close-return,20,42,2024-11-22,1,0.508442,1
AAPL,1,close-return,20,42,2024-11-25,1,0.508184,1
AAPL,1,close-return,20,42,2024-11-26,1,0.506973,1
AAPL,1,close-return,20,42,2024-11-27,0,0.506744,1
AAPL,1,close-return,20,42,2024-11-29,1,0.507888,1
AAPL,1,close-return,20,42,2024-12-02,1,0.507236,1
AAPL,1,close-return,20,42,2024-12-03,1,0.506864,1
AAPL,1,close-return,20,42,2024-12-04,1,0.506084,1
AAPL,1,close-return,20,42,2024-12-05,1,0.507447,1
AAPL,1,close-return,20,42,2024-12-06,0,0.508023,1
AAPL,1,close-return,20,42,2024-12-09,1,0.508312,1
AAPL,1,close-return,20,42,2024-12-10,1,0.506809,1
AAPL,1,close-return,20,42,2024-12-11,0,0.507443,1
AAPL,1,close-return,20,42,2024-12-12,1,0.508317,1
AAPL,1,close-return,20,42,2024-12-13,1,0.508132,1
AAPL,1,close-return,20,42,2024-12-16,1,0.508300,1
AAPL,1,close-return,20,42,2024-12-17,1,0.507360,1
AAPL,1,close-return,20,42,2024-12-18,0,0.506901,1
AAPL,1,close-return,20,42,2024-12-19,1,0.508247,1
AAPL,1,close-return,20,42,2024-12-20,1,0.508590,1
AAPL,1,close-return,20,42,2024-12-23,1,0.506499,1
AAPL,1,close-return,20,42,2024-12-24,1,0.507502,1
AAPL,1,close-return,20,42,2024-12-26,1,0.506710,1
AAPL,1,close-return,20,42,2024-12-27,0,0.507495,1
AAPL,1,close-return,20,42,2024-12-30,0,0.508360,1
AAPL,1,close-return,20,42,2024-12-31,0,0.508327,1
AAPL,1,close-return,20,42,2025-01-02,0,0.508559,1
AAPL,1,close-return,20,42,2025-01-03,0,0.507842,1
AAPL,1,close-return,20,42,2025-01-06,1,0.508670,1
AAPL,1,close-return,20,42,2025-01-07,0,0.508865,1
AAPL,1,close-return,20,42,2025-01-08,1,0.508709,1
AAPL,1,close-return,20,42,2025-01-10,0,0.508822,1
AAPL,1,close-return,20,42,2025-01-13,0,0.508136,1
AAPL,1,close-return,20,42,2025-01-14,0,0.508400,1
AAPL,1,close-return,20,42,2025-01-15,1,0.508716,1
AAPL,1,close-return,20,42,2025-01-16,0,0.507711,1
AAPL,1,close-return,20,42,2025-01-17,1,0.507759,1
AAPL,1,close-return,20,42,2025-01-21,0,0.508944,1
AAPL,1,close-return,20,42,2025-01-22,1,0.507822,1
AAPL,1,close-return,20,42,2025-01-23,0,0.508926,1
AAPL,1,close-return,20,42,2025-01-24,0,0.508911,1
AAPL,1,close-return,20,42,2025-01-27,1,0.508830,1
AAPL,1,close-return,20,42,2025-01-28,1,0.504616,1
AAPL,1,close-return,20,42,2025-01-29,1,0.500315,1
AAPL,1,close-return,20,42,2025-01-30,0,0.504572,1
AAPL,1,close-return,20,42,2025-01-31,0,0.507691,1
AAPL,1,close-return,20,42,2025-02-03,0,0.508281,1
AAPL,1,close-return,20,42,2025-02-04,1,0.507546,1
AAPL,1,close-return,20,42,2025-02-05,0,0.508615,1
AAPL,1,close-return,20,42,2025-02-06,1,0.508678,1
AAPL,1,close-return,20,42,2025-02-07,0,0.508480,1
AAPL,1,close-return,20,42,2025-02-10,1,0.508184,1
AAPL,1,close-return,20,42,2025-02-11,1,0.508774,1
AAPL,1,close-return,20,42,2025-02-12,1,0.506964,1
AAPL,1,close-return,20,42,2025-02-13,1,0.505013,1
AAPL,1,close-return,20,42,2025-02-14,1,0.503702,1
AAPL,1,close-return,20,42,2025-02-18,0,0.504535,1
AAPL,1,close-return,20,42,2025-02-19,1,0.507102,1
AAPL,1,close-return,20,42,2025-02-20,1,0.507744,1
AAPL,1,close-return,20,42,2025-02-21,0,0.507874,1
AAPL,1,close-return,20,42,2025-02-24,1,0.508268,1
AAPL,1,close-return,20,42,2025-02-25,0,0.508019,1
AAPL,1,close-return,20,42,2025-02-26,0,0.508302,1
AAPL,1,close-return,20,42,2025-02-27,0,0.507956,1
AAPL,1,close-return,20,42,2025-02-28,1,0.508219,1
AAPL,1,close-return,20,42,2025-03-03,0,0.508322,1
AAPL,1,close-return,20,42,2025-03-04,0,0.508637,1
AAPL,1,close-return,20,42,2025-03-05,0,0.508611,1
AAPL,1,close-return,20,42,2025-03-06,0,0.508813,1
AAPL,1,close-return,20,42,2025-03-07,1,0.508794,1
AAPL,1,close-return,20,42,2025-03-10,0,0.507519,1
AAPL,1,close-return,20,42,2025-03-11,0,0.507419,1
AAPL,1,close-return,20,42,2025-03-12,0,0.507368,1
AAPL,1,close-return,20,42,2025-03-13,0,0.507808,1
AAPL,1,close-return,20,42,2025-03-14,1,0.507335,1
AAPL,1,close-return,20,42,2025-03-17,1,0.508995,1
AAPL,1,close-return,20,123,2024-10-21,1,0.512157,1
AAPL,1,close-return,20,123,2024-10-22,0,0.512010,1
AAPL,1,close-return,20,123,2024-10-23,0,0.512428,1
AAPL,1,close-return,20,123,2024-10-24,0,0.510876,1
AAPL,1,close-return,20,123,2024-10-25,1,0.513244,1
AAPL,1,close-return,20,123,2024-10-28,1,0.513547,1
AAPL,1,close-return,20,123,2024-10-29,1,0.512899,1
AAPL,1,close-return,20,123,2024-10-30,0,0.512788,1
AAPL,1,close-return,20,123,2024-10-31,0,0.512120,1
AAPL,1,close-return,20,123,2024-11-01,0,0.511052,1
AAPL,1,close-return,20,123,2024-11-04,0,0.511761,1
AAPL,1,close-return,20,123,2024-11-05,1,0.513459,1
AAPL,1,close-return,20,123,2024-11-06,0,0.513937,1
AAPL,1,close-return,20,123,2024-11-07,1,0.513497,1
AAPL,1,close-return,20,123,2024-11-08,0,0.511821,1
AAPL,1,close-return,20,123,2024-11-11,0,0.512436,1
AAPL,1,close-return,20,123,2024-11-12,0,0.512325,1
AAPL,1,close-return,20,123,2024-11-13,1,0.513156,1
AAPL,1,close-return,20,123,2024-11-14,1,0.513172,1
AAPL,1,close-return,20,123,2024-11-15,0,0.512140,1
AAPL,1,close-return,20,123,2024-11-18,1,0.512370,1
AAPL,1,close-return,20,123,2024-11-19,1,0.512551,1
AAPL,1,close-return,20,123,2024-11-20,1,0.512614,1
AAPL,1,close-return,20,123,2024-11-21,0,0.512598,1
AAPL,1,close-return,20,123,2024-11-22,1,0.512748,1
AAPL,1,close-return,20,123,2024-11-25,1,0.512683,1
AAPL,1,close-return,20,123,2024-11-26,1,0.511829,1
AAPL,1,close-return,20,123,2024-11-27,0,0.511529,1
AAPL,1,close-return,20,123,2024-11-29,1,0.512093,1
AAPL,1,close-return,20,123,2024-12-02,1,0.511820,1
AAPL,1,close-return,20,123,2024-12-03,1,0.511557,1
AAPL,1,close-return,20,123,2024-12-04,1,0.511089,1
AAPL,1,close-return,20,123,2024-12-05,1,0.511725,1
AAPL,1,close-return,20,123,2024-12-06,0,0.512192,1
AAPL,1,close-return,20,123,2024-12-09,1,0.512531,1
AAPL,1,close-return,20,123,2024-12-10,1,0.511702,1
AAPL,1,close-return,20,123,2024-12-11,0,0.511902,1
AAPL,1,close-return,20,123,2024-12-12,1,0.512395,1
AAPL,1,close-return,20,123,2024-12-13,1,0.512553,1
AAPL,1,close-return,20,123,2024-12-16,1,0.512651,1
AAPL,1,close-return,20,123,2024-12-17,1,0.512056,1
AAPL,1,close-return,20,123,2024-12-18,0,0.511652,1
AAPL,1,close-return,20,123,2024-12-19,1,0.511320,1
AAPL,1,close-return,20,123,2024-12-20,1,0.513137,1
AAPL,1,close-return,20,123,2024-12-23,1,0.511689,1
AAPL,1,close-return,20,123,2024-12-24,1,0.511998,1
AAPL,1,close-return,20,123,2024-12-26,1,0.511521,1
AAPL,1,close-return,20,123,2024-12-27,0,0.511874,1
AAPL,1,close-return,20,123,2024-12-30,0,0.512026,1
AAPL,1,close-return,20,123,2024-12-31,0,0.511828,1
AAPL,1,close-return,20,123,2025-01-02,0,0.512800,1
AAPL,1,close-return,20,123,2025-01-03,0,0.509709,1
AAPL,1,close-return,20,123,2025-01-06,1,0.513433,1
AAPL,1,close-return,20,123,2025-01-07,0,0.514069,1
AAPL,1,close-return,20,123,2025-01-08,1,0.513123,1
AAPL,1,close-return,20,123,2025-01-10,0,0.513659,1
AAPL,1,close-return,20,123,2025-01-13,0,0.510809,1
AAPL,1,close-return,20,123,2025-01-14,0,0.512271,1
AAPL,1,close-return,20,123,2025-01-15,1,0.513468,1
AAPL,1,close-return,20,123,2025-01-16,0,0.512963,1
AAPL,1,close-return,20,123,2025-01-17,1,0.508613,1
AAPL,1,close-return,20,123,2025-01-21,0,0.513995,1
AAPL,1,close-return,20,123,2025-01-22,1,0.509368,1
AAPL,1,close-return,20,123,2025-01-23,0,0.514251,1
AAPL,1,close-return,20,123,2025-01-24,0,0.514066,1
AAPL,1,close-return,20,123,2025-01-27,1,0.513668,1
AAPL,1,close-return,20,123,2025-01-28,1,0.510947,1
AAPL,1,close-return,20,123,2025-01-29,1,0.508591,1
AAPL,1,close-return,20,123,2025-01-30,0,0.509953,1
AAPL,1,close-return,20,123,2025-01-31,0,0.511478,1
AAPL,1,close-return,20,123,2025-02-03,0,0.512150,1
AAPL,1,close-return,20,123,2025-02-04,1,0.507978,1
AAPL,1,close-return,20,123,2025-02-05,0,0.513550,1
AAPL,1,close-return,20,123,2025-02-06,1,0.513373,1
AAPL,1,close-return,20,123,2025-02-07,0,0.513132,1
AAPL,1,close-return,20,123,2025-02-10,1,0.510937,1
AAPL,1,close-return,20,123,2025-02-11,1,0.513501,1
AAPL,1,close-return,20,123,2025-02-12,1,0.512269,1
AAPL,1,close-return,20,123,2025-02-13,1,0.510861,1
AAPL,1,close-return,20,123,2025-02-14,1,0.509980,1
AAPL,1,close-return,20,123,2025-02-18,0,0.510135,1
AAPL,1,close-return,20,123,2025-02-19,1,0.511293,1
AAPL,1,close-return,20,123,2025-02-20,1,0.511904,1
AAPL,1,close-return,20,123,2025-02-21,0,0.512179,1
AAPL,1,close-return,20,123,2025-02-24,1,0.512494,1
AAPL,1,close-return,20,123,2025-02-25,0,0.512468,1
AAPL,1,close-return,20,123,2025-02-26,0,0.512616,1
AAPL,1,close-return,20,123,2025-02-27,0,0.510001,1
AAPL,1,close-return,20,123,2025-02-28,1,0.511537,1
AAPL,1,close-return,20,123,2025-03-03,0,0.513424,1
AAPL,1,close-return,20,123,2025-03-04,0,0.512785,1
AAPL,1,close-return,20,123,2025-03-05,0,0.512867,1
AAPL,1,close-return,20,123,2025-03-06,0,0.513636,1
AAPL,1,close-return,20,123,2025-03-07,1,0.513563,1
AAPL,1,close-return,20,123,2025-03-10,0,0.512534,1
AAPL,1,close-return,20,123,2025-03-11,0,0.506725,1
AAPL,1,close-return,20,123,2025-03-12,0,0.507433,1
AAPL,1,close-return,20,123,2025-03-13,0,0.510192,1
AAPL,1,close-return,20,123,2025-03-14,1,0.507598,1
AAPL,1,close-return,20,123,2025-03-17,1,0.515158,1
AAPL,1,close-return,20,2026,2024-10-21,1,0.520980,1
AAPL,1,close-return,20,2026,2024-10-22,0,0.520942,1
AAPL,1,close-return,20,2026,2024-10-23,0,0.523032,1
AAPL,1,close-return,20,2026,2024-10-24,0,0.521248,1
AAPL,1,close-return,20,2026,2024-10-25,1,0.524095,1
AAPL,1,close-return,20,2026,2024-10-28,1,0.524745,1
AAPL,1,close-return,20,2026,2024-10-29,1,0.522963,1
AAPL,1,close-return,20,2026,2024-10-30,0,0.523297,1
AAPL,1,close-return,20,2026,2024-10-31,0,0.522527,1
AAPL,1,close-return,20,2026,2024-11-01,0,0.521515,1
AAPL,1,close-return,20,2026,2024-11-04,0,0.522311,1
AAPL,1,close-return,20,2026,2024-11-05,1,0.524243,1
AAPL,1,close-return,20,2026,2024-11-06,0,0.525126,1
AAPL,1,close-return,20,2026,2024-11-07,1,0.524443,1
AAPL,1,close-return,20,2026,2024-11-08,0,0.516175,1
AAPL,1,close-return,20,2026,2024-11-11,0,0.522578,1
AAPL,1,close-return,20,2026,2024-11-12,0,0.522776,1
AAPL,1,close-return,20,2026,2024-11-13,1,0.524026,1
AAPL,1,close-return,20,2026,2024-11-14,1,0.524101,1
AAPL,1,close-return,20,2026,2024-11-15,0,0.519867,1
AAPL,1,close-return,20,2026,2024-11-18,1,0.522998,1
AAPL,1,close-return,20,2026,2024-11-19,1,0.522393,1
AAPL,1,close-return,20,2026,2024-11-20,1,0.523094,1
AAPL,1,close-return,20,2026,2024-11-21,0,0.523031,1
AAPL,1,close-return,20,2026,2024-11-22,1,0.523490,1
AAPL,1,close-return,20,2026,2024-11-25,1,0.523167,1
AAPL,1,close-return,20,2026,2024-11-26,1,0.519130,1
AAPL,1,close-return,20,2026,2024-11-27,0,0.518367,1
AAPL,1,close-return,20,2026,2024-11-29,1,0.522219,1
AAPL,1,close-return,20,2026,2024-12-02,1,0.520394,1
AAPL,1,close-return,20,2026,2024-12-03,1,0.519095,1
AAPL,1,close-return,20,2026,2024-12-04,1,0.516171,1
AAPL,1,close-return,20,2026,2024-12-05,1,0.521147,1
AAPL,1,close-return,20,2026,2024-12-06,0,0.522650,1
AAPL,1,close-return,20,2026,2024-12-09,1,0.523275,1
AAPL,1,close-return,20,2026,2024-12-10,1,0.518851,1
AAPL,1,close-return,20,2026,2024-12-11,0,0.521044,1
AAPL,1,close-return,20,2026,2024-12-12,1,0.523070,1
AAPL,1,close-return,20,2026,2024-12-13,1,0.523118,1
AAPL,1,close-return,20,2026,2024-12-16,1,0.523383,1
AAPL,1,close-return,20,2026,2024-12-17,1,0.520669,1
AAPL,1,close-return,20,2026,2024-12-18,0,0.519004,1
AAPL,1,close-return,20,2026,2024-12-19,1,0.521765,1
AAPL,1,close-return,20,2026,2024-12-20,1,0.524399,1
AAPL,1,close-return,20,2026,2024-12-23,1,0.517085,1
AAPL,1,close-return,20,2026,2024-12-24,1,0.520990,1
AAPL,1,close-return,20,2026,2024-12-26,1,0.518241,1
AAPL,1,close-return,20,2026,2024-12-27,0,0.521148,1
AAPL,1,close-return,20,2026,2024-12-30,0,0.522420,1
AAPL,1,close-return,20,2026,2024-12-31,0,0.522129,1
AAPL,1,close-return,20,2026,2025-01-02,0,0.523336,1
AAPL,1,close-return,20,2026,2025-01-03,0,0.520673,1
AAPL,1,close-return,20,2026,2025-01-06,1,0.524318,1
AAPL,1,close-return,20,2026,2025-01-07,0,0.525346,1
AAPL,1,close-return,20,2026,2025-01-08,1,0.523844,1
AAPL,1,close-return,20,2026,2025-01-10,0,0.524687,1
AAPL,1,close-return,20,2026,2025-01-13,0,0.521479,1
AAPL,1,close-return,20,2026,2025-01-14,0,0.522855,1
AAPL,1,close-return,20,2026,2025-01-15,1,0.524219,1
AAPL,1,close-return,20,2026,2025-01-16,0,0.521091,1
AAPL,1,close-return,20,2026,2025-01-17,1,0.520373,1
AAPL,1,close-return,20,2026,2025-01-21,0,0.525578,1
AAPL,1,close-return,20,2026,2025-01-22,1,0.520739,1
AAPL,1,close-return,20,2026,2025-01-23,0,0.525535,1
AAPL,1,close-return,20,2026,2025-01-24,0,0.525113,1
AAPL,1,close-return,20,2026,2025-01-27,1,0.524472,1
AAPL,1,close-return,20,2026,2025-01-28,1,0.508222,1
AAPL,1,close-return,20,2026,2025-01-29,1,0.490653,0
AAPL,1,close-return,20,2026,2025-01-30,0,0.509323,1
AAPL,1,close-return,20,2026,2025-01-31,0,0.521567,1
AAPL,1,close-return,20,2026,2025-02-03,0,0.522588,1
AAPL,1,close-return,20,2026,2025-02-04,1,0.519241,1
AAPL,1,close-return,20,2026,2025-02-05,0,0.525217,1
AAPL,1,close-return,20,2026,2025-02-06,1,0.524618,1
AAPL,1,close-return,20,2026,2025-02-07,0,0.523887,1
AAPL,1,close-return,20,2026,2025-02-10,1,0.521502,1
AAPL,1,close-return,20,2026,2025-02-11,1,0.524417,1
AAPL,1,close-return,20,2026,2025-02-12,1,0.518372,1
AAPL,1,close-return,20,2026,2025-02-13,1,0.510265,1
AAPL,1,close-return,20,2026,2025-02-14,1,0.505154,1
AAPL,1,close-return,20,2026,2025-02-18,0,0.509519,1
AAPL,1,close-return,20,2026,2025-02-19,1,0.520148,1
AAPL,1,close-return,20,2026,2025-02-20,1,0.522040,1
AAPL,1,close-return,20,2026,2025-02-21,0,0.522499,1
AAPL,1,close-return,20,2026,2025-02-24,1,0.523235,1
AAPL,1,close-return,20,2026,2025-02-25,0,0.522888,1
AAPL,1,close-return,20,2026,2025-02-26,0,0.523372,1
AAPL,1,close-return,20,2026,2025-02-27,0,0.520651,1
AAPL,1,close-return,20,2026,2025-02-28,1,0.522100,1
AAPL,1,close-return,20,2026,2025-03-03,0,0.523878,1
AAPL,1,close-return,20,2026,2025-03-04,0,0.523623,1
AAPL,1,close-return,20,2026,2025-03-05,0,0.523463,1
AAPL,1,close-return,20,2026,2025-03-06,0,0.524559,1
AAPL,1,close-return,20,2026,2025-03-07,1,0.524482,1
AAPL,1,close-return,20,2026,2025-03-10,0,0.520557,1
AAPL,1,close-return,20,2026,2025-03-11,0,0.519151,1
AAPL,1,close-return,20,2026,2025-03-12,0,0.519489,1
AAPL,1,close-return,20,2026,2025-03-13,0,0.521583,1
AAPL,1,close-return,20,2026,2025-03-14,1,0.519816,1
AAPL,1,close-return,20,2026,2025-03-17,1,0.526822,1
AAPL,1,ohlcv,5,42,2024-10-21,1,0.504259,1
AAPL,1,ohlcv,5,42,2024-10-22,0,0.505972,1
AAPL,1,ohlcv,5,42,2024-10-23,0,0.506348,1
AAPL,1,ohlcv,5,42,2024-10-24,0,0.505037,1
AAPL,1,ohlcv,5,42,2024-10-25,1,0.505797,1
AAPL,1,ohlcv,5,42,2024-10-28,1,0.505374,1
AAPL,1,ohlcv,5,42,2024-10-29,1,0.505652,1
AAPL,1,ohlcv,5,42,2024-10-30,0,0.506401,1
AAPL,1,ohlcv,5,42,2024-10-31,0,0.505237,1
AAPL,1,ohlcv,5,42,2024-11-01,0,0.504337,1
AAPL,1,ohlcv,5,42,2024-11-04,0,0.502792,1
AAPL,1,ohlcv,5,42,2024-11-05,1,0.503624,1
AAPL,1,ohlcv,5,42,2024-11-06,0,0.504390,1
AAPL,1,ohlcv,5,42,2024-11-07,1,0.503895,1
AAPL,1,ohlcv,5,42,2024-11-08,0,0.505015,1
AAPL,1,ohlcv,5,42,2024-11-11,0,0.505132,1
AAPL,1,ohlcv,5,42,2024-11-12,0,0.505907,1
AAPL,1,ohlcv,5,42,2024-11-13,1,0.506325,1
AAPL,1,ohlcv,5,42,2024-11-14,1,0.505600,1
AAPL,1,ohlcv,5,42,2024-11-15,0,0.505769,1
AAPL,1,ohlcv,5,42,2024-11-18,1,0.505691,1
AAPL,1,ohlcv,5,42,2024-11-19,1,0.504884,1
AAPL,1,ohlcv,5,42,2024-11-20,1,0.503893,1
AAPL,1,ohlcv,5,42,2024-11-21,0,0.506039,1
AAPL,1,ohlcv,5,42,2024-11-22,1,0.505093,1
AAPL,1,ohlcv,5,42,2024-11-25,1,0.506224,1
AAPL,1,ohlcv,5,42,2024-11-26,1,0.503863,1
AAPL,1,ohlcv,5,42,2024-11-27,0,0.505505,1
AAPL,1,ohlcv,5,42,2024-11-29,1,0.505163,1
AAPL,1,ohlcv,5,42,2024-12-02,1,0.505505,1
AAPL,1,ohlcv,5,42,2024-12-03,1,0.504222,1
AAPL,1,ohlcv,5,42,2024-12-04,1,0.505735,1
AAPL,1,ohlcv,5,42,2024-12-05,1,0.506584,1
AAPL,1,ohlcv,5,42,2024-12-06,0,0.506898,1
AAPL,1,ohlcv,5,42,2024-12-09,1,0.505971,1
AAPL,1,ohlcv,5,42,2024-12-10,1,0.505254,1
AAPL,1,ohlcv,5,42,2024-12-11,0,0.506812,1
AAPL,1,ohlcv,5,42,2024-12-12,1,0.504720,1
AAPL,1,ohlcv,5,42,2024-12-13,1,0.505625,1
AAPL,1,ohlcv,5,42,2024-12-16,1,0.506366,1
AAPL,1,ohlcv,5,42,2024-12-17,1,0.505202,1
AAPL,1,ohlcv,5,42,2024-12-18,0,0.505651,1
AAPL,1,ohlcv,5,42,2024-12-19,1,0.504316,1
AAPL,1,ohlcv,5,42,2024-12-20,1,0.504691,1
AAPL,1,ohlcv,5,42,2024-12-23,1,0.503417,1
AAPL,1,ohlcv,5,42,2024-12-24,1,0.504474,1
AAPL,1,ohlcv,5,42,2024-12-26,1,0.504131,1
AAPL,1,ohlcv,5,42,2024-12-27,0,0.504960,1
AAPL,1,ohlcv,5,42,2024-12-30,0,0.506123,1
AAPL,1,ohlcv,5,42,2024-12-31,0,0.504536,1
AAPL,1,ohlcv,5,42,2025-01-02,0,0.505459,1
AAPL,1,ohlcv,5,42,2025-01-03,0,0.503943,1
AAPL,1,ohlcv,5,42,2025-01-06,1,0.505072,1
AAPL,1,ohlcv,5,42,2025-01-07,0,0.504921,1
AAPL,1,ohlcv,5,42,2025-01-08,1,0.504001,1
AAPL,1,ohlcv,5,42,2025-01-10,0,0.505306,1
AAPL,1,ohlcv,5,42,2025-01-13,0,0.504394,1
AAPL,1,ohlcv,5,42,2025-01-14,0,0.503864,1
AAPL,1,ohlcv,5,42,2025-01-15,1,0.504458,1
AAPL,1,ohlcv,5,42,2025-01-16,0,0.505546,1
AAPL,1,ohlcv,5,42,2025-01-17,1,0.503352,1
AAPL,1,ohlcv,5,42,2025-01-21,0,0.503947,1
AAPL,1,ohlcv,5,42,2025-01-22,1,0.503951,1
AAPL,1,ohlcv,5,42,2025-01-23,0,0.504996,1
AAPL,1,ohlcv,5,42,2025-01-24,0,0.505132,1
AAPL,1,ohlcv,5,42,2025-01-27,1,0.505494,1
AAPL,1,ohlcv,5,42,2025-01-28,1,0.502382,1
AAPL,1,ohlcv,5,42,2025-01-29,1,0.502412,1
AAPL,1,ohlcv,5,42,2025-01-30,0,0.502723,1
AAPL,1,ohlcv,5,42,2025-01-31,0,0.502773,1
AAPL,1,ohlcv,5,42,2025-02-03,0,0.502738,1
AAPL,1,ohlcv,5,42,2025-02-04,1,0.501959,1
AAPL,1,ohlcv,5,42,2025-02-05,0,0.504552,1
AAPL,1,ohlcv,5,42,2025-02-06,1,0.503667,1
AAPL,1,ohlcv,5,42,2025-02-07,0,0.504432,1
AAPL,1,ohlcv,5,42,2025-02-10,1,0.503635,1
AAPL,1,ohlcv,5,42,2025-02-11,1,0.505042,1
AAPL,1,ohlcv,5,42,2025-02-12,1,0.502775,1
AAPL,1,ohlcv,5,42,2025-02-13,1,0.504654,1
AAPL,1,ohlcv,5,42,2025-02-14,1,0.504566,1
AAPL,1,ohlcv,5,42,2025-02-18,0,0.504344,1
AAPL,1,ohlcv,5,42,2025-02-19,1,0.506172,1
AAPL,1,ohlcv,5,42,2025-02-20,1,0.505924,1
AAPL,1,ohlcv,5,42,2025-02-21,0,0.506175,1
AAPL,1,ohlcv,5,42,2025-02-24,1,0.503881,1
AAPL,1,ohlcv,5,42,2025-02-25,0,0.504707,1
AAPL,1,ohlcv,5,42,2025-02-26,0,0.504857,1
AAPL,1,ohlcv,5,42,2025-02-27,0,0.503911,1
AAPL,1,ohlcv,5,42,2025-02-28,1,0.503309,1
AAPL,1,ohlcv,5,42,2025-03-03,0,0.503378,1
AAPL,1,ohlcv,5,42,2025-03-04,0,0.503515,1
AAPL,1,ohlcv,5,42,2025-03-05,0,0.503589,1
AAPL,1,ohlcv,5,42,2025-03-06,0,0.502798,1
AAPL,1,ohlcv,5,42,2025-03-07,1,0.503166,1
AAPL,1,ohlcv,5,42,2025-03-10,0,0.503517,1
AAPL,1,ohlcv,5,42,2025-03-11,0,0.503259,1
AAPL,1,ohlcv,5,42,2025-03-12,0,0.502553,1
AAPL,1,ohlcv,5,42,2025-03-13,0,0.502761,1
AAPL,1,ohlcv,5,42,2025-03-14,1,0.502516,1
AAPL,1,ohlcv,5,42,2025-03-17,1,0.504197,1
AAPL,1,ohlcv,5,123,2024-10-21,1,0.455615,0
AAPL,1,ohlcv,5,123,2024-10-22,0,0.502977,1
AAPL,1,ohlcv,5,123,2024-10-23,0,0.518370,1
AAPL,1,ohlcv,5,123,2024-10-24,0,0.496889,0
AAPL,1,ohlcv,5,123,2024-10-25,1,0.479863,0
AAPL,1,ohlcv,5,123,2024-10-28,1,0.540100,1
AAPL,1,ohlcv,5,123,2024-10-29,1,0.534759,1
AAPL,1,ohlcv,5,123,2024-10-30,0,0.528938,1
AAPL,1,ohlcv,5,123,2024-10-31,0,0.520676,1
AAPL,1,ohlcv,5,123,2024-11-01,0,0.510263,1
AAPL,1,ohlcv,5,123,2024-11-04,0,0.541586,1
AAPL,1,ohlcv,5,123,2024-11-05,1,0.532862,1
AAPL,1,ohlcv,5,123,2024-11-06,0,0.518670,1
AAPL,1,ohlcv,5,123,2024-11-07,1,0.539559,1
AAPL,1,ohlcv,5,123,2024-11-08,0,0.528475,1
AAPL,1,ohlcv,5,123,2024-11-11,0,0.532064,1
AAPL,1,ohlcv,5,123,2024-11-12,0,0.511528,1
AAPL,1,ohlcv,5,123,2024-11-13,1,0.513493,1
AAPL,1,ohlcv,5,123,2024-11-14,1,0.540251,1
AAPL,1,ohlcv,5,123,2024-11-15,0,0.538974,1
AAPL,1,ohlcv,5,123,2024-11-18,1,0.527885,1
AAPL,1,ohlcv,5,123,2024-11-19,1,0.540186,1
AAPL,1,ohlcv,5,123,2024-11-20,1,0.538188,1
AAPL,1,ohlcv,5,123,2024-11-21,0,0.532656,1
AAPL,1,ohlcv,5,123,2024-11-22,1,0.506419,1
AAPL,1,ohlcv,5,123,2024-11-25,1,0.536726,1
AAPL,1,ohlcv,5,123,2024-11-26,1,0.516675,1
AAPL,1,ohlcv,5,123,2024-11-27,0,0.518901,1
AAPL,1,ohlcv,5,123,2024-11-29,1,0.512885,1
AAPL,1,ohlcv,5,123,2024-12-02,1,0.512450,1
AAPL,1,ohlcv,5,123,2024-12-03,1,0.535599,1
AAPL,1,ohlcv,5,123,2024-12-04,1,0.520400,1
AAPL,1,ohlcv,5,123,2024-12-05,1,0.521501,1
AAPL,1,ohlcv,5,123,2024-12-06,0,0.492468,0
AAPL,1,ohlcv,5,123,2024-12-09,1,0.523623,1
AAPL,1,ohlcv,5,123,2024-12-10,1,0.536496,1
AAPL,1,ohlcv,5,123,2024-12-11,0,0.520896,1
AAPL,1,ohlcv,5,123,2024-12-12,1,0.540938,1
AAPL,1,ohlcv,5,123,2024-12-13,1,0.522970,1
AAPL,1,ohlcv,5,123,2024-12-16,1,0.521877,1
AAPL,1,ohlcv,5,123,2024-12-17,1,0.534807,1
AAPL,1,ohlcv,5,123,2024-12-18,0,0.532958,1
AAPL,1,ohlcv,5,123,2024-12-19,1,0.531995,1
AAPL,1,ohlcv,5,123,2024-12-20,1,0.547409,1
AAPL,1,ohlcv,5,123,2024-12-23,1,0.536292,1
AAPL,1,ohlcv,5,123,2024-12-24,1,0.518312,1
AAPL,1,ohlcv,5,123,2024-12-26,1,0.506732,1
AAPL,1,ohlcv,5,123,2024-12-27,0,0.513081,1
AAPL,1,ohlcv,5,123,2024-12-30,0,0.500061,1
AAPL,1,ohlcv,5,123,2024-12-31,0,0.513339,1
AAPL,1,ohlcv,5,123,2025-01-02,0,0.505929,1
AAPL,1,ohlcv,5,123,2025-01-03,0,0.487479,0
AAPL,1,ohlcv,5,123,2025-01-06,1,0.486191,0
AAPL,1,ohlcv,5,123,2025-01-07,0,0.533954,1
AAPL,1,ohlcv,5,123,2025-01-08,1,0.541745,1
AAPL,1,ohlcv,5,123,2025-01-10,0,0.536784,1
AAPL,1,ohlcv,5,123,2025-01-13,0,0.495684,0
AAPL,1,ohlcv,5,123,2025-01-14,0,0.486205,0
AAPL,1,ohlcv,5,123,2025-01-15,1,0.484430,0
AAPL,1,ohlcv,5,123,2025-01-16,0,0.530231,1
AAPL,1,ohlcv,5,123,2025-01-17,1,0.491520,0
AAPL,1,ohlcv,5,123,2025-01-21,0,0.456894,0
AAPL,1,ohlcv,5,123,2025-01-22,1,0.492834,0
AAPL,1,ohlcv,5,123,2025-01-23,0,0.516551,1
AAPL,1,ohlcv,5,123,2025-01-24,0,0.524244,1
AAPL,1,ohlcv,5,123,2025-01-27,1,0.484556,0
AAPL,1,ohlcv,5,123,2025-01-28,1,0.532642,1
AAPL,1,ohlcv,5,123,2025-01-29,1,0.523805,1
AAPL,1,ohlcv,5,123,2025-01-30,0,0.528309,1
AAPL,1,ohlcv,5,123,2025-01-31,0,0.535051,1
AAPL,1,ohlcv,5,123,2025-02-03,0,0.449567,0
AAPL,1,ohlcv,5,123,2025-02-04,1,0.490698,0
AAPL,1,ohlcv,5,123,2025-02-05,0,0.513306,1
AAPL,1,ohlcv,5,123,2025-02-06,1,0.525572,1
AAPL,1,ohlcv,5,123,2025-02-07,0,0.518226,1
AAPL,1,ohlcv,5,123,2025-02-10,1,0.512524,1
AAPL,1,ohlcv,5,123,2025-02-11,1,0.498168,0
AAPL,1,ohlcv,5,123,2025-02-12,1,0.542559,1
AAPL,1,ohlcv,5,123,2025-02-13,1,0.534163,1
AAPL,1,ohlcv,5,123,2025-02-14,1,0.529233,1
AAPL,1,ohlcv,5,123,2025-02-18,0,0.524463,1
AAPL,1,ohlcv,5,123,2025-02-19,1,0.519986,1
AAPL,1,ohlcv,5,123,2025-02-20,1,0.498379,0
AAPL,1,ohlcv,5,123,2025-02-21,0,0.514901,1
AAPL,1,ohlcv,5,123,2025-02-24,1,0.544761,1
AAPL,1,ohlcv,5,123,2025-02-25,0,0.547827,1
AAPL,1,ohlcv,5,123,2025-02-26,0,0.532945,1
AAPL,1,ohlcv,5,123,2025-02-27,0,0.507172,1
AAPL,1,ohlcv,5,123,2025-02-28,1,0.533408,1
AAPL,1,ohlcv,5,123,2025-03-03,0,0.512623,1
AAPL,1,ohlcv,5,123,2025-03-04,0,0.495033,0
AAPL,1,ohlcv,5,123,2025-03-05,0,0.514176,1
AAPL,1,ohlcv,5,123,2025-03-06,0,0.481104,0
AAPL,1,ohlcv,5,123,2025-03-07,1,0.511334,1
AAPL,1,ohlcv,5,123,2025-03-10,0,0.541527,1
AAPL,1,ohlcv,5,123,2025-03-11,0,0.500160,1
AAPL,1,ohlcv,5,123,2025-03-12,0,0.497037,0
AAPL,1,ohlcv,5,123,2025-03-13,0,0.489295,0
AAPL,1,ohlcv,5,123,2025-03-14,1,0.481901,0
AAPL,1,ohlcv,5,123,2025-03-17,1,0.479819,0
AAPL,1,ohlcv,5,2026,2024-10-21,1,0.486639,0
AAPL,1,ohlcv,5,2026,2024-10-22,0,0.506928,1
AAPL,1,ohlcv,5,2026,2024-10-23,0,0.502052,1
AAPL,1,ohlcv,5,2026,2024-10-24,0,0.488453,0
AAPL,1,ohlcv,5,2026,2024-10-25,1,0.489218,0
AAPL,1,ohlcv,5,2026,2024-10-28,1,0.529629,1
AAPL,1,ohlcv,5,2026,2024-10-29,1,0.547819,1
AAPL,1,ohlcv,5,2026,2024-10-30,0,0.528720,1
AAPL,1,ohlcv,5,2026,2024-10-31,0,0.517734,1
AAPL,1,ohlcv,5,2026,2024-11-01,0,0.513201,1
AAPL,1,ohlcv,5,2026,2024-11-04,0,0.557961,1
AAPL,1,ohlcv,5,2026,2024-11-05,1,0.545030,1
AAPL,1,ohlcv,5,2026,2024-11-06,0,0.530980,1
AAPL,1,ohlcv,5,2026,2024-11-07,1,0.553888,1
AAPL,1,ohlcv,5,2026,2024-11-08,0,0.541010,1
AAPL,1,ohlcv,5,2026,2024-11-11,0,0.550758,1
AAPL,1,ohlcv,5,2026,2024-11-12,0,0.504713,1
AAPL,1,ohlcv,5,2026,2024-11-13,1,0.515113,1
AAPL,1,ohlcv,5,2026,2024-11-14,1,0.518984,1
AAPL,1,ohlcv,5,2026,2024-11-15,0,0.531893,1
AAPL,1,ohlcv,5,2026,2024-11-18,1,0.517752,1
AAPL,1,ohlcv,5,2026,2024-11-19,1,0.542457,1
AAPL,1,ohlcv,5,2026,2024-11-20,1,0.559019,1
AAPL,1,ohlcv,5,2026,2024-11-21,0,0.525774,1
AAPL,1,ohlcv,5,2026,2024-11-22,1,0.497134,0
AAPL,1,ohlcv,5,2026,2024-11-25,1,0.526965,1
AAPL,1,ohlcv,5,2026,2024-11-26,1,0.501710,1
AAPL,1,ohlcv,5,2026,2024-11-27,0,0.521916,1
AAPL,1,ohlcv,5,2026,2024-11-29,1,0.518511,1
AAPL,1,ohlcv,5,2026,2024-12-02,1,0.509088,1
AAPL,1,ohlcv,5,2026,2024-12-03,1,0.514121,1
AAPL,1,ohlcv,5,2026,2024-12-04,1,0.508278,1
AAPL,1,ohlcv,5,2026,2024-12-05,1,0.502352,1
AAPL,1,ohlcv,5,2026,2024-12-06,0,0.498267,0
AAPL,1,ohlcv,5,2026,2024-12-09,1,0.531039,1
AAPL,1,ohlcv,5,2026,2024-12-10,1,0.521625,1
AAPL,1,ohlcv,5,2026,2024-12-11,0,0.508953,1
AAPL,1,ohlcv,5,2026,2024-12-12,1,0.552820,1
AAPL,1,ohlcv,5,2026,2024-12-13,1,0.540551,1
AAPL,1,ohlcv,5,2026,2024-12-16,1,0.520277,1
AAPL,1,ohlcv,5,2026,2024-12-17,1,0.512663,1
AAPL,1,ohlcv,5,2026,2024-12-18,0,0.515199,1
AAPL,1,ohlcv,5,2026,2024-12-19,1,0.534856,1
AAPL,1,ohlcv,5,2026,2024-12-20,1,0.559755,1
AAPL,1,ohlcv,5,2026,2024-12-23,1,0.516650,1
AAPL,1,ohlcv,5,2026,2024-12-24,1,0.519335,1
AAPL,1,ohlcv,5,2026,2024-12-26,1,0.511289,1
AAPL,1,ohlcv,5,2026,2024-12-27,0,0.508274,1
AAPL,1,ohlcv,5,2026,2024-12-30,0,0.494707,0
AAPL,1,ohlcv,5,2026,2024-12-31,0,0.508407,1
AAPL,1,ohlcv,5,2026,2025-01-02,0,0.508920,1
AAPL,1,ohlcv,5,2026,2025-01-03,0,0.492063,0
AAPL,1,ohlcv,5,2026,2025-01-06,1,0.497524,0
AAPL,1,ohlcv,5,2026,2025-01-07,0,0.544809,1
AAPL,1,ohlcv,5,2026,2025-01-08,1,0.579322,1
AAPL,1,ohlcv,5,2026,2025-01-10,0,0.553701,1
AAPL,1,ohlcv,5,2026,2025-01-13,0,0.491276,0
AAPL,1,ohlcv,5,2026,2025-01-14,0,0.484060,0
AAPL,1,ohlcv,5,2026,2025-01-15,1,0.488238,0
AAPL,1,ohlcv,5,2026,2025-01-16,0,0.519564,1
AAPL,1,ohlcv,5,2026,2025-01-17,1,0.500285,1
AAPL,1,ohlcv,5,2026,2025-01-21,0,0.479413,0
AAPL,1,ohlcv,5,2026,2025-01-22,1,0.487348,0
AAPL,1,ohlcv,5,2026,2025-01-23,0,0.512928,1
AAPL,1,ohlcv,5,2026,2025-01-24,0,0.551566,1
AAPL,1,ohlcv,5,2026,2025-01-27,1,0.510283,1
AAPL,1,ohlcv,5,2026,2025-01-28,1,0.525425,1
AAPL,1,ohlcv,5,2026,2025-01-29,1,0.530222,1
AAPL,1,ohlcv,5,2026,2025-01-30,0,0.527475,1
AAPL,1,ohlcv,5,2026,2025-01-31,0,0.539526,1
AAPL,1,ohlcv,5,2026,2025-02-03,0,0.483100,0
AAPL,1,ohlcv,5,2026,2025-02-04,1,0.506275,1
AAPL,1,ohlcv,5,2026,2025-02-05,0,0.517541,1
AAPL,1,ohlcv,5,2026,2025-02-06,1,0.517900,1
AAPL,1,ohlcv,5,2026,2025-02-07,0,0.512797,1
AAPL,1,ohlcv,5,2026,2025-02-10,1,0.515405,1
AAPL,1,ohlcv,5,2026,2025-02-11,1,0.528027,1
AAPL,1,ohlcv,5,2026,2025-02-12,1,0.545242,1
AAPL,1,ohlcv,5,2026,2025-02-13,1,0.526780,1
AAPL,1,ohlcv,5,2026,2025-02-14,1,0.513960,1
AAPL,1,ohlcv,5,2026,2025-02-18,0,0.516805,1
AAPL,1,ohlcv,5,2026,2025-02-19,1,0.501581,1
AAPL,1,ohlcv,5,2026,2025-02-20,1,0.499291,0
AAPL,1,ohlcv,5,2026,2025-02-21,0,0.508808,1
AAPL,1,ohlcv,5,2026,2025-02-24,1,0.543286,1
AAPL,1,ohlcv,5,2026,2025-02-25,0,0.562599,1
AAPL,1,ohlcv,5,2026,2025-02-26,0,0.557905,1
AAPL,1,ohlcv,5,2026,2025-02-27,0,0.519743,1
AAPL,1,ohlcv,5,2026,2025-02-28,1,0.576082,1
AAPL,1,ohlcv,5,2026,2025-03-03,0,0.490166,0
AAPL,1,ohlcv,5,2026,2025-03-04,0,0.495732,0
AAPL,1,ohlcv,5,2026,2025-03-05,0,0.532985,1
AAPL,1,ohlcv,5,2026,2025-03-06,0,0.476694,0
AAPL,1,ohlcv,5,2026,2025-03-07,1,0.511510,1
AAPL,1,ohlcv,5,2026,2025-03-10,0,0.572842,1
AAPL,1,ohlcv,5,2026,2025-03-11,0,0.496777,0
AAPL,1,ohlcv,5,2026,2025-03-12,0,0.498881,0
AAPL,1,ohlcv,5,2026,2025-03-13,0,0.507161,1
AAPL,1,ohlcv,5,2026,2025-03-14,1,0.503112,1
AAPL,1,ohlcv,5,2026,2025-03-17,1,0.481294,0
AAPL,1,ohlcv,20,42,2024-10-21,1,0.504307,1
AAPL,1,ohlcv,20,42,2024-10-22,0,0.505754,1
AAPL,1,ohlcv,20,42,2024-10-23,0,0.506081,1
AAPL,1,ohlcv,20,42,2024-10-24,0,0.504935,1
AAPL,1,ohlcv,20,42,2024-10-25,1,0.505628,1
AAPL,1,ohlcv,20,42,2024-10-28,1,0.505232,1
AAPL,1,ohlcv,20,42,2024-10-29,1,0.505501,1
AAPL,1,ohlcv,20,42,2024-10-30,0,0.506208,1
AAPL,1,ohlcv,20,42,2024-10-31,0,0.505107,1
AAPL,1,ohlcv,20,42,2024-11-01,0,0.504240,1
AAPL,1,ohlcv,20,42,2024-11-04,0,0.502759,1
AAPL,1,ohlcv,20,42,2024-11-05,1,0.503604,1
AAPL,1,ohlcv,20,42,2024-11-06,0,0.504324,1
AAPL,1,ohlcv,20,42,2024-11-07,1,0.503877,1
AAPL,1,ohlcv,20,42,2024-11-08,0,0.504970,1
AAPL,1,ohlcv,20,42,2024-11-11,0,0.505084,1
AAPL,1,ohlcv,20,42,2024-11-12,0,0.505753,1
AAPL,1,ohlcv,20,42,2024-11-13,1,0.506193,1
AAPL,1,ohlcv,20,42,2024-11-14,1,0.505439,1
AAPL,1,ohlcv,20,42,2024-11-15,0,0.505558,1
AAPL,1,ohlcv,20,42,2024-11-18,1,0.505514,1
AAPL,1,ohlcv,20,42,2024-11-19,1,0.504842,1
AAPL,1,ohlcv,20,42,2024-11-20,1,0.503903,1
AAPL,1,ohlcv,20,42,2024-11-21,0,0.505909,1
AAPL,1,ohlcv,20,42,2024-11-22,1,0.505164,1
AAPL,1,ohlcv,20,42,2024-11-25,1,0.506091,1
AAPL,1,ohlcv,20,42,2024-11-26,1,0.503879,1
AAPL,1,ohlcv,20,42,2024-11-27,0,0.505314,1
AAPL,1,ohlcv,20,42,2024-11-29,1,0.505064,1
AAPL,1,ohlcv,20,42,2024-12-02,1,0.505472,1
AAPL,1,ohlcv,20,42,2024-12-03,1,0.504104,1
AAPL,1,ohlcv,20,42,2024-12-04,1,0.505623,1
AAPL,1,ohlcv,20,42,2024-12-05,1,0.506339,1
AAPL,1,ohlcv,20,42,2024-12-06,0,0.506662,1
AAPL,1,ohlcv,20,42,2024-12-09,1,0.505813,1
AAPL,1,ohlcv,20,42,2024-12-10,1,0.505034,1
AAPL,1,ohlcv,20,42,2024-12-11,0,0.506499,1
AAPL,1,ohlcv,20,42,2024-12-12,1,0.504620,1
AAPL,1,ohlcv,20,42,2024-12-13,1,0.505523,1
AAPL,1,ohlcv,20,42,2024-12-16,1,0.506177,1
AAPL,1,ohlcv,20,42,2024-12-17,1,0.505033,1
AAPL,1,ohlcv,20,42,2024-12-18,0,0.505429,1
AAPL,1,ohlcv,20,42,2024-12-19,1,0.504231,1
AAPL,1,ohlcv,20,42,2024-12-20,1,0.504595,1
AAPL,1,ohlcv,20,42,2024-12-23,1,0.503395,1
AAPL,1,ohlcv,20,42,2024-12-24,1,0.504394,1
AAPL,1,ohlcv,20,42,2024-12-26,1,0.504039,1
AAPL,1,ohlcv,20,42,2024-12-27,0,0.504867,1
AAPL,1,ohlcv,20,42,2024-12-30,0,0.505958,1
AAPL,1,ohlcv,20,42,2024-12-31,0,0.504508,1
AAPL,1,ohlcv,20,42,2025-01-02,0,0.505393,1
AAPL,1,ohlcv,20,42,2025-01-03,0,0.504059,1
AAPL,1,ohlcv,20,42,2025-01-06,1,0.505110,1
AAPL,1,ohlcv,20,42,2025-01-07,0,0.504798,1
AAPL,1,ohlcv,20,42,2025-01-08,1,0.503954,1
AAPL,1,ohlcv,20,42,2025-01-10,0,0.505163,1
AAPL,1,ohlcv,20,42,2025-01-13,0,0.504320,1
AAPL,1,ohlcv,20,42,2025-01-14,0,0.503838,1
AAPL,1,ohlcv,20,42,2025-01-15,1,0.504325,1
AAPL,1,ohlcv,20,42,2025-01-16,0,0.505321,1
AAPL,1,ohlcv,20,42,2025-01-17,1,0.503303,1
AAPL,1,ohlcv,20,42,2025-01-21,0,0.503855,1
AAPL,1,ohlcv,20,42,2025-01-22,1,0.503788,1
AAPL,1,ohlcv,20,42,2025-01-23,0,0.504745,1
AAPL,1,ohlcv,20,42,2025-01-24,0,0.505026,1
AAPL,1,ohlcv,20,42,2025-01-27,1,0.505259,1
AAPL,1,ohlcv,20,42,2025-01-28,1,0.502433,1
AAPL,1,ohlcv,20,42,2025-01-29,1,0.502526,1
AAPL,1,ohlcv,20,42,2025-01-30,0,0.502716,1
AAPL,1,ohlcv,20,42,2025-01-31,0,0.502839,1
AAPL,1,ohlcv,20,42,2025-02-03,0,0.503022,1
AAPL,1,ohlcv,20,42,2025-02-04,1,0.502024,1
AAPL,1,ohlcv,20,42,2025-02-05,0,0.504497,1
AAPL,1,ohlcv,20,42,2025-02-06,1,0.503441,1
AAPL,1,ohlcv,20,42,2025-02-07,0,0.504216,1
AAPL,1,ohlcv,20,42,2025-02-10,1,0.503663,1
AAPL,1,ohlcv,20,42,2025-02-11,1,0.504906,1
AAPL,1,ohlcv,20,42,2025-02-12,1,0.502760,1
AAPL,1,ohlcv,20,42,2025-02-13,1,0.504492,1
AAPL,1,ohlcv,20,42,2025-02-14,1,0.504487,1
AAPL,1,ohlcv,20,42,2025-02-18,0,0.504306,1
AAPL,1,ohlcv,20,42,2025-02-19,1,0.506126,1
AAPL,1,ohlcv,20,42,2025-02-20,1,0.505746,1
AAPL,1,ohlcv,20,42,2025-02-21,0,0.505921,1
AAPL,1,ohlcv,20,42,2025-02-24,1,0.503775,1
AAPL,1,ohlcv,20,42,2025-02-25,0,0.504584,1
AAPL,1,ohlcv,20,42,2025-02-26,0,0.504871,1
AAPL,1,ohlcv,20,42,2025-02-27,0,0.503977,1
AAPL,1,ohlcv,20,42,2025-02-28,1,0.503388,1
AAPL,1,ohlcv,20,42,2025-03-03,0,0.503589,1
AAPL,1,ohlcv,20,42,2025-03-04,0,0.503626,1
AAPL,1,ohlcv,20,42,2025-03-05,0,0.503631,1
AAPL,1,ohlcv,20,42,2025-03-06,0,0.502987,1
AAPL,1,ohlcv,20,42,2025-03-07,1,0.503268,1
AAPL,1,ohlcv,20,42,2025-03-10,0,0.503496,1
AAPL,1,ohlcv,20,42,2025-03-11,0,0.503314,1
AAPL,1,ohlcv,20,42,2025-03-12,0,0.502630,1
AAPL,1,ohlcv,20,42,2025-03-13,0,0.502809,1
AAPL,1,ohlcv,20,42,2025-03-14,1,0.502577,1
AAPL,1,ohlcv,20,42,2025-03-17,1,0.504144,1
AAPL,1,ohlcv,20,123,2024-10-21,1,0.498994,0
AAPL,1,ohlcv,20,123,2024-10-22,0,0.501711,1
AAPL,1,ohlcv,20,123,2024-10-23,0,0.502968,1
AAPL,1,ohlcv,20,123,2024-10-24,0,0.502184,1
AAPL,1,ohlcv,20,123,2024-10-25,1,0.500738,1
AAPL,1,ohlcv,20,123,2024-10-28,1,0.503716,1
AAPL,1,ohlcv,20,123,2024-10-29,1,0.504029,1
AAPL,1,ohlcv,20,123,2024-10-30,0,0.504013,1
AAPL,1,ohlcv,20,123,2024-10-31,0,0.504414,1
AAPL,1,ohlcv,20,123,2024-11-01,0,0.503690,1
AAPL,1,ohlcv,20,123,2024-11-04,0,0.504075,1
AAPL,1,ohlcv,20,123,2024-11-05,1,0.503136,1
AAPL,1,ohlcv,20,123,2024-11-06,0,0.502239,1
AAPL,1,ohlcv,20,123,2024-11-07,1,0.503108,1
AAPL,1,ohlcv,20,123,2024-11-08,0,0.502597,1
AAPL,1,ohlcv,20,123,2024-11-11,0,0.503901,1
AAPL,1,ohlcv,20,123,2024-11-12,0,0.503218,1
AAPL,1,ohlcv,20,123,2024-11-13,1,0.503617,1
AAPL,1,ohlcv,20,123,2024-11-14,1,0.504414,1
AAPL,1,ohlcv,20,123,2024-11-15,0,0.503226,1
AAPL,1,ohlcv,20,123,2024-11-18,1,0.504172,1
AAPL,1,ohlcv,20,123,2024-11-19,1,0.503881,1
AAPL,1,ohlcv,20,123,2024-11-20,1,0.503746,1
AAPL,1,ohlcv,20,123,2024-11-21,0,0.503734,1
AAPL,1,ohlcv,20,123,2024-11-22,1,0.502317,1
AAPL,1,ohlcv,20,123,2024-11-25,1,0.503990,1
AAPL,1,ohlcv,20,123,2024-11-26,1,0.501700,1
AAPL,1,ohlcv,20,123,2024-11-27,0,0.501582,1
AAPL,1,ohlcv,20,123,2024-11-29,1,0.502216,1
AAPL,1,ohlcv,20,123,2024-12-02,1,0.501797,1
AAPL,1,ohlcv,20,123,2024-12-03,1,0.503221,1
AAPL,1,ohlcv,20,123,2024-12-04,1,0.501639,1
AAPL,1,ohlcv,20,123,2024-12-05,1,0.503176,1
AAPL,1,ohlcv,20,123,2024-12-06,0,0.502480,1
AAPL,1,ohlcv,20,123,2024-12-09,1,0.504105,1
AAPL,1,ohlcv,20,123,2024-12-10,1,0.502811,1
AAPL,1,ohlcv,20,123,2024-12-11,0,0.502181,1
AAPL,1,ohlcv,20,123,2024-12-12,1,0.504817,1
AAPL,1,ohlcv,20,123,2024-12-13,1,0.503476,1
AAPL,1,ohlcv,20,123,2024-12-16,1,0.504069,1
AAPL,1,ohlcv,20,123,2024-12-17,1,0.503361,1
AAPL,1,ohlcv,20,123,2024-12-18,0,0.502549,1
AAPL,1,ohlcv,20,123,2024-12-19,1,0.504791,1
AAPL,1,ohlcv,20,123,2024-12-20,1,0.504645,1
AAPL,1,ohlcv,20,123,2024-12-23,1,0.502375,1
AAPL,1,ohlcv,20,123,2024-12-24,1,0.500873,1
AAPL,1,ohlcv,20,123,2024-12-26,1,0.500581,1
AAPL,1,ohlcv,20,123,2024-12-27,0,0.502277,1
AAPL,1,ohlcv,20,123,2024-12-30,0,0.503164,1
AAPL,1,ohlcv,20,123,2024-12-31,0,0.503118,1
AAPL,1,ohlcv,20,123,2025-01-02,0,0.503274,1
AAPL,1,ohlcv,20,123,2025-01-03,0,0.501983,1
AAPL,1,ohlcv,20,123,2025-01-06,1,0.501538,1
AAPL,1,ohlcv,20,123,2025-01-07,0,0.503446,1
AAPL,1,ohlcv,20,123,2025-01-08,1,0.503939,1
AAPL,1,ohlcv,20,123,2025-01-10,0,0.503783,1
AAPL,1,ohlcv,20,123,2025-01-13,0,0.501511,1
AAPL,1,ohlcv,20,123,2025-01-14,0,0.500276,1
AAPL,1,ohlcv,20,123,2025-01-15,1,0.500996,1
AAPL,1,ohlcv,20,123,2025-01-16,0,0.502713,1
AAPL,1,ohlcv,20,123,2025-01-17,1,0.502503,1
AAPL,1,ohlcv,20,123,2025-01-21,0,0.499703,0
AAPL,1,ohlcv,20,123,2025-01-22,1,0.501383,1
AAPL,1,ohlcv,20,123,2025-01-23,0,0.501772,1
AAPL,1,ohlcv,20,123,2025-01-24,0,0.502679,1
AAPL,1,ohlcv,20,123,2025-01-27,1,0.501948,1
AAPL,1,ohlcv,20,123,2025-01-28,1,0.501931,1
AAPL,1,ohlcv,20,123,2025-01-29,1,0.500629,1
AAPL,1,ohlcv,20,123,2025-01-30,0,0.501374,1
AAPL,1,ohlcv,20,123,2025-01-31,0,0.503465,1
AAPL,1,ohlcv,20,123,2025-02-03,0,0.498107,0
AAPL,1,ohlcv,20,123,2025-02-04,1,0.501890,1
AAPL,1,ohlcv,20,123,2025-02-05,0,0.501594,1
AAPL,1,ohlcv,20,123,2025-02-06,1,0.501936,1
AAPL,1,ohlcv,20,123,2025-02-07,0,0.501796,1
AAPL,1,ohlcv,20,123,2025-02-10,1,0.503826,1
AAPL,1,ohlcv,20,123,2025-02-11,1,0.503101,1
AAPL,1,ohlcv,20,123,2025-02-12,1,0.503648,1
AAPL,1,ohlcv,20,123,2025-02-13,1,0.501848,1
AAPL,1,ohlcv,20,123,2025-02-14,1,0.501109,1
AAPL,1,ohlcv,20,123,2025-02-18,0,0.501301,1
AAPL,1,ohlcv,20,123,2025-02-19,1,0.502381,1
AAPL,1,ohlcv,20,123,2025-02-20,1,0.501624,1
AAPL,1,ohlcv,20,123,2025-02-21,0,0.503049,1
AAPL,1,ohlcv,20,123,2025-02-24,1,0.504769,1
AAPL,1,ohlcv,20,123,2025-02-25,0,0.504425,1
AAPL,1,ohlcv,20,123,2025-02-26,0,0.503556,1
AAPL,1,ohlcv,20,123,2025-02-27,0,0.503356,1
AAPL,1,ohlcv,20,123,2025-02-28,1,0.503929,1
AAPL,1,ohlcv,20,123,2025-03-03,0,0.501370,1
AAPL,1,ohlcv,20,123,2025-03-04,0,0.501055,1
AAPL,1,ohlcv,20,123,2025-03-05,0,0.502116,1
AAPL,1,ohlcv,20,123,2025-03-06,0,0.499269,0
AAPL,1,ohlcv,20,123,2025-03-07,1,0.501167,1
AAPL,1,ohlcv,20,123,2025-03-10,0,0.502585,1
AAPL,1,ohlcv,20,123,2025-03-11,0,0.501682,1
AAPL,1,ohlcv,20,123,2025-03-12,0,0.501128,1
AAPL,1,ohlcv,20,123,2025-03-13,0,0.500770,1
AAPL,1,ohlcv,20,123,2025-03-14,1,0.501068,1
AAPL,1,ohlcv,20,123,2025-03-17,1,0.500390,1
AAPL,1,ohlcv,20,2026,2024-10-21,1,0.483962,0
AAPL,1,ohlcv,20,2026,2024-10-22,0,0.503859,1
AAPL,1,ohlcv,20,2026,2024-10-23,0,0.502090,1
AAPL,1,ohlcv,20,2026,2024-10-24,0,0.486481,0
AAPL,1,ohlcv,20,2026,2024-10-25,1,0.486155,0
AAPL,1,ohlcv,20,2026,2024-10-28,1,0.520800,1
AAPL,1,ohlcv,20,2026,2024-10-29,1,0.534490,1
AAPL,1,ohlcv,20,2026,2024-10-30,0,0.522356,1
AAPL,1,ohlcv,20,2026,2024-10-31,0,0.517402,1
AAPL,1,ohlcv,20,2026,2024-11-01,0,0.511012,1
AAPL,1,ohlcv,20,2026,2024-11-04,0,0.555551,1
AAPL,1,ohlcv,20,2026,2024-11-05,1,0.543275,1
AAPL,1,ohlcv,20,2026,2024-11-06,0,0.530504,1
AAPL,1,ohlcv,20,2026,2024-11-07,1,0.554491,1
AAPL,1,ohlcv,20,2026,2024-11-08,0,0.542513,1
AAPL,1,ohlcv,20,2026,2024-11-11,0,0.554887,1
AAPL,1,ohlcv,20,2026,2024-11-12,0,0.509231,1
AAPL,1,ohlcv,20,2026,2024-11-13,1,0.516011,1
AAPL,1,ohlcv,20,2026,2024-11-14,1,0.522719,1
AAPL,1,ohlcv,20,2026,2024-11-15,0,0.528294,1
AAPL,1,ohlcv,20,2026,2024-11-18,1,0.517387,1
AAPL,1,ohlcv,20,2026,2024-11-19,1,0.541708,1
AAPL,1,ohlcv,20,2026,2024-11-20,1,0.559886,1
AAPL,1,ohlcv,20,2026,2024-11-21,0,0.530320,1
AAPL,1,ohlcv,20,2026,2024-11-22,1,0.498722,0
AAPL,1,ohlcv,20,2026,2024-11-25,1,0.525423,1
AAPL,1,ohlcv,20,2026,2024-11-26,1,0.500801,1
AAPL,1,ohlcv,20,2026,2024-11-27,0,0.518500,1
AAPL,1,ohlcv,20,2026,2024-11-29,1,0.517790,1
AAPL,1,ohlcv,20,2026,2024-12-02,1,0.510398,1
AAPL,1,ohlcv,20,2026,2024-12-03,1,0.514438,1
AAPL,1,ohlcv,20,2026,2024-12-04,1,0.507866,1
AAPL,1,ohlcv,20,2026,2024-12-05,1,0.500726,1
AAPL,1,ohlcv,20,2026,2024-12-06,0,0.495458,0
AAPL,1,ohlcv,20,2026,2024-12-09,1,0.521978,1
AAPL,1,ohlcv,20,2026,2024-12-10,1,0.518455,1
AAPL,1,ohlcv,20,2026,2024-12-11,0,0.505828,1
AAPL,1,ohlcv,20,2026,2024-12-12,1,0.548006,1
AAPL,1,ohlcv,20,2026,2024-12-13,1,0.538721,1
AAPL,1,ohlcv,20,2026,2024-12-16,1,0.522401,1
AAPL,1,ohlcv,20,2026,2024-12-17,1,0.511262,1
AAPL,1,ohlcv,20,2026,2024-12-18,0,0.512811,1
AAPL,1,ohlcv,20,2026,2024-12-19,1,0.534469,1
AAPL,1,ohlcv,20,2026,2024-12-20,1,0.556615,1
AAPL,1,ohlcv,20,2026,2024-12-23,1,0.515625,1
AAPL,1,ohlcv,20,2026,2024-12-24,1,0.516895,1
AAPL,1,ohlcv,20,2026,2024-12-26,1,0.511166,1
AAPL,1,ohlcv,20,2026,2024-12-27,0,0.512411,1
AAPL,1,ohlcv,20,2026,2024-12-30,0,0.496657,0
AAPL,1,ohlcv,20,2026,2024-12-31,0,0.507994,1
AAPL,1,ohlcv,20,2026,2025-01-02,0,0.503903,1
AAPL,1,ohlcv,20,2026,2025-01-03,0,0.487505,0
AAPL,1,ohlcv,20,2026,2025-01-06,1,0.490164,0
AAPL,1,ohlcv,20,2026,2025-01-07,0,0.530366,1
AAPL,1,ohlcv,20,2026,2025-01-08,1,0.575737,1
AAPL,1,ohlcv,20,2026,2025-01-10,0,0.552093,1
AAPL,1,ohlcv,20,2026,2025-01-13,0,0.490688,0
AAPL,1,ohlcv,20,2026,2025-01-14,0,0.482517,0
AAPL,1,ohlcv,20,2026,2025-01-15,1,0.484130,0
AAPL,1,ohlcv,20,2026,2025-01-16,0,0.516291,1
AAPL,1,ohlcv,20,2026,2025-01-17,1,0.496960,0
AAPL,1,ohlcv,20,2026,2025-01-21,0,0.473850,0
AAPL,1,ohlcv,20,2026,2025-01-22,1,0.483871,0
AAPL,1,ohlcv,20,2026,2025-01-23,0,0.509468,1
AAPL,1,ohlcv,20,2026,2025-01-24,0,0.541109,1
AAPL,1,ohlcv,20,2026,2025-01-27,1,0.509732,1
AAPL,1,ohlcv,20,2026,2025-01-28,1,0.524657,1
AAPL,1,ohlcv,20,2026,2025-01-29,1,0.531036,1
AAPL,1,ohlcv,20,2026,2025-01-30,0,0.528721,1
AAPL,1,ohlcv,20,2026,2025-01-31,0,0.545940,1
AAPL,1,ohlcv,20,2026,2025-02-03,0,0.484577,0
AAPL,1,ohlcv,20,2026,2025-02-04,1,0.508311,1
AAPL,1,ohlcv,20,2026,2025-02-05,0,0.515991,1
AAPL,1,ohlcv,20,2026,2025-02-06,1,0.516379,1
AAPL,1,ohlcv,20,2026,2025-02-07,0,0.513727,1
AAPL,1,ohlcv,20,2026,2025-02-10,1,0.516928,1
AAPL,1,ohlcv,20,2026,2025-02-11,1,0.532135,1
AAPL,1,ohlcv,20,2026,2025-02-12,1,0.544243,1
AAPL,1,ohlcv,20,2026,2025-02-13,1,0.525298,1
AAPL,1,ohlcv,20,2026,2025-02-14,1,0.513144,1
AAPL,1,ohlcv,20,2026,2025-02-18,0,0.518030,1
AAPL,1,ohlcv,20,2026,2025-02-19,1,0.502201,1
AAPL,1,ohlcv,20,2026,2025-02-20,1,0.501136,1
AAPL,1,ohlcv,20,2026,2025-02-21,0,0.506262,1
AAPL,1,ohlcv,20,2026,2025-02-24,1,0.536124,1
AAPL,1,ohlcv,20,2026,2025-02-25,0,0.554972,1
AAPL,1,ohlcv,20,2026,2025-02-26,0,0.553275,1
AAPL,1,ohlcv,20,2026,2025-02-27,0,0.518776,1
AAPL,1,ohlcv,20,2026,2025-02-28,1,0.574911,1
AAPL,1,ohlcv,20,2026,2025-03-03,0,0.491930,0
AAPL,1,ohlcv,20,2026,2025-03-04,0,0.494524,0
AAPL,1,ohlcv,20,2026,2025-03-05,0,0.530556,1
AAPL,1,ohlcv,20,2026,2025-03-06,0,0.475422,0
AAPL,1,ohlcv,20,2026,2025-03-07,1,0.510933,1
AAPL,1,ohlcv,20,2026,2025-03-10,0,0.569391,1
AAPL,1,ohlcv,20,2026,2025-03-11,0,0.496108,0
AAPL,1,ohlcv,20,2026,2025-03-12,0,0.498402,0
AAPL,1,ohlcv,20,2026,2025-03-13,0,0.501960,1
AAPL,1,ohlcv,20,2026,2025-03-14,1,0.500038,1
AAPL,1,ohlcv,20,2026,2025-03-17,1,0.477942,0
AAPL,2,close-return,5,42,2025-03-18,0,0.515491,1
AAPL,2,close-return,5,42,2025-03-19,1,0.514982,1
AAPL,2,close-return,5,42,2025-03-20,0,0.513782,1
AAPL,2,close-return,5,42,2025-03-21,1,0.514098,1
AAPL,2,close-return,5,42,2025-03-24,1,0.511394,1
AAPL,2,close-return,5,42,2025-03-25,1,0.510676,1
AAPL,2,close-return,5,42,2025-03-26,0,0.509402,1
AAPL,2,close-return,5,42,2025-03-27,1,0.513459,1
AAPL,2,close-return,5,42,2025-03-28,0,0.512779,1
AAPL,2,close-return,5,42,2025-03-31,1,0.513301,1
AAPL,2,close-return,5,42,2025-04-01,1,0.514163,1
AAPL,2,close-return,5,42,2025-04-02,1,0.513955,1
AAPL,2,close-return,5,42,2025-04-03,0,0.513741,1
AAPL,2,close-return,5,42,2025-04-04,0,0.510579,1
AAPL,2,close-return,5,42,2025-04-07,0,0.510259,1
AAPL,2,close-return,5,42,2025-04-08,0,0.511355,1
AAPL,2,close-return,5,42,2025-04-09,1,0.511234,1
AAPL,2,close-return,5,42,2025-04-10,0,0.503056,1
AAPL,2,close-return,5,42,2025-04-11,1,0.512174,1
AAPL,2,close-return,5,42,2025-04-14,1,0.506413,1
AAPL,2,close-return,5,42,2025-04-15,0,0.504638,1
AAPL,2,close-return,5,42,2025-04-16,0,0.508847,1
AAPL,2,close-return,5,42,2025-04-17,1,0.512456,1
AAPL,2,close-return,5,42,2025-04-21,0,0.514688,1
AAPL,2,close-return,5,42,2025-04-22,1,0.514115,1
AAPL,2,close-return,5,42,2025-04-23,1,0.510814,1
AAPL,2,close-return,5,42,2025-04-24,1,0.506401,1
AAPL,2,close-return,5,42,2025-04-25,1,0.505433,1
AAPL,2,close-return,5,42,2025-04-28,1,0.509462,1
AAPL,2,close-return,5,42,2025-04-29,1,0.510889,1
AAPL,2,close-return,5,42,2025-04-30,1,0.512330,1
AAPL,2,close-return,5,42,2025-05-01,1,0.512810,1
AAPL,2,close-return,5,42,2025-05-02,0,0.513365,1
AAPL,2,close-return,5,42,2025-05-05,0,0.512541,1
AAPL,2,close-return,5,42,2025-05-06,0,0.512245,1
AAPL,2,close-return,5,42,2025-05-07,0,0.514569,1
AAPL,2,close-return,5,42,2025-05-08,1,0.514608,1
AAPL,2,close-return,5,42,2025-05-09,1,0.515694,1
AAPL,2,close-return,5,42,2025-05-12,1,0.514891,1
AAPL,2,close-return,5,42,2025-05-13,1,0.500583,1
AAPL,2,close-return,5,42,2025-05-14,0,0.504742,1
AAPL,2,close-return,5,42,2025-05-15,0,0.510187,1
AAPL,2,close-return,5,42,2025-05-16,0,0.512641,1
AAPL,2,close-return,5,42,2025-05-19,0,0.513560,1
AAPL,2,close-return,5,42,2025-05-20,0,0.514311,1
AAPL,2,close-return,5,42,2025-05-21,0,0.514472,1
AAPL,2,close-return,5,42,2025-05-22,0,0.513389,1
AAPL,2,close-return,5,42,2025-05-23,0,0.514762,1
AAPL,2,close-return,5,42,2025-05-27,1,0.512996,1
AAPL,2,close-return,5,42,2025-05-28,1,0.514941,1
AAPL,2,close-return,5,42,2025-05-29,0,0.514801,1
AAPL,2,close-return,5,42,2025-05-30,1,0.514561,1
AAPL,2,close-return,5,42,2025-06-02,1,0.514222,1
AAPL,2,close-return,5,42,2025-06-03,1,0.513541,1
AAPL,2,close-return,5,42,2025-06-04,0,0.513287,1
AAPL,2,close-return,5,42,2025-06-05,0,0.514057,1
AAPL,2,close-return,5,42,2025-06-06,1,0.514169,1
AAPL,2,close-return,5,42,2025-06-09,0,0.513364,1
AAPL,2,close-return,5,42,2025-06-10,1,0.514383,1
AAPL,2,close-return,5,42,2025-06-11,0,0.514591,1
AAPL,2,close-return,5,42,2025-06-12,1,0.513930,1
AAPL,2,close-return,5,42,2025-06-13,0,0.514930,1
AAPL,2,close-return,5,42,2025-06-16,1,0.514400,1
AAPL,2,close-return,5,42,2025-06-17,0,0.515011,1
AAPL,2,close-return,5,42,2025-06-18,1,0.514555,1
AAPL,2,close-return,5,42,2025-06-20,1,0.514944,1
AAPL,2,close-return,5,42,2025-06-23,1,0.510769,1
AAPL,2,close-return,5,42,2025-06-24,0,0.512441,1
AAPL,2,close-return,5,42,2025-06-25,1,0.513992,1
AAPL,2,close-return,5,42,2025-06-26,0,0.513622,1
AAPL,2,close-return,5,42,2025-06-27,1,0.514177,1
AAPL,2,close-return,5,42,2025-06-30,1,0.514577,1
AAPL,2,close-return,5,42,2025-07-01,1,0.511127,1
AAPL,2,close-return,5,42,2025-07-02,1,0.509923,1
AAPL,2,close-return,5,42,2025-07-03,1,0.506597,1
AAPL,2,close-return,5,42,2025-07-07,0,0.509724,1
AAPL,2,close-return,5,42,2025-07-08,1,0.513186,1
AAPL,2,close-return,5,42,2025-07-09,1,0.514308,1
AAPL,2,close-return,5,42,2025-07-10,1,0.514413,1
AAPL,2,close-return,5,42,2025-07-11,0,0.514138,1
AAPL,2,close-return,5,42,2025-07-14,0,0.514567,1
AAPL,2,close-return,5,42,2025-07-15,1,0.514160,1
AAPL,2,close-return,5,42,2025-07-16,1,0.514888,1
AAPL,2,close-return,5,42,2025-07-17,0,0.514695,1
AAPL,2,close-return,5,42,2025-07-18,1,0.514697,1
AAPL,2,close-return,5,42,2025-07-21,1,0.514170,1
AAPL,2,close-return,5,42,2025-07-22,1,0.513444,1
AAPL,2,close-return,5,42,2025-07-23,0,0.512561,1
AAPL,2,close-return,5,42,2025-07-24,0,0.513729,1
AAPL,2,close-return,5,42,2025-07-25,1,0.514124,1
AAPL,2,close-return,5,42,2025-07-28,1,0.514358,1
AAPL,2,close-return,5,42,2025-07-29,0,0.514473,1
AAPL,2,close-return,5,42,2025-07-30,0,0.514293,1
AAPL,2,close-return,5,42,2025-07-31,0,0.514305,1
AAPL,2,close-return,5,42,2025-08-01,0,0.514634,1
AAPL,2,close-return,5,42,2025-08-04,1,0.513309,1
AAPL,2,close-return,5,42,2025-08-05,0,0.515381,1
AAPL,2,close-return,5,42,2025-08-06,1,0.515276,1
AAPL,2,close-return,5,42,2025-08-07,1,0.503727,1
AAPL,2,close-return,5,42,2025-08-08,1,0.501612,1
AAPL,2,close-return,5,123,2025-03-18,0,0.512430,1
AAPL,2,close-return,5,123,2025-03-19,1,0.513094,1
AAPL,2,close-return,5,123,2025-03-20,0,0.511322,1
AAPL,2,close-return,5,123,2025-03-21,1,0.512665,1
AAPL,2,close-return,5,123,2025-03-24,1,0.509958,1
AAPL,2,close-return,5,123,2025-03-25,1,0.509861,1
AAPL,2,close-return,5,123,2025-03-26,0,0.509447,1
AAPL,2,close-return,5,123,2025-03-27,1,0.512585,1
AAPL,2,close-return,5,123,2025-03-28,0,0.511233,1
AAPL,2,close-return,5,123,2025-03-31,1,0.513599,1
AAPL,2,close-return,5,123,2025-04-01,1,0.511322,1
AAPL,2,close-return,5,123,2025-04-02,1,0.511470,1
AAPL,2,close-return,5,123,2025-04-03,0,0.511712,1
AAPL,2,close-return,5,123,2025-04-04,0,0.508494,1
AAPL,2,close-return,5,123,2025-04-07,0,0.507592,1
AAPL,2,close-return,5,123,2025-04-08,0,0.508609,1
AAPL,2,close-return,5,123,2025-04-09,1,0.508403,1
AAPL,2,close-return,5,123,2025-04-10,0,0.502635,1
AAPL,2,close-return,5,123,2025-04-11,1,0.507848,1
AAPL,2,close-return,5,123,2025-04-14,1,0.506005,1
AAPL,2,close-return,5,123,2025-04-15,0,0.506681,1
AAPL,2,close-return,5,123,2025-04-16,0,0.510035,1
AAPL,2,close-return,5,123,2025-04-17,1,0.512920,1
AAPL,2,close-return,5,123,2025-04-21,0,0.512462,1
AAPL,2,close-return,5,123,2025-04-22,1,0.513526,1
AAPL,2,close-return,5,123,2025-04-23,1,0.508985,1
AAPL,2,close-return,5,123,2025-04-24,1,0.507636,1
AAPL,2,close-return,5,123,2025-04-25,1,0.507789,1
AAPL,2,close-return,5,123,2025-04-28,1,0.509850,1
AAPL,2,close-return,5,123,2025-04-29,1,0.510832,1
AAPL,2,close-return,5,123,2025-04-30,1,0.511271,1
AAPL,2,close-return,5,123,2025-05-01,1,0.511292,1
AAPL,2,close-return,5,123,2025-05-02,0,0.511608,1
AAPL,2,close-return,5,123,2025-05-05,0,0.513069,1
AAPL,2,close-return,5,123,2025-05-06,0,0.512099,1
AAPL,2,close-return,5,123,2025-05-07,0,0.513382,1
AAPL,2,close-return,5,123,2025-05-08,1,0.513415,1
AAPL,2,close-return,5,123,2025-05-09,1,0.512921,1
AAPL,2,close-return,5,123,2025-05-12,1,0.512120,1
AAPL,2,close-return,5,123,2025-05-13,1,0.505048,1
AAPL,2,close-return,5,123,2025-05-14,0,0.507331,1
AAPL,2,close-return,5,123,2025-05-15,0,0.510553,1
AAPL,2,close-return,5,123,2025-05-16,0,0.512342,1
AAPL,2,close-return,5,123,2025-05-19,0,0.512676,1
AAPL,2,close-return,5,123,2025-05-20,0,0.513623,1
AAPL,2,close-return,5,123,2025-05-21,0,0.513665,1
AAPL,2,close-return,5,123,2025-05-22,0,0.513312,1
AAPL,2,close-return,5,123,2025-05-23,0,0.513603,1
AAPL,2,close-return,5,123,2025-05-27,1,0.512674,1
AAPL,2,close-return,5,123,2025-05-28,1,0.511372,1
AAPL,2,close-return,5,123,2025-05-29,0,0.511939,1
AAPL,2,close-return,5,123,2025-05-30,1,0.512571,1
AAPL,2,close-return,5,123,2025-06-02,1,0.512072,1
AAPL,2,close-return,5,123,2025-06-03,1,0.511792,1
AAPL,2,close-return,5,123,2025-06-04,0,0.511287,1
AAPL,2,close-return,5,123,2025-06-05,0,0.512367,1
AAPL,2,close-return,5,123,2025-06-06,1,0.513480,1
AAPL,2,close-return,5,123,2025-06-09,0,0.511027,1
AAPL,2,close-return,5,123,2025-06-10,1,0.513239,1
AAPL,2,close-return,5,123,2025-06-11,0,0.512302,1
AAPL,2,close-return,5,123,2025-06-12,1,0.513654,1
AAPL,2,close-return,5,123,2025-06-13,0,0.513191,1
AAPL,2,close-return,5,123,2025-06-16,1,0.513641,1
AAPL,2,close-return,5,123,2025-06-17,0,0.512312,1
AAPL,2,close-return,5,123,2025-06-18,1,0.513546,1
AAPL,2,close-return,5,123,2025-06-20,1,0.512714,1
AAPL,2,close-return,5,123,2025-06-23,1,0.509482,1
AAPL,2,close-return,5,123,2025-06-24,0,0.510911,1
AAPL,2,close-return,5,123,2025-06-25,1,0.512673,1
AAPL,2,close-return,5,123,2025-06-26,0,0.511860,1
AAPL,2,close-return,5,123,2025-06-27,1,0.512667,1
AAPL,2,close-return,5,123,2025-06-30,1,0.512673,1
AAPL,2,close-return,5,123,2025-07-01,1,0.509783,1
AAPL,2,close-return,5,123,2025-07-02,1,0.509517,1
AAPL,2,close-return,5,123,2025-07-03,1,0.508161,1
AAPL,2,close-return,5,123,2025-07-07,0,0.509884,1
AAPL,2,close-return,5,123,2025-07-08,1,0.513301,1
AAPL,2,close-return,5,123,2025-07-09,1,0.513032,1
AAPL,2,close-return,5,123,2025-07-10,1,0.512244,1
AAPL,2,close-return,5,123,2025-07-11,0,0.511750,1
AAPL,2,close-return,5,123,2025-07-14,0,0.512935,1
AAPL,2,close-return,5,123,2025-07-15,1,0.513629,1
AAPL,2,close-return,5,123,2025-07-16,1,0.513027,1
AAPL,2,close-return,5,123,2025-07-17,0,0.512266,1
AAPL,2,close-return,5,123,2025-07-18,1,0.512579,1
AAPL,2,close-return,5,123,2025-07-21,1,0.511923,1
AAPL,2,close-return,5,123,2025-07-22,1,0.511486,1
AAPL,2,close-return,5,123,2025-07-23,0,0.510892,1
AAPL,2,close-return,5,123,2025-07-24,0,0.512087,1
AAPL,2,close-return,5,123,2025-07-25,1,0.512635,1
AAPL,2,close-return,5,123,2025-07-28,1,0.512610,1
AAPL,2,close-return,5,123,2025-07-29,0,0.512568,1
AAPL,2,close-return,5,123,2025-07-30,0,0.513605,1
AAPL,2,close-return,5,123,2025-07-31,0,0.513690,1
AAPL,2,close-return,5,123,2025-08-01,0,0.513644,1
AAPL,2,close-return,5,123,2025-08-04,1,0.513193,1
AAPL,2,close-return,5,123,2025-08-05,0,0.513349,1
AAPL,2,close-return,5,123,2025-08-06,1,0.513189,1
AAPL,2,close-return,5,123,2025-08-07,1,0.506232,1
AAPL,2,close-return,5,123,2025-08-08,1,0.505885,1
AAPL,2,close-return,5,2026,2025-03-18,0,0.526620,1
AAPL,2,close-return,5,2026,2025-03-19,1,0.526444,1
AAPL,2,close-return,5,2026,2025-03-20,0,0.525836,1
AAPL,2,close-return,5,2026,2025-03-21,1,0.526529,1
AAPL,2,close-return,5,2026,2025-03-24,1,0.523946,1
AAPL,2,close-return,5,2026,2025-03-25,1,0.523363,1
AAPL,2,close-return,5,2026,2025-03-26,0,0.522234,1
AAPL,2,close-return,5,2026,2025-03-27,1,0.526392,1
AAPL,2,close-return,5,2026,2025-03-28,0,0.525487,1
AAPL,2,close-return,5,2026,2025-03-31,1,0.524323,1
AAPL,2,close-return,5,2026,2025-04-01,1,0.526295,1
AAPL,2,close-return,5,2026,2025-04-02,1,0.526095,1
AAPL,2,close-return,5,2026,2025-04-03,0,0.526083,1
AAPL,2,close-return,5,2026,2025-04-04,0,0.516223,1
AAPL,2,close-return,5,2026,2025-04-07,0,0.513807,1
AAPL,2,close-return,5,2026,2025-04-08,0,0.515315,1
AAPL,2,close-return,5,2026,2025-04-09,1,0.515016,1
AAPL,2,close-return,5,2026,2025-04-10,0,0.514339,1
AAPL,2,close-return,5,2026,2025-04-11,1,0.524139,1
AAPL,2,close-return,5,2026,2025-04-14,1,0.518779,1
AAPL,2,close-return,5,2026,2025-04-15,0,0.516842,1
AAPL,2,close-return,5,2026,2025-04-16,0,0.522879,1
AAPL,2,close-return,5,2026,2025-04-17,1,0.522451,1
AAPL,2,close-return,5,2026,2025-04-21,0,0.526894,1
AAPL,2,close-return,5,2026,2025-04-22,1,0.524631,1
AAPL,2,close-return,5,2026,2025-04-23,1,0.523432,1
AAPL,2,close-return,5,2026,2025-04-24,1,0.519177,1
AAPL,2,close-return,5,2026,2025-04-25,1,0.518073,1
AAPL,2,close-return,5,2026,2025-04-28,1,0.522509,1
AAPL,2,close-return,5,2026,2025-04-29,1,0.524181,1
AAPL,2,close-return,5,2026,2025-04-30,1,0.525235,1
AAPL,2,close-return,5,2026,2025-05-01,1,0.525446,1
AAPL,2,close-return,5,2026,2025-05-02,0,0.525845,1
AAPL,2,close-return,5,2026,2025-05-05,0,0.522321,1
AAPL,2,close-return,5,2026,2025-05-06,0,0.519900,1
AAPL,2,close-return,5,2026,2025-05-07,0,0.523918,1
AAPL,2,close-return,5,2026,2025-05-08,1,0.524054,1
AAPL,2,close-return,5,2026,2025-05-09,1,0.526365,1
AAPL,2,close-return,5,2026,2025-05-12,1,0.526452,1
AAPL,2,close-return,5,2026,2025-05-13,1,0.512758,1
AAPL,2,close-return,5,2026,2025-05-14,0,0.517277,1
AAPL,2,close-return,5,2026,2025-05-15,0,0.523801,1
AAPL,2,close-return,5,2026,2025-05-16,0,0.526086,1
AAPL,2,close-return,5,2026,2025-05-19,0,0.526401,1
AAPL,2,close-return,5,2026,2025-05-20,0,0.525646,1
AAPL,2,close-return,5,2026,2025-05-21,0,0.525270,1
AAPL,2,close-return,5,2026,2025-05-22,0,0.522737,1
AAPL,2,close-return,5,2026,2025-05-23,0,0.524939,1
AAPL,2,close-return,5,2026,2025-05-27,1,0.521353,1
AAPL,2,close-return,5,2026,2025-05-28,1,0.526511,1
AAPL,2,close-return,5,2026,2025-05-29,0,0.526554,1
AAPL,2,close-return,5,2026,2025-05-30,1,0.526597,1
AAPL,2,close-return,5,2026,2025-06-02,1,0.526340,1
AAPL,2,close-return,5,2026,2025-06-03,1,0.526040,1
AAPL,2,close-return,5,2026,2025-06-04,0,0.525611,1
AAPL,2,close-return,5,2026,2025-06-05,0,0.526420,1
AAPL,2,close-return,5,2026,2025-06-06,1,0.526033,1
AAPL,2,close-return,5,2026,2025-06-09,0,0.525620,1
AAPL,2,close-return,5,2026,2025-06-10,1,0.526388,1
AAPL,2,close-return,5,2026,2025-06-11,0,0.526561,1
AAPL,2,close-return,5,2026,2025-06-12,1,0.524963,1
AAPL,2,close-return,5,2026,2025-06-13,0,0.526436,1
AAPL,2,close-return,5,2026,2025-06-16,1,0.525070,1
AAPL,2,close-return,5,2026,2025-06-17,0,0.526627,1
AAPL,2,close-return,5,2026,2025-06-18,1,0.525681,1
AAPL,2,close-return,5,2026,2025-06-20,1,0.526636,1
AAPL,2,close-return,5,2026,2025-06-23,1,0.523316,1
AAPL,2,close-return,5,2026,2025-06-24,0,0.525090,1
AAPL,2,close-return,5,2026,2025-06-25,1,0.526488,1
AAPL,2,close-return,5,2026,2025-06-26,0,0.526118,1
AAPL,2,close-return,5,2026,2025-06-27,1,0.526517,1
AAPL,2,close-return,5,2026,2025-06-30,1,0.526557,1
AAPL,2,close-return,5,2026,2025-07-01,1,0.523664,1
AAPL,2,close-return,5,2026,2025-07-02,1,0.522665,1
AAPL,2,close-return,5,2026,2025-07-03,1,0.519374,1
AAPL,2,close-return,5,2026,2025-07-07,0,0.522723,1
AAPL,2,close-return,5,2026,2025-07-08,1,0.526115,1
AAPL,2,close-return,5,2026,2025-07-09,1,0.526507,1
AAPL,2,close-return,5,2026,2025-07-10,1,0.526499,1
AAPL,2,close-return,5,2026,2025-07-11,0,0.526171,1
AAPL,2,close-return,5,2026,2025-07-14,0,0.526524,1
AAPL,2,close-return,5,2026,2025-07-15,1,0.525631,1
AAPL,2,close-return,5,2026,2025-07-16,1,0.526532,1
AAPL,2,close-return,5,2026,2025-07-17,0,0.526521,1
AAPL,2,close-return,5,2026,2025-07-18,1,0.526562,1
AAPL,2,close-return,5,2026,2025-07-21,1,0.526250,1
AAPL,2,close-return,5,2026,2025-07-22,1,0.525800,1
AAPL,2,close-return,5,2026,2025-07-23,0,0.525049,1
AAPL,2,close-return,5,2026,2025-07-24,0,0.526232,1
AAPL,2,close-return,5,2026,2025-07-25,1,0.526483,1
AAPL,2,close-return,5,2026,2025-07-28,1,0.526522,1
AAPL,2,close-return,5,2026,2025-07-29,0,0.526536,1
AAPL,2,close-return,5,2026,2025-07-30,0,0.525672,1
AAPL,2,close-return,5,2026,2025-07-31,0,0.525121,1
AAPL,2,close-return,5,2026,2025-08-01,0,0.525374,1
AAPL,2,close-return,5,2026,2025-08-04,1,0.522453,1
AAPL,2,close-return,5,2026,2025-08-05,0,0.526011,1
AAPL,2,close-return,5,2026,2025-08-06,1,0.526342,1
AAPL,2,close-return,5,2026,2025-08-07,1,0.516688,1
AAPL,2,close-return,5,2026,2025-08-08,1,0.513629,1
AAPL,2,close-return,20,42,2025-03-18,0,0.515056,1
AAPL,2,close-return,20,42,2025-03-19,1,0.514900,1
AAPL,2,close-return,20,42,2025-03-20,0,0.513778,1
AAPL,2,close-return,20,42,2025-03-21,1,0.514433,1
AAPL,2,close-return,20,42,2025-03-24,1,0.511303,1
AAPL,2,close-return,20,42,2025-03-25,1,0.510636,1
AAPL,2,close-return,20,42,2025-03-26,0,0.509563,1
AAPL,2,close-return,20,42,2025-03-27,1,0.513420,1
AAPL,2,close-return,20,42,2025-03-28,0,0.512661,1
AAPL,2,close-return,20,42,2025-03-31,1,0.513237,1
AAPL,2,close-return,20,42,2025-04-01,1,0.513559,1
AAPL,2,close-return,20,42,2025-04-02,1,0.513323,1
AAPL,2,close-return,20,42,2025-04-03,0,0.513410,1
AAPL,2,close-return,20,42,2025-04-04,0,0.510408,1
AAPL,2,close-return,20,42,2025-04-07,0,0.509988,1
AAPL,2,close-return,20,42,2025-04-08,0,0.511005,1
AAPL,2,close-return,20,42,2025-04-09,1,0.510868,1
AAPL,2,close-return,20,42,2025-04-10,0,0.503081,1
AAPL,2,close-return,20,42,2025-04-11,1,0.512842,1
AAPL,2,close-return,20,42,2025-04-14,1,0.507906,1
AAPL,2,close-return,20,42,2025-04-15,0,0.506241,1
AAPL,2,close-return,20,42,2025-04-16,0,0.511014,1
AAPL,2,close-return,20,42,2025-04-17,1,0.512527,1
AAPL,2,close-return,20,42,2025-04-21,0,0.514394,1
AAPL,2,close-return,20,42,2025-04-22,1,0.513888,1
AAPL,2,close-return,20,42,2025-04-23,1,0.509936,1
AAPL,2,close-return,20,42,2025-04-24,1,0.506158,1
AAPL,2,close-return,20,42,2025-04-25,1,0.505964,1
AAPL,2,close-return,20,42,2025-04-28,1,0.509675,1
AAPL,2,close-return,20,42,2025-04-29,1,0.511352,1
AAPL,2,close-return,20,42,2025-04-30,1,0.512000,1
AAPL,2,close-return,20,42,2025-05-01,1,0.512180,1
AAPL,2,close-return,20,42,2025-05-02,0,0.512671,1
AAPL,2,close-return,20,42,2025-05-05,0,0.512440,1
AAPL,2,close-return,20,42,2025-05-06,0,0.512066,1
AAPL,2,close-return,20,42,2025-05-07,0,0.514228,1
AAPL,2,close-return,20,42,2025-05-08,1,0.514258,1
AAPL,2,close-return,20,42,2025-05-09,1,0.515076,1
AAPL,2,close-return,20,42,2025-05-12,1,0.514538,1
AAPL,2,close-return,20,42,2025-05-13,1,0.500949,1
AAPL,2,close-return,20,42,2025-05-14,0,0.505406,1
AAPL,2,close-return,20,42,2025-05-15,0,0.511009,1
AAPL,2,close-return,20,42,2025-05-16,0,0.512987,1
AAPL,2,close-return,20,42,2025-05-19,0,0.513601,1
AAPL,2,close-return,20,42,2025-05-20,0,0.513869,1
AAPL,2,close-return,20,42,2025-05-21,0,0.514066,1
AAPL,2,close-return,20,42,2025-05-22,0,0.513176,1
AAPL,2,close-return,20,42,2025-05-23,0,0.514418,1
AAPL,2,close-return,20,42,2025-05-27,1,0.512810,1
AAPL,2,close-return,20,42,2025-05-28,1,0.514349,1
AAPL,2,close-return,20,42,2025-05-29,0,0.514418,1
AAPL,2,close-return,20,42,2025-05-30,1,0.514493,1
AAPL,2,close-return,20,42,2025-06-02,1,0.514085,1
AAPL,2,close-return,20,42,2025-06-03,1,0.513739,1
AAPL,2,close-return,20,42,2025-06-04,0,0.512950,1
AAPL,2,close-return,20,42,2025-06-05,0,0.513819,1
AAPL,2,close-return,20,42,2025-06-06,1,0.514066,1
AAPL,2,close-return,20,42,2025-06-09,0,0.512930,1
AAPL,2,close-return,20,42,2025-06-10,1,0.514184,1
AAPL,2,close-return,20,42,2025-06-11,0,0.514129,1
AAPL,2,close-return,20,42,2025-06-12,1,0.513808,1
AAPL,2,close-return,20,42,2025-06-13,0,0.514659,1
AAPL,2,close-return,20,42,2025-06-16,1,0.514152,1
AAPL,2,close-return,20,42,2025-06-17,0,0.514545,1
AAPL,2,close-return,20,42,2025-06-18,1,0.514322,1
AAPL,2,close-return,20,42,2025-06-20,1,0.514654,1
AAPL,2,close-return,20,42,2025-06-23,1,0.510515,1
AAPL,2,close-return,20,42,2025-06-24,0,0.512478,1
AAPL,2,close-return,20,42,2025-06-25,1,0.513868,1
AAPL,2,close-return,20,42,2025-06-26,0,0.513552,1
AAPL,2,close-return,20,42,2025-06-27,1,0.514021,1
AAPL,2,close-return,20,42,2025-06-30,1,0.514109,1
AAPL,2,close-return,20,42,2025-07-01,1,0.510664,1
AAPL,2,close-return,20,42,2025-07-02,1,0.509811,1
AAPL,2,close-return,20,42,2025-07-03,1,0.506632,1
AAPL,2,close-return,20,42,2025-07-07,0,0.509868,1
AAPL,2,close-return,20,42,2025-07-08,1,0.513319,1
AAPL,2,close-return,20,42,2025-07-09,1,0.513997,1
AAPL,2,close-return,20,42,2025-07-10,1,0.513865,1
AAPL,2,close-return,20,42,2025-07-11,0,0.513379,1
AAPL,2,close-return,20,42,2025-07-14,0,0.514100,1
AAPL,2,close-return,20,42,2025-07-15,1,0.514027,1
AAPL,2,close-return,20,42,2025-07-16,1,0.514551,1
AAPL,2,close-return,20,42,2025-07-17,0,0.514215,1
AAPL,2,close-return,20,42,2025-07-18,1,0.514256,1
AAPL,2,close-return,20,42,2025-07-21,1,0.513790,1
AAPL,2,close-return,20,42,2025-07-22,1,0.513267,1
AAPL,2,close-return,20,42,2025-07-23,0,0.512356,1
AAPL,2,close-return,20,42,2025-07-24,0,0.513507,1
AAPL,2,close-return,20,42,2025-07-25,1,0.513927,1
AAPL,2,close-return,20,42,2025-07-28,1,0.514047,1
AAPL,2,close-return,20,42,2025-07-29,0,0.514090,1
AAPL,2,close-return,20,42,2025-07-30,0,0.514057,1
AAPL,2,close-return,20,42,2025-07-31,0,0.514082,1
AAPL,2,close-return,20,42,2025-08-01,0,0.514362,1
AAPL,2,close-return,20,42,2025-08-04,1,0.513152,1
AAPL,2,close-return,20,42,2025-08-05,0,0.514943,1
AAPL,2,close-return,20,42,2025-08-06,1,0.514894,1
AAPL,2,close-return,20,42,2025-08-07,1,0.503840,1
AAPL,2,close-return,20,42,2025-08-08,1,0.501941,1
AAPL,2,close-return,20,123,2025-03-18,0,0.512674,1
AAPL,2,close-return,20,123,2025-03-19,1,0.513334,1
AAPL,2,close-return,20,123,2025-03-20,0,0.511604,1
AAPL,2,close-return,20,123,2025-03-21,1,0.512945,1
AAPL,2,close-return,20,123,2025-03-24,1,0.510174,1
AAPL,2,close-return,20,123,2025-03-25,1,0.510074,1
AAPL,2,close-return,20,123,2025-03-26,0,0.509684,1
AAPL,2,close-return,20,123,2025-03-27,1,0.512791,1
AAPL,2,close-return,20,123,2025-03-28,0,0.511461,1
AAPL,2,close-return,20,123,2025-03-31,1,0.514020,1
AAPL,2,close-return,20,123,2025-04-01,1,0.511499,1
AAPL,2,close-return,20,123,2025-04-02,1,0.511633,1
AAPL,2,close-return,20,123,2025-04-03,0,0.511932,1
AAPL,2,close-return,20,123,2025-04-04,0,0.509328,1
AAPL,2,close-return,20,123,2025-04-07,0,0.508301,1
AAPL,2,close-return,20,123,2025-04-08,0,0.509325,1
AAPL,2,close-return,20,123,2025-04-09,1,0.509106,1
AAPL,2,close-return,20,123,2025-04-10,0,0.502631,1
AAPL,2,close-return,20,123,2025-04-11,1,0.508119,1
AAPL,2,close-return,20,123,2025-04-14,1,0.506160,1
AAPL,2,close-return,20,123,2025-04-15,0,0.506836,1
AAPL,2,close-return,20,123,2025-04-16,0,0.510344,1
AAPL,2,close-return,20,123,2025-04-17,1,0.513311,1
AAPL,2,close-return,20,123,2025-04-21,0,0.512656,1
AAPL,2,close-return,20,123,2025-04-22,1,0.513891,1
AAPL,2,close-return,20,123,2025-04-23,1,0.509072,1
AAPL,2,close-return,20,123,2025-04-24,1,0.507785,1
AAPL,2,close-return,20,123,2025-04-25,1,0.508031,1
AAPL,2,close-return,20,123,2025-04-28,1,0.510071,1
AAPL,2,close-return,20,123,2025-04-29,1,0.511108,1
AAPL,2,close-return,20,123,2025-04-30,1,0.511435,1
AAPL,2,close-return,20,123,2025-05-01,1,0.511432,1
AAPL,2,close-return,20,123,2025-05-02,0,0.511753,1
AAPL,2,close-return,20,123,2025-05-05,0,0.513701,1
AAPL,2,close-return,20,123,2025-05-06,0,0.512857,1
AAPL,2,close-return,20,123,2025-05-07,0,0.513864,1
AAPL,2,close-return,20,123,2025-05-08,1,0.513874,1
AAPL,2,close-return,20,123,2025-05-09,1,0.513152,1
AAPL,2,close-return,20,123,2025-05-12,1,0.512388,1
AAPL,2,close-return,20,123,2025-05-13,1,0.505185,1
AAPL,2,close-return,20,123,2025-05-14,0,0.507551,1
AAPL,2,close-return,20,123,2025-05-15,0,0.510824,1
AAPL,2,close-return,20,123,2025-05-16,0,0.512562,1
AAPL,2,close-return,20,123,2025-05-19,0,0.512887,1
AAPL,2,close-return,20,123,2025-05-20,0,0.513906,1
AAPL,2,close-return,20,123,2025-05-21,0,0.514026,1
AAPL,2,close-return,20,123,2025-05-22,0,0.513884,1
AAPL,2,close-return,20,123,2025-05-23,0,0.513977,1
AAPL,2,close-return,20,123,2025-05-27,1,0.513284,1
AAPL,2,close-return,20,123,2025-05-28,1,0.511615,1
AAPL,2,close-return,20,123,2025-05-29,0,0.512176,1
AAPL,2,close-return,20,123,2025-05-30,1,0.512832,1
AAPL,2,close-return,20,123,2025-06-02,1,0.512310,1
AAPL,2,close-return,20,123,2025-06-03,1,0.512086,1
AAPL,2,close-return,20,123,2025-06-04,0,0.511474,1
AAPL,2,close-return,20,123,2025-06-05,0,0.512571,1
AAPL,2,close-return,20,123,2025-06-06,1,0.513746,1
AAPL,2,close-return,20,123,2025-06-09,0,0.511236,1
AAPL,2,close-return,20,123,2025-06-10,1,0.513486,1
AAPL,2,close-return,20,123,2025-06-11,0,0.512497,1
AAPL,2,close-return,20,123,2025-06-12,1,0.514013,1
AAPL,2,close-return,20,123,2025-06-13,0,0.513444,1
AAPL,2,close-return,20,123,2025-06-16,1,0.513990,1
AAPL,2,close-return,20,123,2025-06-17,0,0.512539,1
AAPL,2,close-return,20,123,2025-06-18,1,0.513846,1
AAPL,2,close-return,20,123,2025-06-20,1,0.512959,1
AAPL,2,close-return,20,123,2025-06-23,1,0.509716,1
AAPL,2,close-return,20,123,2025-06-24,0,0.511172,1
AAPL,2,close-return,20,123,2025-06-25,1,0.512888,1
AAPL,2,close-return,20,123,2025-06-26,0,0.512105,1
AAPL,2,close-return,20,123,2025-06-27,1,0.512889,1
AAPL,2,close-return,20,123,2025-06-30,1,0.512854,1
AAPL,2,close-return,20,123,2025-07-01,1,0.509981,1
AAPL,2,close-return,20,123,2025-07-02,1,0.509752,1
AAPL,2,close-return,20,123,2025-07-03,1,0.508376,1
AAPL,2,close-return,20,123,2025-07-07,0,0.510123,1
AAPL,2,close-return,20,123,2025-07-08,1,0.513567,1
AAPL,2,close-return,20,123,2025-07-09,1,0.513242,1
AAPL,2,close-return,20,123,2025-07-10,1,0.512423,1
AAPL,2,close-return,20,123,2025-07-11,0,0.511896,1
AAPL,2,close-return,20,123,2025-07-14,0,0.513149,1
AAPL,2,close-return,20,123,2025-07-15,1,0.513944,1
AAPL,2,close-return,20,123,2025-07-16,1,0.513270,1
AAPL,2,close-return,20,123,2025-07-17,0,0.512476,1
AAPL,2,close-return,20,123,2025-07-18,1,0.512786,1
AAPL,2,close-return,20,123,2025-07-21,1,0.512144,1
AAPL,2,close-return,20,123,2025-07-22,1,0.511738,1
AAPL,2,close-return,20,123,2025-07-23,0,0.511124,1
AAPL,2,close-return,20,123,2025-07-24,0,0.512299,1
AAPL,2,close-return,20,123,2025-07-25,1,0.512858,1
AAPL,2,close-return,20,123,2025-07-28,1,0.512822,1
AAPL,2,close-return,20,123,2025-07-29,0,0.512775,1
AAPL,2,close-return,20,123,2025-07-30,0,0.513909,1
AAPL,2,close-return,20,123,2025-07-31,0,0.514037,1
AAPL,2,close-return,20,123,2025-08-01,0,0.513966,1
AAPL,2,close-return,20,123,2025-08-04,1,0.513724,1
AAPL,2,close-return,20,123,2025-08-05,0,0.513621,1
AAPL,2,close-return,20,123,2025-08-06,1,0.513439,1
AAPL,2,close-return,20,123,2025-08-07,1,0.506421,1
AAPL,2,close-return,20,123,2025-08-08,1,0.506045,1
AAPL,2,close-return,20,2026,2025-03-18,0,0.526818,1
AAPL,2,close-return,20,2026,2025-03-19,1,0.526581,1
AAPL,2,close-return,20,2026,2025-03-20,0,0.526297,1
AAPL,2,close-return,20,2026,2025-03-21,1,0.526790,1
AAPL,2,close-return,20,2026,2025-03-24,1,0.524441,1
AAPL,2,close-return,20,2026,2025-03-25,1,0.523823,1
AAPL,2,close-return,20,2026,2025-03-26,0,0.522786,1
AAPL,2,close-return,20,2026,2025-03-27,1,0.526562,1
AAPL,2,close-return,20,2026,2025-03-28,0,0.525756,1
AAPL,2,close-return,20,2026,2025-03-31,1,0.524684,1
AAPL,2,close-return,20,2026,2025-04-01,1,0.526471,1
AAPL,2,close-return,20,2026,2025-04-02,1,0.526248,1
AAPL,2,close-return,20,2026,2025-04-03,0,0.526308,1
AAPL,2,close-return,20,2026,2025-04-04,0,0.516703,1
AAPL,2,close-return,20,2026,2025-04-07,0,0.514241,1
AAPL,2,close-return,20,2026,2025-04-08,0,0.515859,1
AAPL,2,close-return,20,2026,2025-04-09,1,0.515591,1
AAPL,2,close-return,20,2026,2025-04-10,0,0.514954,1
AAPL,2,close-return,20,2026,2025-04-11,1,0.524595,1
AAPL,2,close-return,20,2026,2025-04-14,1,0.520330,1
AAPL,2,close-return,20,2026,2025-04-15,0,0.518513,1
AAPL,2,close-return,20,2026,2025-04-16,0,0.524270,1
AAPL,2,close-return,20,2026,2025-04-17,1,0.523103,1
AAPL,2,close-return,20,2026,2025-04-21,0,0.526897,1
AAPL,2,close-return,20,2026,2025-04-22,1,0.525025,1
AAPL,2,close-return,20,2026,2025-04-23,1,0.523521,1
AAPL,2,close-return,20,2026,2025-04-24,1,0.519544,1
AAPL,2,close-return,20,2026,2025-04-25,1,0.518997,1
AAPL,2,close-return,20,2026,2025-04-28,1,0.522932,1
AAPL,2,close-return,20,2026,2025-04-29,1,0.524695,1
AAPL,2,close-return,20,2026,2025-04-30,1,0.525281,1
AAPL,2,close-return,20,2026,2025-05-01,1,0.525402,1
AAPL,2,close-return,20,2026,2025-05-02,0,0.525825,1
AAPL,2,close-return,20,2026,2025-05-05,0,0.522743,1
AAPL,2,close-return,20,2026,2025-05-06,0,0.520380,1
AAPL,2,close-return,20,2026,2025-05-07,0,0.524320,1
AAPL,2,close-return,20,2026,2025-05-08,1,0.524464,1
AAPL,2,close-return,20,2026,2025-05-09,1,0.526686,1
AAPL,2,close-return,20,2026,2025-05-12,1,0.526746,1
AAPL,2,close-return,20,2026,2025-05-13,1,0.513834,1
AAPL,2,close-return,20,2026,2025-05-14,0,0.518225,1
AAPL,2,close-return,20,2026,2025-05-15,0,0.524456,1
AAPL,2,close-return,20,2026,2025-05-16,0,0.526338,1
AAPL,2,close-return,20,2026,2025-05-19,0,0.526567,1
AAPL,2,close-return,20,2026,2025-05-20,0,0.525984,1
AAPL,2,close-return,20,2026,2025-05-21,0,0.525629,1
AAPL,2,close-return,20,2026,2025-05-22,0,0.523164,1
AAPL,2,close-return,20,2026,2025-05-23,0,0.525252,1
AAPL,2,close-return,20,2026,2025-05-27,1,0.521806,1
AAPL,2,close-return,20,2026,2025-05-28,1,0.526842,1
AAPL,2,close-return,20,2026,2025-05-29,0,0.526845,1
AAPL,2,close-return,20,2026,2025-05-30,1,0.526838,1
AAPL,2,close-return,20,2026,2025-06-02,1,0.526637,1
AAPL,2,close-return,20,2026,2025-06-03,1,0.526440,1
AAPL,2,close-return,20,2026,2025-06-04,0,0.525855,1
AAPL,2,close-return,20,2026,2025-06-05,0,0.526610,1
AAPL,2,close-return,20,2026,2025-06-06,1,0.526251,1
AAPL,2,close-return,20,2026,2025-06-09,0,0.525886,1
AAPL,2,close-return,20,2026,2025-06-10,1,0.526592,1
AAPL,2,close-return,20,2026,2025-06-11,0,0.526753,1
AAPL,2,close-return,20,2026,2025-06-12,1,0.525260,1
AAPL,2,close-return,20,2026,2025-06-13,0,0.526627,1
AAPL,2,close-return,20,2026,2025-06-16,1,0.525400,1
AAPL,2,close-return,20,2026,2025-06-17,0,0.526854,1
AAPL,2,close-return,20,2026,2025-06-18,1,0.525953,1
AAPL,2,close-return,20,2026,2025-06-20,1,0.526841,1
AAPL,2,close-return,20,2026,2025-06-23,1,0.523847,1
AAPL,2,close-return,20,2026,2025-06-24,0,0.525528,1
AAPL,2,close-return,20,2026,2025-06-25,1,0.526687,1
AAPL,2,close-return,20,2026,2025-06-26,0,0.526403,1
AAPL,2,close-return,20,2026,2025-06-27,1,0.526703,1
AAPL,2,close-return,20,2026,2025-06-30,1,0.526717,1
AAPL,2,close-return,20,2026,2025-07-01,1,0.523955,1
AAPL,2,close-return,20,2026,2025-07-02,1,0.523087,1
AAPL,2,close-return,20,2026,2025-07-03,1,0.519813,1
AAPL,2,close-return,20,2026,2025-07-07,0,0.523098,1
AAPL,2,close-return,20,2026,2025-07-08,1,0.526298,1
AAPL,2,close-return,20,2026,2025-07-09,1,0.526656,1
AAPL,2,close-return,20,2026,2025-07-10,1,0.526617,1
AAPL,2,close-return,20,2026,2025-07-11,0,0.526257,1
AAPL,2,close-return,20,2026,2025-07-14,0,0.526697,1
AAPL,2,close-return,20,2026,2025-07-15,1,0.525847,1
AAPL,2,close-return,20,2026,2025-07-16,1,0.526723,1
AAPL,2,close-return,20,2026,2025-07-17,0,0.526726,1
AAPL,2,close-return,20,2026,2025-07-18,1,0.526759,1
AAPL,2,close-return,20,2026,2025-07-21,1,0.526495,1
AAPL,2,close-return,20,2026,2025-07-22,1,0.526128,1
AAPL,2,close-return,20,2026,2025-07-23,0,0.525388,1
AAPL,2,close-return,20,2026,2025-07-24,0,0.526432,1
AAPL,2,close-return,20,2026,2025-07-25,1,0.526667,1
AAPL,2,close-return,20,2026,2025-07-28,1,0.526697,1
AAPL,2,close-return,20,2026,2025-07-29,0,0.526709,1
AAPL,2,close-return,20,2026,2025-07-30,0,0.525938,1
AAPL,2,close-return,20,2026,2025-07-31,0,0.525411,1
AAPL,2,close-return,20,2026,2025-08-01,0,0.525644,1
AAPL,2,close-return,20,2026,2025-08-04,1,0.522866,1
AAPL,2,close-return,20,2026,2025-08-05,0,0.526284,1
AAPL,2,close-return,20,2026,2025-08-06,1,0.526554,1
AAPL,2,close-return,20,2026,2025-08-07,1,0.517547,1
AAPL,2,close-return,20,2026,2025-08-08,1,0.514398,1
AAPL,2,ohlcv,5,42,2025-03-18,0,0.515424,1
AAPL,2,ohlcv,5,42,2025-03-19,1,0.520791,1
AAPL,2,ohlcv,5,42,2025-03-20,0,0.517975,1
AAPL,2,ohlcv,5,42,2025-03-21,1,0.520971,1
AAPL,2,ohlcv,5,42,2025-03-24,1,0.523436,1
AAPL,2,ohlcv,5,42,2025-03-25,1,0.532504,1
AAPL,2,ohlcv,5,42,2025-03-26,0,0.532709,1
AAPL,2,ohlcv,5,42,2025-03-27,1,0.531296,1
AAPL,2,ohlcv,5,42,2025-03-28,0,0.536191,1
AAPL,2,ohlcv,5,42,2025-03-31,1,0.522984,1
AAPL,2,ohlcv,5,42,2025-04-01,1,0.522395,1
AAPL,2,ohlcv,5,42,2025-04-02,1,0.533873,1
AAPL,2,ohlcv,5,42,2025-04-03,0,0.531129,1
AAPL,2,ohlcv,5,42,2025-04-04,0,0.519424,1
AAPL,2,ohlcv,5,42,2025-04-07,0,0.513887,1
AAPL,2,ohlcv,5,42,2025-04-08,0,0.514975,1
AAPL,2,ohlcv,5,42,2025-04-09,1,0.506635,1
AAPL,2,ohlcv,5,42,2025-04-10,0,0.519621,1
AAPL,2,ohlcv,5,42,2025-04-11,1,0.517679,1
AAPL,2,ohlcv,5,42,2025-04-14,1,0.522170,1
AAPL,2,ohlcv,5,42,2025-04-15,0,0.508222,1
AAPL,2,ohlcv,5,42,2025-04-16,0,0.516923,1
AAPL,2,ohlcv,5,42,2025-04-17,1,0.515052,1
AAPL,2,ohlcv,5,42,2025-04-21,0,0.511854,1
AAPL,2,ohlcv,5,42,2025-04-22,1,0.513686,1
AAPL,2,ohlcv,5,42,2025-04-23,1,0.516543,1
AAPL,2,ohlcv,5,42,2025-04-24,1,0.502812,1
AAPL,2,ohlcv,5,42,2025-04-25,1,0.512597,1
AAPL,2,ohlcv,5,42,2025-04-28,1,0.531576,1
AAPL,2,ohlcv,5,42,2025-04-29,1,0.526461,1
AAPL,2,ohlcv,5,42,2025-04-30,1,0.535057,1
AAPL,2,ohlcv,5,42,2025-05-01,1,0.529067,1
AAPL,2,ohlcv,5,42,2025-05-02,0,0.532460,1
AAPL,2,ohlcv,5,42,2025-05-05,0,0.523903,1
AAPL,2,ohlcv,5,42,2025-05-06,0,0.518978,1
AAPL,2,ohlcv,5,42,2025-05-07,0,0.525275,1
AAPL,2,ohlcv,5,42,2025-05-08,1,0.516418,1
AAPL,2,ohlcv,5,42,2025-05-09,1,0.511778,1
AAPL,2,ohlcv,5,42,2025-05-12,1,0.519031,1
AAPL,2,ohlcv,5,42,2025-05-13,1,0.497491,0
AAPL,2,ohlcv,5,42,2025-05-14,0,0.510935,1
AAPL,2,ohlcv,5,42,2025-05-15,0,0.518529,1
AAPL,2,ohlcv,5,42,2025-05-16,0,0.526493,1
AAPL,2,ohlcv,5,42,2025-05-19,0,0.523612,1
AAPL,2,ohlcv,5,42,2025-05-20,0,0.518973,1
AAPL,2,ohlcv,5,42,2025-05-21,0,0.519449,1
AAPL,2,ohlcv,5,42,2025-05-22,0,0.515965,1
AAPL,2,ohlcv,5,42,2025-05-23,0,0.525270,1
AAPL,2,ohlcv,5,42,2025-05-27,1,0.521472,1
AAPL,2,ohlcv,5,42,2025-05-28,1,0.536588,1
AAPL,2,ohlcv,5,42,2025-05-29,0,0.534838,1
AAPL,2,ohlcv,5,42,2025-05-30,1,0.519633,1
AAPL,2,ohlcv,5,42,2025-06-02,1,0.516434,1
AAPL,2,ohlcv,5,42,2025-06-03,1,0.532552,1
AAPL,2,ohlcv,5,42,2025-06-04,0,0.534884,1
AAPL,2,ohlcv,5,42,2025-06-05,0,0.531224,1
AAPL,2,ohlcv,5,42,2025-06-06,1,0.527356,1
AAPL,2,ohlcv,5,42,2025-06-09,0,0.527428,1
AAPL,2,ohlcv,5,42,2025-06-10,1,0.515993,1
AAPL,2,ohlcv,5,42,2025-06-11,0,0.536013,1
AAPL,2,ohlcv,5,42,2025-06-12,1,0.523791,1
AAPL,2,ohlcv,5,42,2025-06-13,0,0.527207,1
AAPL,2,ohlcv,5,42,2025-06-16,1,0.519969,1
AAPL,2,ohlcv,5,42,2025-06-17,0,0.531850,1
AAPL,2,ohlcv,5,42,2025-06-18,1,0.526532,1
AAPL,2,ohlcv,5,42,2025-06-20,1,0.534224,1
AAPL,2,ohlcv,5,42,2025-06-23,1,0.517618,1
AAPL,2,ohlcv,5,42,2025-06-24,0,0.522594,1
AAPL,2,ohlcv,5,42,2025-06-25,1,0.527027,1
AAPL,2,ohlcv,5,42,2025-06-26,0,0.528638,1
AAPL,2,ohlcv,5,42,2025-06-27,1,0.526194,1
AAPL,2,ohlcv,5,42,2025-06-30,1,0.519705,1
AAPL,2,ohlcv,5,42,2025-07-01,1,0.511225,1
AAPL,2,ohlcv,5,42,2025-07-02,1,0.518481,1
AAPL,2,ohlcv,5,42,2025-07-03,1,0.523994,1
AAPL,2,ohlcv,5,42,2025-07-07,0,0.526792,1
AAPL,2,ohlcv,5,42,2025-07-08,1,0.524903,1
AAPL,2,ohlcv,5,42,2025-07-09,1,0.528686,1
AAPL,2,ohlcv,5,42,2025-07-10,1,0.528124,1
AAPL,2,ohlcv,5,42,2025-07-11,0,0.537610,1
AAPL,2,ohlcv,5,42,2025-07-14,0,0.534518,1
AAPL,2,ohlcv,5,42,2025-07-15,1,0.528189,1
AAPL,2,ohlcv,5,42,2025-07-16,1,0.532274,1
AAPL,2,ohlcv,5,42,2025-07-17,0,0.525838,1
AAPL,2,ohlcv,5,42,2025-07-18,1,0.532052,1
AAPL,2,ohlcv,5,42,2025-07-21,1,0.532216,1
AAPL,2,ohlcv,5,42,2025-07-22,1,0.525163,1
AAPL,2,ohlcv,5,42,2025-07-23,0,0.533430,1
AAPL,2,ohlcv,5,42,2025-07-24,0,0.531104,1
AAPL,2,ohlcv,5,42,2025-07-25,1,0.534288,1
AAPL,2,ohlcv,5,42,2025-07-28,1,0.532513,1
AAPL,2,ohlcv,5,42,2025-07-29,0,0.534043,1
AAPL,2,ohlcv,5,42,2025-07-30,0,0.524890,1
AAPL,2,ohlcv,5,42,2025-07-31,0,0.519882,1
AAPL,2,ohlcv,5,42,2025-08-01,0,0.521083,1
AAPL,2,ohlcv,5,42,2025-08-04,1,0.506087,1
AAPL,2,ohlcv,5,42,2025-08-05,0,0.510809,1
AAPL,2,ohlcv,5,42,2025-08-06,1,0.523589,1
AAPL,2,ohlcv,5,42,2025-08-07,1,0.507539,1
AAPL,2,ohlcv,5,42,2025-08-08,1,0.505756,1
AAPL,2,ohlcv,5,123,2025-03-18,0,0.494292,0
AAPL,2,ohlcv,5,123,2025-03-19,1,0.508627,1
AAPL,2,ohlcv,5,123,2025-03-20,0,0.506239,1
AAPL,2,ohlcv,5,123,2025-03-21,1,0.523790,1
AAPL,2,ohlcv,5,123,2025-03-24,1,0.538310,1
AAPL,2,ohlcv,5,123,2025-03-25,1,0.527145,1
AAPL,2,ohlcv,5,123,2025-03-26,0,0.537836,1
AAPL,2,ohlcv,5,123,2025-03-27,1,0.543725,1
AAPL,2,ohlcv,5,123,2025-03-28,0,0.552838,1
AAPL,2,ohlcv,5,123,2025-03-31,1,0.539371,1
AAPL,2,ohlcv,5,123,2025-04-01,1,0.542636,1
AAPL,2,ohlcv,5,123,2025-04-02,1,0.556329,1
AAPL,2,ohlcv,5,123,2025-04-03,0,0.552679,1
AAPL,2,ohlcv,5,123,2025-04-04,0,0.536334,1
AAPL,2,ohlcv,5,123,2025-04-07,0,0.534598,1
AAPL,2,ohlcv,5,123,2025-04-08,0,0.530138,1
AAPL,2,ohlcv,5,123,2025-04-09,1,0.500873,1
AAPL,2,ohlcv,5,123,2025-04-10,0,0.498815,0
AAPL,2,ohlcv,5,123,2025-04-11,1,0.516459,1
AAPL,2,ohlcv,5,123,2025-04-14,1,0.530654,1
AAPL,2,ohlcv,5,123,2025-04-15,0,0.438226,0
AAPL,2,ohlcv,5,123,2025-04-16,0,0.491161,0
AAPL,2,ohlcv,5,123,2025-04-17,1,0.515322,1
AAPL,2,ohlcv,5,123,2025-04-21,0,0.471494,0
AAPL,2,ohlcv,5,123,2025-04-22,1,0.504132,1
AAPL,2,ohlcv,5,123,2025-04-23,1,0.459391,0
AAPL,2,ohlcv,5,123,2025-04-24,1,0.416771,0
AAPL,2,ohlcv,5,123,2025-04-25,1,0.450169,0
AAPL,2,ohlcv,5,123,2025-04-28,1,0.542409,1
AAPL,2,ohlcv,5,123,2025-04-29,1,0.528135,1
AAPL,2,ohlcv,5,123,2025-04-30,1,0.553798,1
AAPL,2,ohlcv,5,123,2025-05-01,1,0.542246,1
AAPL,2,ohlcv,5,123,2025-05-02,0,0.549791,1
AAPL,2,ohlcv,5,123,2025-05-05,0,0.537510,1
AAPL,2,ohlcv,5,123,2025-05-06,0,0.534153,1
AAPL,2,ohlcv,5,123,2025-05-07,0,0.539176,1
AAPL,2,ohlcv,5,123,2025-05-08,1,0.513377,1
AAPL,2,ohlcv,5,123,2025-05-09,1,0.479021,0
AAPL,2,ohlcv,5,123,2025-05-12,1,0.489184,0
AAPL,2,ohlcv,5,123,2025-05-13,1,0.415783,0
AAPL,2,ohlcv,5,123,2025-05-14,0,0.437022,0
AAPL,2,ohlcv,5,123,2025-05-15,0,0.482529,0
AAPL,2,ohlcv,5,123,2025-05-16,0,0.535576,1
AAPL,2,ohlcv,5,123,2025-05-19,0,0.517857,1
AAPL,2,ohlcv,5,123,2025-05-20,0,0.520985,1
AAPL,2,ohlcv,5,123,2025-05-21,0,0.517951,1
AAPL,2,ohlcv,5,123,2025-05-22,0,0.518202,1
AAPL,2,ohlcv,5,123,2025-05-23,0,0.533822,1
AAPL,2,ohlcv,5,123,2025-05-27,1,0.542249,1
AAPL,2,ohlcv,5,123,2025-05-28,1,0.550670,1
AAPL,2,ohlcv,5,123,2025-05-29,0,0.554249,1
AAPL,2,ohlcv,5,123,2025-05-30,1,0.509673,1
AAPL,2,ohlcv,5,123,2025-06-02,1,0.504485,1
AAPL,2,ohlcv,5,123,2025-06-03,1,0.539836,1
AAPL,2,ohlcv,5,123,2025-06-04,0,0.548022,1
AAPL,2,ohlcv,5,123,2025-06-05,0,0.551693,1
AAPL,2,ohlcv,5,123,2025-06-06,1,0.543754,1
AAPL,2,ohlcv,5,123,2025-06-09,0,0.534270,1
AAPL,2,ohlcv,5,123,2025-06-10,1,0.508626,1
AAPL,2,ohlcv,5,123,2025-06-11,0,0.557263,1
AAPL,2,ohlcv,5,123,2025-06-12,1,0.534489,1
AAPL,2,ohlcv,5,123,2025-06-13,0,0.531267,1
AAPL,2,ohlcv,5,123,2025-06-16,1,0.523655,1
AAPL,2,ohlcv,5,123,2025-06-17,0,0.529485,1
AAPL,2,ohlcv,5,123,2025-06-18,1,0.533591,1
AAPL,2,ohlcv,5,123,2025-06-20,1,0.544415,1
AAPL,2,ohlcv,5,123,2025-06-23,1,0.514103,1
AAPL,2,ohlcv,5,123,2025-06-24,0,0.503492,1
AAPL,2,ohlcv,5,123,2025-06-25,1,0.527455,1
AAPL,2,ohlcv,5,123,2025-06-26,0,0.536115,1
AAPL,2,ohlcv,5,123,2025-06-27,1,0.536506,1
AAPL,2,ohlcv,5,123,2025-06-30,1,0.519923,1
AAPL,2,ohlcv,5,123,2025-07-01,1,0.477325,0
AAPL,2,ohlcv,5,123,2025-07-02,1,0.488494,0
AAPL,2,ohlcv,5,123,2025-07-03,1,0.507018,1
AAPL,2,ohlcv,5,123,2025-07-07,0,0.541309,1
AAPL,2,ohlcv,5,123,2025-07-08,1,0.537736,1
AAPL,2,ohlcv,5,123,2025-07-09,1,0.544903,1
AAPL,2,ohlcv,5,123,2025-07-10,1,0.541974,1
AAPL,2,ohlcv,5,123,2025-07-11,0,0.558254,1
AAPL,2,ohlcv,5,123,2025-07-14,0,0.552132,1
AAPL,2,ohlcv,5,123,2025-07-15,1,0.542097,1
AAPL,2,ohlcv,5,123,2025-07-16,1,0.551597,1
AAPL,2,ohlcv,5,123,2025-07-17,0,0.538045,1
AAPL,2,ohlcv,5,123,2025-07-18,1,0.552334,1
AAPL,2,ohlcv,5,123,2025-07-21,1,0.549604,1
AAPL,2,ohlcv,5,123,2025-07-22,1,0.535287,1
AAPL,2,ohlcv,5,123,2025-07-23,0,0.551155,1
AAPL,2,ohlcv,5,123,2025-07-24,0,0.538170,1
AAPL,2,ohlcv,5,123,2025-07-25,1,0.552226,1
AAPL,2,ohlcv,5,123,2025-07-28,1,0.542984,1
AAPL,2,ohlcv,5,123,2025-07-29,0,0.540873,1
AAPL,2,ohlcv,5,123,2025-07-30,0,0.534441,1
AAPL,2,ohlcv,5,123,2025-07-31,0,0.524450,1
AAPL,2,ohlcv,5,123,2025-08-01,0,0.534150,1
AAPL,2,ohlcv,5,123,2025-08-04,1,0.504553,1
AAPL,2,ohlcv,5,123,2025-08-05,0,0.494464,0
AAPL,2,ohlcv,5,123,2025-08-06,1,0.529733,1
AAPL,2,ohlcv,5,123,2025-08-07,1,0.489231,0
AAPL,2,ohlcv,5,123,2025-08-08,1,0.442502,0
AAPL,2,ohlcv,5,2026,2025-03-18,0,0.496013,0
AAPL,2,ohlcv,5,2026,2025-03-19,1,0.504545,1
AAPL,2,ohlcv,5,2026,2025-03-20,0,0.550713,1
AAPL,2,ohlcv,5,2026,2025-03-21,1,0.571998,1
AAPL,2,ohlcv,5,2026,2025-03-24,1,0.545237,1
AAPL,2,ohlcv,5,2026,2025-03-25,1,0.553776,1
AAPL,2,ohlcv,5,2026,2025-03-26,0,0.539730,1
AAPL,2,ohlcv,5,2026,2025-03-27,1,0.549646,1
AAPL,2,ohlcv,5,2026,2025-03-28,0,0.546359,1
AAPL,2,ohlcv,5,2026,2025-03-31,1,0.563106,1
AAPL,2,ohlcv,5,2026,2025-04-01,1,0.561456,1
AAPL,2,ohlcv,5,2026,2025-04-02,1,0.569293,1
AAPL,2,ohlcv,5,2026,2025-04-03,0,0.563463,1
AAPL,2,ohlcv,5,2026,2025-04-04,0,0.525140,1
AAPL,2,ohlcv,5,2026,2025-04-07,0,0.552152,1
AAPL,2,ohlcv,5,2026,2025-04-08,0,0.567964,1
AAPL,2,ohlcv,5,2026,2025-04-09,1,0.543283,1
AAPL,2,ohlcv,5,2026,2025-04-10,0,0.509866,1
AAPL,2,ohlcv,5,2026,2025-04-11,1,0.515633,1
AAPL,2,ohlcv,5,2026,2025-04-14,1,0.535351,1
AAPL,2,ohlcv,5,2026,2025-04-15,0,0.486128,0
AAPL,2,ohlcv,5,2026,2025-04-16,0,0.526930,1
AAPL,2,ohlcv,5,2026,2025-04-17,1,0.531647,1
AAPL,2,ohlcv,5,2026,2025-04-21,0,0.502786,1
AAPL,2,ohlcv,5,2026,2025-04-22,1,0.501813,1
AAPL,2,ohlcv,5,2026,2025-04-23,1,0.500504,1
AAPL,2,ohlcv,5,2026,2025-04-24,1,0.473523,0
AAPL,2,ohlcv,5,2026,2025-04-25,1,0.487605,0
AAPL,2,ohlcv,5,2026,2025-04-28,1,0.537231,1
AAPL,2,ohlcv,5,2026,2025-04-29,1,0.515393,1
AAPL,2,ohlcv,5,2026,2025-04-30,1,0.548603,1
AAPL,2,ohlcv,5,2026,2025-05-01,1,0.516834,1
AAPL,2,ohlcv,5,2026,2025-05-02,0,0.539096,1
AAPL,2,ohlcv,5,2026,2025-05-05,0,0.514777,1
AAPL,2,ohlcv,5,2026,2025-05-06,0,0.529006,1
AAPL,2,ohlcv,5,2026,2025-05-07,0,0.558192,1
AAPL,2,ohlcv,5,2026,2025-05-08,1,0.506194,1
AAPL,2,ohlcv,5,2026,2025-05-09,1,0.500668,1
AAPL,2,ohlcv,5,2026,2025-05-12,1,0.538307,1
AAPL,2,ohlcv,5,2026,2025-05-13,1,0.466265,0
AAPL,2,ohlcv,5,2026,2025-05-14,0,0.479633,0
AAPL,2,ohlcv,5,2026,2025-05-15,0,0.498760,0
AAPL,2,ohlcv,5,2026,2025-05-16,0,0.533312,1
AAPL,2,ohlcv,5,2026,2025-05-19,0,0.499388,0
AAPL,2,ohlcv,5,2026,2025-05-20,0,0.504323,1
AAPL,2,ohlcv,5,2026,2025-05-21,0,0.503969,1
AAPL,2,ohlcv,5,2026,2025-05-22,0,0.509534,1
AAPL,2,ohlcv,5,2026,2025-05-23,0,0.543332,1
AAPL,2,ohlcv,5,2026,2025-05-27,1,0.553248,1
AAPL,2,ohlcv,5,2026,2025-05-28,1,0.564579,1
AAPL,2,ohlcv,5,2026,2025-05-29,0,0.591579,1
AAPL,2,ohlcv,5,2026,2025-05-30,1,0.527931,1
AAPL,2,ohlcv,5,2026,2025-06-02,1,0.499933,0
AAPL,2,ohlcv,5,2026,2025-06-03,1,0.556524,1
AAPL,2,ohlcv,5,2026,2025-06-04,0,0.541000,1
AAPL,2,ohlcv,5,2026,2025-06-05,0,0.589015,1
AAPL,2,ohlcv,5,2026,2025-06-06,1,0.569997,1
AAPL,2,ohlcv,5,2026,2025-06-09,0,0.579154,1
AAPL,2,ohlcv,5,2026,2025-06-10,1,0.532323,1
AAPL,2,ohlcv,5,2026,2025-06-11,0,0.592507,1
AAPL,2,ohlcv,5,2026,2025-06-12,1,0.562221,1
AAPL,2,ohlcv,5,2026,2025-06-13,0,0.544375,1
AAPL,2,ohlcv,5,2026,2025-06-16,1,0.526186,1
AAPL,2,ohlcv,5,2026,2025-06-17,0,0.529708,1
AAPL,2,ohlcv,5,2026,2025-06-18,1,0.550775,1
AAPL,2,ohlcv,5,2026,2025-06-20,1,0.547295,1
AAPL,2,ohlcv,5,2026,2025-06-23,1,0.504663,1
AAPL,2,ohlcv,5,2026,2025-06-24,0,0.506791,1
AAPL,2,ohlcv,5,2026,2025-06-25,1,0.530619,1
AAPL,2,ohlcv,5,2026,2025-06-26,0,0.583873,1
AAPL,2,ohlcv,5,2026,2025-06-27,1,0.545530,1
AAPL,2,ohlcv,5,2026,2025-06-30,1,0.524800,1
AAPL,2,ohlcv,5,2026,2025-07-01,1,0.499514,0
AAPL,2,ohlcv,5,2026,2025-07-02,1,0.549057,1
AAPL,2,ohlcv,5,2026,2025-07-03,1,0.547907,1
AAPL,2,ohlcv,5,2026,2025-07-07,0,0.569324,1
AAPL,2,ohlcv,5,2026,2025-07-08,1,0.580235,1
AAPL,2,ohlcv,5,2026,2025-07-09,1,0.577083,1
AAPL,2,ohlcv,5,2026,2025-07-10,1,0.522237,1
AAPL,2,ohlcv,5,2026,2025-07-11,0,0.552538,1
AAPL,2,ohlcv,5,2026,2025-07-14,0,0.553616,1
AAPL,2,ohlcv,5,2026,2025-07-15,1,0.540337,1
AAPL,2,ohlcv,5,2026,2025-07-16,1,0.584224,1
AAPL,2,ohlcv,5,2026,2025-07-17,0,0.567249,1
AAPL,2,ohlcv,5,2026,2025-07-18,1,0.577743,1
AAPL,2,ohlcv,5,2026,2025-07-21,1,0.551714,1
AAPL,2,ohlcv,5,2026,2025-07-22,1,0.579105,1
AAPL,2,ohlcv,5,2026,2025-07-23,0,0.571997,1
AAPL,2,ohlcv,5,2026,2025-07-24,0,0.522267,1
AAPL,2,ohlcv,5,2026,2025-07-25,1,0.570752,1
AAPL,2,ohlcv,5,2026,2025-07-28,1,0.560263,1
AAPL,2,ohlcv,5,2026,2025-07-29,0,0.548381,1
AAPL,2,ohlcv,5,2026,2025-07-30,0,0.529334,1
AAPL,2,ohlcv,5,2026,2025-07-31,0,0.520986,1
AAPL,2,ohlcv,5,2026,2025-08-01,0,0.523422,1
AAPL,2,ohlcv,5,2026,2025-08-04,1,0.526688,1
AAPL,2,ohlcv,5,2026,2025-08-05,0,0.554542,1
AAPL,2,ohlcv,5,2026,2025-08-06,1,0.585784,1
AAPL,2,ohlcv,5,2026,2025-08-07,1,0.529790,1
AAPL,2,ohlcv,5,2026,2025-08-08,1,0.495105,0
AAPL,2,ohlcv,20,42,2025-03-18,0,0.515836,1
AAPL,2,ohlcv,20,42,2025-03-19,1,0.520616,1
AAPL,2,ohlcv,20,42,2025-03-20,0,0.519924,1
AAPL,2,ohlcv,20,42,2025-03-21,1,0.523117,1
AAPL,2,ohlcv,20,42,2025-03-24,1,0.524327,1
AAPL,2,ohlcv,20,42,2025-03-25,1,0.532486,1
AAPL,2,ohlcv,20,42,2025-03-26,0,0.532938,1
AAPL,2,ohlcv,20,42,2025-03-27,1,0.532279,1
AAPL,2,ohlcv,20,42,2025-03-28,0,0.536149,1
AAPL,2,ohlcv,20,42,2025-03-31,1,0.524026,1
AAPL,2,ohlcv,20,42,2025-04-01,1,0.523917,1
AAPL,2,ohlcv,20,42,2025-04-02,1,0.533769,1
AAPL,2,ohlcv,20,42,2025-04-03,0,0.531388,1
AAPL,2,ohlcv,20,42,2025-04-04,0,0.519042,1
AAPL,2,ohlcv,20,42,2025-04-07,0,0.514084,1
AAPL,2,ohlcv,20,42,2025-04-08,0,0.516006,1
AAPL,2,ohlcv,20,42,2025-04-09,1,0.507979,1
AAPL,2,ohlcv,20,42,2025-04-10,0,0.519858,1
AAPL,2,ohlcv,20,42,2025-04-11,1,0.518472,1
AAPL,2,ohlcv,20,42,2025-04-14,1,0.522322,1
AAPL,2,ohlcv,20,42,2025-04-15,0,0.510982,1
AAPL,2,ohlcv,20,42,2025-04-16,0,0.519249,1
AAPL,2,ohlcv,20,42,2025-04-17,1,0.516776,1
AAPL,2,ohlcv,20,42,2025-04-21,0,0.515054,1
AAPL,2,ohlcv,20,42,2025-04-22,1,0.516459,1
AAPL,2,ohlcv,20,42,2025-04-23,1,0.518546,1
AAPL,2,ohlcv,20,42,2025-04-24,1,0.506338,1
AAPL,2,ohlcv,20,42,2025-04-25,1,0.515241,1
AAPL,2,ohlcv,20,42,2025-04-28,1,0.531947,1
AAPL,2,ohlcv,20,42,2025-04-29,1,0.527375,1
AAPL,2,ohlcv,20,42,2025-04-30,1,0.534765,1
AAPL,2,ohlcv,20,42,2025-05-01,1,0.527971,1
AAPL,2,ohlcv,20,42,2025-05-02,0,0.531438,1
AAPL,2,ohlcv,20,42,2025-05-05,0,0.523553,1
AAPL,2,ohlcv,20,42,2025-05-06,0,0.518673,1
AAPL,2,ohlcv,20,42,2025-05-07,0,0.525668,1
AAPL,2,ohlcv,20,42,2025-05-08,1,0.516984,1
AAPL,2,ohlcv,20,42,2025-05-09,1,0.513375,1
AAPL,2,ohlcv,20,42,2025-05-12,1,0.520668,1
AAPL,2,ohlcv,20,42,2025-05-13,1,0.500164,1
AAPL,2,ohlcv,20,42,2025-05-14,0,0.513108,1
AAPL,2,ohlcv,20,42,2025-05-15,0,0.519915,1
AAPL,2,ohlcv,20,42,2025-05-16,0,0.526957,1
AAPL,2,ohlcv,20,42,2025-05-19,0,0.523866,1
AAPL,2,ohlcv,20,42,2025-05-20,0,0.518449,1
AAPL,2,ohlcv,20,42,2025-05-21,0,0.519297,1
AAPL,2,ohlcv,20,42,2025-05-22,0,0.516603,1
AAPL,2,ohlcv,20,42,2025-05-23,0,0.525605,1
AAPL,2,ohlcv,20,42,2025-05-27,1,0.521938,1
AAPL,2,ohlcv,20,42,2025-05-28,1,0.535746,1
AAPL,2,ohlcv,20,42,2025-05-29,0,0.536357,1
AAPL,2,ohlcv,20,42,2025-05-30,1,0.520944,1
AAPL,2,ohlcv,20,42,2025-06-02,1,0.517632,1
AAPL,2,ohlcv,20,42,2025-06-03,1,0.533311,1
AAPL,2,ohlcv,20,42,2025-06-04,0,0.534032,1
AAPL,2,ohlcv,20,42,2025-06-05,0,0.532884,1
AAPL,2,ohlcv,20,42,2025-06-06,1,0.529063,1
AAPL,2,ohlcv,20,42,2025-06-09,0,0.529208,1
AAPL,2,ohlcv,20,42,2025-06-10,1,0.519011,1
AAPL,2,ohlcv,20,42,2025-06-11,0,0.537570,1
AAPL,2,ohlcv,20,42,2025-06-12,1,0.525718,1
AAPL,2,ohlcv,20,42,2025-06-13,0,0.528044,1
AAPL,2,ohlcv,20,42,2025-06-16,1,0.520823,1
AAPL,2,ohlcv,20,42,2025-06-17,0,0.531296,1
AAPL,2,ohlcv,20,42,2025-06-18,1,0.526771,1
AAPL,2,ohlcv,20,42,2025-06-20,1,0.533727,1
AAPL,2,ohlcv,20,42,2025-06-23,1,0.517581,1
AAPL,2,ohlcv,20,42,2025-06-24,0,0.521288,1
AAPL,2,ohlcv,20,42,2025-06-25,1,0.526666,1
AAPL,2,ohlcv,20,42,2025-06-26,0,0.529973,1
AAPL,2,ohlcv,20,42,2025-06-27,1,0.527650,1
AAPL,2,ohlcv,20,42,2025-06-30,1,0.520876,1
AAPL,2,ohlcv,20,42,2025-07-01,1,0.512977,1
AAPL,2,ohlcv,20,42,2025-07-02,1,0.520674,1
AAPL,2,ohlcv,20,42,2025-07-03,1,0.525193,1
AAPL,2,ohlcv,20,42,2025-07-07,0,0.528104,1
AAPL,2,ohlcv,20,42,2025-07-08,1,0.527513,1
AAPL,2,ohlcv,20,42,2025-07-09,1,0.530792,1
AAPL,2,ohlcv,20,42,2025-07-10,1,0.528729,1
AAPL,2,ohlcv,20,42,2025-07-11,0,0.537273,1
AAPL,2,ohlcv,20,42,2025-07-14,0,0.534160,1
AAPL,2,ohlcv,20,42,2025-07-15,1,0.528666,1
AAPL,2,ohlcv,20,42,2025-07-16,1,0.533848,1
AAPL,2,ohlcv,20,42,2025-07-17,0,0.527608,1
AAPL,2,ohlcv,20,42,2025-07-18,1,0.533804,1
AAPL,2,ohlcv,20,42,2025-07-21,1,0.533421,1
AAPL,2,ohlcv,20,42,2025-07-22,1,0.527885,1
AAPL,2,ohlcv,20,42,2025-07-23,0,0.534693,1
AAPL,2,ohlcv,20,42,2025-07-24,0,0.530836,1
AAPL,2,ohlcv,20,42,2025-07-25,1,0.535145,1
AAPL,2,ohlcv,20,42,2025-07-28,1,0.532924,1
AAPL,2,ohlcv,20,42,2025-07-29,0,0.533992,1
AAPL,2,ohlcv,20,42,2025-07-30,0,0.525076,1
AAPL,2,ohlcv,20,42,2025-07-31,0,0.519636,1
AAPL,2,ohlcv,20,42,2025-08-01,0,0.521370,1
AAPL,2,ohlcv,20,42,2025-08-04,1,0.507198,1
AAPL,2,ohlcv,20,42,2025-08-05,0,0.512914,1
AAPL,2,ohlcv,20,42,2025-08-06,1,0.525407,1
AAPL,2,ohlcv,20,42,2025-08-07,1,0.509436,1
AAPL,2,ohlcv,20,42,2025-08-08,1,0.507956,1
AAPL,2,ohlcv,20,123,2025-03-18,0,0.491070,0
AAPL,2,ohlcv,20,123,2025-03-19,1,0.502736,1
AAPL,2,ohlcv,20,123,2025-03-20,0,0.497890,0
AAPL,2,ohlcv,20,123,2025-03-21,1,0.523240,1
AAPL,2,ohlcv,20,123,2025-03-24,1,0.538960,1
AAPL,2,ohlcv,20,123,2025-03-25,1,0.525387,1
AAPL,2,ohlcv,20,123,2025-03-26,0,0.538726,1
AAPL,2,ohlcv,20,123,2025-03-27,1,0.545637,1
AAPL,2,ohlcv,20,123,2025-03-28,0,0.556376,1
AAPL,2,ohlcv,20,123,2025-03-31,1,0.541183,1
AAPL,2,ohlcv,20,123,2025-04-01,1,0.542449,1
AAPL,2,ohlcv,20,123,2025-04-02,1,0.556711,1
AAPL,2,ohlcv,20,123,2025-04-03,0,0.553360,1
AAPL,2,ohlcv,20,123,2025-04-04,0,0.536524,1
AAPL,2,ohlcv,20,123,2025-04-07,0,0.534175,1
AAPL,2,ohlcv,20,123,2025-04-08,0,0.530054,1
AAPL,2,ohlcv,20,123,2025-04-09,1,0.503594,1
AAPL,2,ohlcv,20,123,2025-04-10,0,0.502440,1
AAPL,2,ohlcv,20,123,2025-04-11,1,0.519776,1
AAPL,2,ohlcv,20,123,2025-04-14,1,0.533440,1
AAPL,2,ohlcv,20,123,2025-04-15,0,0.441269,0
AAPL,2,ohlcv,20,123,2025-04-16,0,0.494916,0
AAPL,2,ohlcv,20,123,2025-04-17,1,0.518295,1
AAPL,2,ohlcv,20,123,2025-04-21,0,0.475998,0
AAPL,2,ohlcv,20,123,2025-04-22,1,0.507789,1
AAPL,2,ohlcv,20,123,2025-04-23,1,0.458890,0
AAPL,2,ohlcv,20,123,2025-04-24,1,0.419634,0
AAPL,2,ohlcv,20,123,2025-04-25,1,0.452444,0
AAPL,2,ohlcv,20,123,2025-04-28,1,0.543647,1
AAPL,2,ohlcv,20,123,2025-04-29,1,0.525347,1
AAPL,2,ohlcv,20,123,2025-04-30,1,0.554652,1
AAPL,2,ohlcv,20,123,2025-05-01,1,0.541178,1
AAPL,2,ohlcv,20,123,2025-05-02,0,0.549921,1
AAPL,2,ohlcv,20,123,2025-05-05,0,0.537292,1
AAPL,2,ohlcv,20,123,2025-05-06,0,0.532066,1
AAPL,2,ohlcv,20,123,2025-05-07,0,0.536467,1
AAPL,2,ohlcv,20,123,2025-05-08,1,0.509994,1
AAPL,2,ohlcv,20,123,2025-05-09,1,0.479995,0
AAPL,2,ohlcv,20,123,2025-05-12,1,0.487372,0
AAPL,2,ohlcv,20,123,2025-05-13,1,0.416865,0
AAPL,2,ohlcv,20,123,2025-05-14,0,0.441889,0
AAPL,2,ohlcv,20,123,2025-05-15,0,0.485683,0
AAPL,2,ohlcv,20,123,2025-05-16,0,0.534801,1
AAPL,2,ohlcv,20,123,2025-05-19,0,0.519282,1
AAPL,2,ohlcv,20,123,2025-05-20,0,0.518660,1
AAPL,2,ohlcv,20,123,2025-05-21,0,0.515597,1
AAPL,2,ohlcv,20,123,2025-05-22,0,0.516046,1
AAPL,2,ohlcv,20,123,2025-05-23,0,0.530952,1
AAPL,2,ohlcv,20,123,2025-05-27,1,0.541300,1
AAPL,2,ohlcv,20,123,2025-05-28,1,0.545330,1
AAPL,2,ohlcv,20,123,2025-05-29,0,0.551974,1
AAPL,2,ohlcv,20,123,2025-05-30,1,0.504484,1
AAPL,2,ohlcv,20,123,2025-06-02,1,0.501933,1
AAPL,2,ohlcv,20,123,2025-06-03,1,0.541071,1
AAPL,2,ohlcv,20,123,2025-06-04,0,0.548838,1
AAPL,2,ohlcv,20,123,2025-06-05,0,0.551812,1
AAPL,2,ohlcv,20,123,2025-06-06,1,0.543431,1
AAPL,2,ohlcv,20,123,2025-06-09,0,0.532834,1
AAPL,2,ohlcv,20,123,2025-06-10,1,0.512815,1
AAPL,2,ohlcv,20,123,2025-06-11,0,0.558117,1
AAPL,2,ohlcv,20,123,2025-06-12,1,0.535982,1
AAPL,2,ohlcv,20,123,2025-06-13,0,0.532503,1
AAPL,2,ohlcv,20,123,2025-06-16,1,0.524165,1
AAPL,2,ohlcv,20,123,2025-06-17,0,0.529052,1
AAPL,2,ohlcv,20,123,2025-06-18,1,0.534312,1
AAPL,2,ohlcv,20,123,2025-06-20,1,0.543360,1
AAPL,2,ohlcv,20,123,2025-06-23,1,0.511342,1
AAPL,2,ohlcv,20,123,2025-06-24,0,0.501619,1
AAPL,2,ohlcv,20,123,2025-06-25,1,0.526154,1
AAPL,2,ohlcv,20,123,2025-06-26,0,0.537518,1
AAPL,2,ohlcv,20,123,2025-06-27,1,0.538428,1
AAPL,2,ohlcv,20,123,2025-06-30,1,0.517543,1
AAPL,2,ohlcv,20,123,2025-07-01,1,0.475574,0
AAPL,2,ohlcv,20,123,2025-07-02,1,0.491365,0
AAPL,2,ohlcv,20,123,2025-07-03,1,0.512550,1
AAPL,2,ohlcv,20,123,2025-07-07,0,0.543338,1
AAPL,2,ohlcv,20,123,2025-07-08,1,0.539600,1
AAPL,2,ohlcv,20,123,2025-07-09,1,0.546142,1
AAPL,2,ohlcv,20,123,2025-07-10,1,0.544746,1
AAPL,2,ohlcv,20,123,2025-07-11,0,0.559878,1
AAPL,2,ohlcv,20,123,2025-07-14,0,0.552457,1
AAPL,2,ohlcv,20,123,2025-07-15,1,0.543194,1
AAPL,2,ohlcv,20,123,2025-07-16,1,0.551879,1
AAPL,2,ohlcv,20,123,2025-07-17,0,0.536152,1
AAPL,2,ohlcv,20,123,2025-07-18,1,0.552903,1
AAPL,2,ohlcv,20,123,2025-07-21,1,0.551674,1
AAPL,2,ohlcv,20,123,2025-07-22,1,0.538086,1
AAPL,2,ohlcv,20,123,2025-07-23,0,0.554058,1
AAPL,2,ohlcv,20,123,2025-07-24,0,0.541348,1
AAPL,2,ohlcv,20,123,2025-07-25,1,0.553873,1
AAPL,2,ohlcv,20,123,2025-07-28,1,0.544009,1
AAPL,2,ohlcv,20,123,2025-07-29,0,0.543931,1
AAPL,2,ohlcv,20,123,2025-07-30,0,0.535236,1
AAPL,2,ohlcv,20,123,2025-07-31,0,0.523086,1
AAPL,2,ohlcv,20,123,2025-08-01,0,0.533563,1
AAPL,2,ohlcv,20,123,2025-08-04,1,0.504511,1
AAPL,2,ohlcv,20,123,2025-08-05,0,0.496023,0
AAPL,2,ohlcv,20,123,2025-08-06,1,0.530974,1
AAPL,2,ohlcv,20,123,2025-08-07,1,0.488951,0
AAPL,2,ohlcv,20,123,2025-08-08,1,0.444855,0
AAPL,2,ohlcv,20,2026,2025-03-18,0,0.495116,0
AAPL,2,ohlcv,20,2026,2025-03-19,1,0.502437,1
AAPL,2,ohlcv,20,2026,2025-03-20,0,0.545804,1
AAPL,2,ohlcv,20,2026,2025-03-21,1,0.572297,1
AAPL,2,ohlcv,20,2026,2025-03-24,1,0.546596,1
AAPL,2,ohlcv,20,2026,2025-03-25,1,0.558453,1
AAPL,2,ohlcv,20,2026,2025-03-26,0,0.544720,1
AAPL,2,ohlcv,20,2026,2025-03-27,1,0.557695,1
AAPL,2,ohlcv,20,2026,2025-03-28,0,0.553683,1
AAPL,2,ohlcv,20,2026,2025-03-31,1,0.564137,1
AAPL,2,ohlcv,20,2026,2025-04-01,1,0.562648,1
AAPL,2,ohlcv,20,2026,2025-04-02,1,0.570833,1
AAPL,2,ohlcv,20,2026,2025-04-03,0,0.566483,1
AAPL,2,ohlcv,20,2026,2025-04-04,0,0.524709,1
AAPL,2,ohlcv,20,2026,2025-04-07,0,0.552406,1
AAPL,2,ohlcv,20,2026,2025-04-08,0,0.568443,1
AAPL,2,ohlcv,20,2026,2025-04-09,1,0.545547,1
AAPL,2,ohlcv,20,2026,2025-04-10,0,0.511364,1
AAPL,2,ohlcv,20,2026,2025-04-11,1,0.516673,1
AAPL,2,ohlcv,20,2026,2025-04-14,1,0.536427,1
AAPL,2,ohlcv,20,2026,2025-04-15,0,0.493539,0
AAPL,2,ohlcv,20,2026,2025-04-16,0,0.533613,1
AAPL,2,ohlcv,20,2026,2025-04-17,1,0.531819,1
AAPL,2,ohlcv,20,2026,2025-04-21,0,0.505047,1
AAPL,2,ohlcv,20,2026,2025-04-22,1,0.503220,1
AAPL,2,ohlcv,20,2026,2025-04-23,1,0.497100,0
AAPL,2,ohlcv,20,2026,2025-04-24,1,0.472032,0
AAPL,2,ohlcv,20,2026,2025-04-25,1,0.485369,0
AAPL,2,ohlcv,20,2026,2025-04-28,1,0.539675,1
AAPL,2,ohlcv,20,2026,2025-04-29,1,0.513160,1
AAPL,2,ohlcv,20,2026,2025-04-30,1,0.549925,1
AAPL,2,ohlcv,20,2026,2025-05-01,1,0.515262,1
AAPL,2,ohlcv,20,2026,2025-05-02,0,0.536969,1
AAPL,2,ohlcv,20,2026,2025-05-05,0,0.512717,1
AAPL,2,ohlcv,20,2026,2025-05-06,0,0.525317,1
AAPL,2,ohlcv,20,2026,2025-05-07,0,0.554149,1
AAPL,2,ohlcv,20,2026,2025-05-08,1,0.503265,1
AAPL,2,ohlcv,20,2026,2025-05-09,1,0.499102,0
AAPL,2,ohlcv,20,2026,2025-05-12,1,0.531297,1
AAPL,2,ohlcv,20,2026,2025-05-13,1,0.464658,0
AAPL,2,ohlcv,20,2026,2025-05-14,0,0.477565,0
AAPL,2,ohlcv,20,2026,2025-05-15,0,0.494048,0
AAPL,2,ohlcv,20,2026,2025-05-16,0,0.531493,1
AAPL,2,ohlcv,20,2026,2025-05-19,0,0.497956,0
AAPL,2,ohlcv,20,2026,2025-05-20,0,0.501721,1
AAPL,2,ohlcv,20,2026,2025-05-21,0,0.500826,1
AAPL,2,ohlcv,20,2026,2025-05-22,0,0.505387,1
AAPL,2,ohlcv,20,2026,2025-05-23,0,0.537567,1
AAPL,2,ohlcv,20,2026,2025-05-27,1,0.550808,1
AAPL,2,ohlcv,20,2026,2025-05-28,1,0.562243,1
AAPL,2,ohlcv,20,2026,2025-05-29,0,0.595276,1
AAPL,2,ohlcv,20,2026,2025-05-30,1,0.529888,1
AAPL,2,ohlcv,20,2026,2025-06-02,1,0.500256,1
AAPL,2,ohlcv,20,2026,2025-06-03,1,0.559515,1
AAPL,2,ohlcv,20,2026,2025-06-04,0,0.541982,1
AAPL,2,ohlcv,20,2026,2025-06-05,0,0.591231,1
AAPL,2,ohlcv,20,2026,2025-06-06,1,0.571399,1
AAPL,2,ohlcv,20,2026,2025-06-09,0,0.581576,1
AAPL,2,ohlcv,20,2026,2025-06-10,1,0.535723,1
AAPL,2,ohlcv,20,2026,2025-06-11,0,0.594310,1
AAPL,2,ohlcv,20,2026,2025-06-12,1,0.566238,1
AAPL,2,ohlcv,20,2026,2025-06-13,0,0.550430,1
AAPL,2,ohlcv,20,2026,2025-06-16,1,0.529910,1
AAPL,2,ohlcv,20,2026,2025-06-17,0,0.533390,1
AAPL,2,ohlcv,20,2026,2025-06-18,1,0.552826,1
AAPL,2,ohlcv,20,2026,2025-06-20,1,0.548778,1
AAPL,2,ohlcv,20,2026,2025-06-23,1,0.503523,1
AAPL,2,ohlcv,20,2026,2025-06-24,0,0.505729,1
AAPL,2,ohlcv,20,2026,2025-06-25,1,0.526221,1
AAPL,2,ohlcv,20,2026,2025-06-26,0,0.585997,1
AAPL,2,ohlcv,20,2026,2025-06-27,1,0.546012,1
AAPL,2,ohlcv,20,2026,2025-06-30,1,0.521503,1
AAPL,2,ohlcv,20,2026,2025-07-01,1,0.496892,0
AAPL,2,ohlcv,20,2026,2025-07-02,1,0.548630,1
AAPL,2,ohlcv,20,2026,2025-07-03,1,0.552027,1
AAPL,2,ohlcv,20,2026,2025-07-07,0,0.575098,1
AAPL,2,ohlcv,20,2026,2025-07-08,1,0.583959,1
AAPL,2,ohlcv,20,2026,2025-07-09,1,0.581698,1
AAPL,2,ohlcv,20,2026,2025-07-10,1,0.526688,1
AAPL,2,ohlcv,20,2026,2025-07-11,0,0.554214,1
AAPL,2,ohlcv,20,2026,2025-07-14,0,0.554142,1
AAPL,2,ohlcv,20,2026,2025-07-15,1,0.543224,1
AAPL,2,ohlcv,20,2026,2025-07-16,1,0.585573,1
AAPL,2,ohlcv,20,2026,2025-07-17,0,0.567637,1
AAPL,2,ohlcv,20,2026,2025-07-18,1,0.579072,1
AAPL,2,ohlcv,20,2026,2025-07-21,1,0.554973,1
AAPL,2,ohlcv,20,2026,2025-07-22,1,0.582084,1
AAPL,2,ohlcv,20,2026,2025-07-23,0,0.577224,1
AAPL,2,ohlcv,20,2026,2025-07-24,0,0.528286,1
AAPL,2,ohlcv,20,2026,2025-07-25,1,0.573920,1
AAPL,2,ohlcv,20,2026,2025-07-28,1,0.563452,1
AAPL,2,ohlcv,20,2026,2025-07-29,0,0.553750,1
AAPL,2,ohlcv,20,2026,2025-07-30,0,0.530710,1
AAPL,2,ohlcv,20,2026,2025-07-31,0,0.520463,1
AAPL,2,ohlcv,20,2026,2025-08-01,0,0.522768,1
AAPL,2,ohlcv,20,2026,2025-08-04,1,0.525477,1
AAPL,2,ohlcv,20,2026,2025-08-05,0,0.554186,1
AAPL,2,ohlcv,20,2026,2025-08-06,1,0.587114,1
AAPL,2,ohlcv,20,2026,2025-08-07,1,0.531657,1
AAPL,2,ohlcv,20,2026,2025-08-08,1,0.496120,0
AAPL,3,close-return,5,42,2025-08-11,0,0.500399,1
AAPL,3,close-return,5,42,2025-08-12,1,0.525097,1
AAPL,3,close-return,5,42,2025-08-13,1,0.527070,1
AAPL,3,close-return,5,42,2025-08-14,0,0.528081,1
AAPL,3,close-return,5,42,2025-08-15,0,0.530414,1
AAPL,3,close-return,5,42,2025-08-18,0,0.528398,1
AAPL,3,close-return,5,42,2025-08-19,0,0.528131,1
AAPL,3,close-return,5,42,2025-08-20,0,0.529169,1
AAPL,3,close-return,5,42,2025-08-21,0,0.521532,1
AAPL,3,close-return,5,42,2025-08-22,1,0.525523,1
AAPL,3,close-return,5,42,2025-08-25,0,0.534329,1
AAPL,3,close-return,5,42,2025-08-26,1,0.531172,1
AAPL,3,close-return,5,42,2025-08-27,1,0.533881,1
AAPL,3,close-return,5,42,2025-08-28,1,0.532853,1
AAPL,3,close-return,5,42,2025-08-29,0,0.532871,1
AAPL,3,close-return,5,42,2025-09-02,0,0.530831,1
AAPL,3,close-return,5,42,2025-09-03,1,0.525558,1
AAPL,3,close-return,5,42,2025-09-04,1,0.525392,1
AAPL,3,close-return,5,42,2025-09-05,0,0.531106,1
AAPL,3,close-return,5,42,2025-09-08,0,0.531134,1
AAPL,3,close-return,5,42,2025-09-09,0,0.527029,1
AAPL,3,close-return,5,42,2025-09-10,0,0.522148,1
AAPL,3,close-return,5,42,2025-09-11,1,0.516074,1
AAPL,3,close-return,5,42,2025-09-12,1,0.531893,1
AAPL,3,close-return,5,42,2025-09-15,1,0.535232,1
AAPL,3,close-return,5,42,2025-09-16,1,0.533431,1
AAPL,3,close-return,5,42,2025-09-17,1,0.532603,1
AAPL,3,close-return,5,42,2025-09-18,0,0.531280,1
AAPL,3,close-return,5,42,2025-09-19,1,0.528655,1
AAPL,3,close-return,5,42,2025-09-22,1,0.526210,1
AAPL,3,close-return,5,42,2025-09-23,0,0.507075,1
AAPL,3,close-return,5,42,2025-09-24,0,0.528492,1
AAPL,3,close-return,5,42,2025-09-25,1,0.526501,1
AAPL,3,close-return,5,42,2025-09-26,0,0.531283,1
AAPL,3,close-return,5,42,2025-09-29,0,0.529561,1
AAPL,3,close-return,5,42,2025-09-30,1,0.528649,1
AAPL,3,close-return,5,42,2025-10-01,1,0.530219,1
AAPL,3,close-return,5,42,2025-10-02,1,0.531661,1
AAPL,3,close-return,5,42,2025-10-03,1,0.533363,1
AAPL,3,close-return,5,42,2025-10-06,0,0.532573,1
AAPL,3,close-return,5,42,2025-10-07,0,0.528851,1
AAPL,3,close-return,5,42,2025-10-08,1,0.529495,1
AAPL,3,close-return,5,42,2025-10-09,0,0.532599,1
AAPL,3,close-return,5,42,2025-10-10,0,0.524246,1
AAPL,3,close-return,5,42,2025-10-13,1,0.515722,1
AAPL,3,close-return,5,42,2025-10-14,1,0.529638,1
AAPL,3,close-return,5,42,2025-10-15,1,0.531192,1
AAPL,3,close-return,5,42,2025-10-16,0,0.533747,1
AAPL,3,close-return,5,42,2025-10-17,1,0.528502,1
AAPL,3,close-return,5,42,2025-10-20,1,0.533356,1
AAPL,3,close-return,5,42,2025-10-21,1,0.514001,1
AAPL,3,close-return,5,42,2025-10-22,0,0.528407,1
AAPL,3,close-return,5,42,2025-10-23,1,0.524290,1
AAPL,3,close-return,5,42,2025-10-24,1,0.529569,1
AAPL,3,close-return,5,42,2025-10-27,1,0.533389,1
AAPL,3,close-return,5,42,2025-10-28,1,0.528794,1
AAPL,3,close-return,5,42,2025-10-29,1,0.532130,1
AAPL,3,close-return,5,42,2025-10-30,1,0.531146,1
AAPL,3,close-return,5,42,2025-10-31,0,0.532003,1
AAPL,3,close-return,5,42,2025-11-03,0,0.529362,1
AAPL,3,close-return,5,42,2025-11-04,1,0.527960,1
AAPL,3,close-return,5,42,2025-11-05,1,0.531320,1
AAPL,3,close-return,5,42,2025-11-06,0,0.531028,1
AAPL,3,close-return,5,42,2025-11-07,0,0.530218,1
AAPL,3,close-return,5,42,2025-11-10,1,0.528247,1
AAPL,3,close-return,5,42,2025-11-11,1,0.531378,1
AAPL,3,close-return,5,42,2025-11-12,0,0.532321,1
AAPL,3,close-return,5,42,2025-11-13,0,0.530537,1
AAPL,3,close-return,5,42,2025-11-14,0,0.529404,1
AAPL,3,close-return,5,42,2025-11-17,0,0.529020,1
AAPL,3,close-return,5,42,2025-11-18,0,0.521779,1
AAPL,3,close-return,5,42,2025-11-19,1,0.527987,1
AAPL,3,close-return,5,42,2025-11-20,0,0.531940,1
AAPL,3,close-return,5,42,2025-11-21,1,0.527379,1
AAPL,3,close-return,5,42,2025-11-24,1,0.534557,1
AAPL,3,close-return,5,42,2025-11-25,1,0.530689,1
AAPL,3,close-return,5,42,2025-11-26,1,0.532028,1
AAPL,3,close-return,5,42,2025-11-28,1,0.531426,1
AAPL,3,close-return,5,42,2025-12-01,1,0.531604,1
AAPL,3,close-return,5,42,2025-12-02,1,0.532310,1
AAPL,3,close-return,5,42,2025-12-03,0,0.531922,1
AAPL,3,close-return,5,42,2025-12-04,0,0.529024,1
AAPL,3,close-return,5,42,2025-12-05,0,0.524072,1
AAPL,3,close-return,5,42,2025-12-08,0,0.525173,1
AAPL,3,close-return,5,42,2025-12-09,0,0.527663,1
AAPL,3,close-return,5,42,2025-12-10,1,0.528928,1
AAPL,3,close-return,5,42,2025-12-11,0,0.532754,1
AAPL,3,close-return,5,42,2025-12-12,1,0.530236,1
AAPL,3,close-return,5,42,2025-12-15,0,0.530816,1
AAPL,3,close-return,5,42,2025-12-16,1,0.523730,1
AAPL,3,close-return,5,42,2025-12-17,0,0.529288,1
AAPL,3,close-return,5,42,2025-12-18,1,0.525768,1
AAPL,3,close-return,5,42,2025-12-19,1,0.529899,1
AAPL,3,close-return,5,42,2025-12-22,0,0.532881,1
AAPL,3,close-return,5,42,2025-12-23,1,0.526898,1
AAPL,3,close-return,5,42,2025-12-24,1,0.531737,1
AAPL,3,close-return,5,42,2025-12-26,0,0.532862,1
AAPL,3,close-return,5,42,2025-12-29,1,0.530726,1
AAPL,3,close-return,5,42,2025-12-30,0,0.531146,1
AAPL,3,close-return,5,42,2025-12-31,0,0.529482,1
AAPL,3,close-return,5,123,2025-08-11,0,0.518548,1
AAPL,3,close-return,5,123,2025-08-12,1,0.531412,1
AAPL,3,close-return,5,123,2025-08-13,1,0.536071,1
AAPL,3,close-return,5,123,2025-08-14,0,0.536716,1
AAPL,3,close-return,5,123,2025-08-15,0,0.540427,1
AAPL,3,close-return,5,123,2025-08-18,0,0.537476,1
AAPL,3,close-return,5,123,2025-08-19,0,0.538887,1
AAPL,3,close-return,5,123,2025-08-20,0,0.541673,1
AAPL,3,close-return,5,123,2025-08-21,0,0.518058,1
AAPL,3,close-return,5,123,2025-08-22,1,0.534695,1
AAPL,3,close-return,5,123,2025-08-25,0,0.548940,1
AAPL,3,close-return,5,123,2025-08-26,1,0.543754,1
AAPL,3,close-return,5,123,2025-08-27,1,0.546000,1
AAPL,3,close-return,5,123,2025-08-28,1,0.544329,1
AAPL,3,close-return,5,123,2025-08-29,0,0.543429,1
AAPL,3,close-return,5,123,2025-09-02,0,0.541949,1
AAPL,3,close-return,5,123,2025-09-03,1,0.530471,1
AAPL,3,close-return,5,123,2025-09-04,1,0.533984,1
AAPL,3,close-return,5,123,2025-09-05,0,0.538712,1
AAPL,3,close-return,5,123,2025-09-08,0,0.540744,1
AAPL,3,close-return,5,123,2025-09-09,0,0.533768,1
AAPL,3,close-return,5,123,2025-09-10,0,0.521212,1
AAPL,3,close-return,5,123,2025-09-11,1,0.501410,1
AAPL,3,close-return,5,123,2025-09-12,1,0.550993,1
AAPL,3,close-return,5,123,2025-09-15,1,0.544928,1
AAPL,3,close-return,5,123,2025-09-16,1,0.541729,1
AAPL,3,close-return,5,123,2025-09-17,1,0.541802,1
AAPL,3,close-return,5,123,2025-09-18,0,0.541886,1
AAPL,3,close-return,5,123,2025-09-19,1,0.538403,1
AAPL,3,close-return,5,123,2025-09-22,1,0.534756,1
AAPL,3,close-return,5,123,2025-09-23,0,0.522748,1
AAPL,3,close-return,5,123,2025-09-24,0,0.535009,1
AAPL,3,close-return,5,123,2025-09-25,1,0.531509,1
AAPL,3,close-return,5,123,2025-09-26,0,0.541106,1
AAPL,3,close-return,5,123,2025-09-29,0,0.539887,1
AAPL,3,close-return,5,123,2025-09-30,1,0.538765,1
AAPL,3,close-return,5,123,2025-10-01,1,0.543265,1
AAPL,3,close-return,5,123,2025-10-02,1,0.545302,1
AAPL,3,close-return,5,123,2025-10-03,1,0.546134,1
AAPL,3,close-return,5,123,2025-10-06,0,0.544777,1
AAPL,3,close-return,5,123,2025-10-07,0,0.538790,1
AAPL,3,close-return,5,123,2025-10-08,1,0.541670,1
AAPL,3,close-return,5,123,2025-10-09,0,0.546270,1
AAPL,3,close-return,5,123,2025-10-10,0,0.525969,1
AAPL,3,close-return,5,123,2025-10-13,1,0.499111,0
AAPL,3,close-return,5,123,2025-10-14,1,0.548370,1
AAPL,3,close-return,5,123,2025-10-15,1,0.546388,1
AAPL,3,close-return,5,123,2025-10-16,0,0.547485,1
AAPL,3,close-return,5,123,2025-10-17,1,0.537293,1
AAPL,3,close-return,5,123,2025-10-20,1,0.542938,1
AAPL,3,close-return,5,123,2025-10-21,1,0.526771,1
AAPL,3,close-return,5,123,2025-10-22,0,0.535465,1
AAPL,3,close-return,5,123,2025-10-23,1,0.523775,1
AAPL,3,close-return,5,123,2025-10-24,1,0.542609,1
AAPL,3,close-return,5,123,2025-10-27,1,0.544784,1
AAPL,3,close-return,5,123,2025-10-28,1,0.536698,1
AAPL,3,close-return,5,123,2025-10-29,1,0.541261,1
AAPL,3,close-return,5,123,2025-10-30,1,0.541837,1
AAPL,3,close-return,5,123,2025-10-31,0,0.543516,1
AAPL,3,close-return,5,123,2025-11-03,0,0.540037,1
AAPL,3,close-return,5,123,2025-11-04,1,0.537722,1
AAPL,3,close-return,5,123,2025-11-05,1,0.545389,1
AAPL,3,close-return,5,123,2025-11-06,0,0.544181,1
AAPL,3,close-return,5,123,2025-11-07,0,0.542559,1
AAPL,3,close-return,5,123,2025-11-10,1,0.538506,1
AAPL,3,close-return,5,123,2025-11-11,1,0.545461,1
AAPL,3,close-return,5,123,2025-11-12,0,0.540676,1
AAPL,3,close-return,5,123,2025-11-13,0,0.540567,1
AAPL,3,close-return,5,123,2025-11-14,0,0.540132,1
AAPL,3,close-return,5,123,2025-11-17,0,0.540540,1
AAPL,3,close-return,5,123,2025-11-18,0,0.519164,1
AAPL,3,close-return,5,123,2025-11-19,1,0.541262,1
AAPL,3,close-return,5,123,2025-11-20,0,0.547112,1
AAPL,3,close-return,5,123,2025-11-21,1,0.535860,1
AAPL,3,close-return,5,123,2025-11-24,1,0.544694,1
AAPL,3,close-return,5,123,2025-11-25,1,0.538611,1
AAPL,3,close-return,5,123,2025-11-26,1,0.541259,1
AAPL,3,close-return,5,123,2025-11-28,1,0.542129,1
AAPL,3,close-return,5,123,2025-12-01,1,0.543339,1
AAPL,3,close-return,5,123,2025-12-02,1,0.541538,1
AAPL,3,close-return,5,123,2025-12-03,0,0.540651,1
AAPL,3,close-return,5,123,2025-12-04,0,0.537701,1
AAPL,3,close-return,5,123,2025-12-05,0,0.526191,1
AAPL,3,close-return,5,123,2025-12-08,0,0.532483,1
AAPL,3,close-return,5,123,2025-12-09,0,0.539532,1
AAPL,3,close-return,5,123,2025-12-10,1,0.541577,1
AAPL,3,close-return,5,123,2025-12-11,0,0.547300,1
AAPL,3,close-return,5,123,2025-12-12,1,0.542319,1
AAPL,3,close-return,5,123,2025-12-15,0,0.543810,1
AAPL,3,close-return,5,123,2025-12-16,1,0.524922,1
AAPL,3,close-return,5,123,2025-12-17,0,0.543383,1
AAPL,3,close-return,5,123,2025-12-18,1,0.532507,1
AAPL,3,close-return,5,123,2025-12-19,1,0.544041,1
AAPL,3,close-return,5,123,2025-12-22,0,0.547152,1
AAPL,3,close-return,5,123,2025-12-23,1,0.534097,1
AAPL,3,close-return,5,123,2025-12-24,1,0.546101,1
AAPL,3,close-return,5,123,2025-12-26,0,0.546053,1
AAPL,3,close-return,5,123,2025-12-29,1,0.542778,1
AAPL,3,close-return,5,123,2025-12-30,0,0.543956,1
AAPL,3,close-return,5,123,2025-12-31,0,0.541130,1
AAPL,3,close-return,5,2026,2025-08-11,0,0.520120,1
AAPL,3,close-return,5,2026,2025-08-12,1,0.530370,1
AAPL,3,close-return,5,2026,2025-08-13,1,0.531812,1
AAPL,3,close-return,5,2026,2025-08-14,0,0.531986,1
AAPL,3,close-return,5,2026,2025-08-15,0,0.534526,1
AAPL,3,close-return,5,2026,2025-08-18,0,0.533788,1
AAPL,3,close-return,5,2026,2025-08-19,0,0.533548,1
AAPL,3,close-return,5,2026,2025-08-20,0,0.533923,1
AAPL,3,close-return,5,2026,2025-08-21,0,0.527655,1
AAPL,3,close-return,5,2026,2025-08-22,1,0.530722,1
AAPL,3,close-return,5,2026,2025-08-25,0,0.535857,1
AAPL,3,close-return,5,2026,2025-08-26,1,0.534821,1
AAPL,3,close-return,5,2026,2025-08-27,1,0.535514,1
AAPL,3,close-return,5,2026,2025-08-28,1,0.535173,1
AAPL,3,close-return,5,2026,2025-08-29,0,0.534810,1
AAPL,3,close-return,5,2026,2025-09-02,0,0.534820,1
AAPL,3,close-return,5,2026,2025-09-03,1,0.531974,1
AAPL,3,close-return,5,2026,2025-09-04,1,0.531295,1
AAPL,3,close-return,5,2026,2025-09-05,0,0.533424,1
AAPL,3,close-return,5,2026,2025-09-08,0,0.534699,1
AAPL,3,close-return,5,2026,2025-09-09,0,0.533202,1
AAPL,3,close-return,5,2026,2025-09-10,0,0.529092,1
AAPL,3,close-return,5,2026,2025-09-11,1,0.521265,1
AAPL,3,close-return,5,2026,2025-09-12,1,0.534550,1
AAPL,3,close-return,5,2026,2025-09-15,1,0.535517,1
AAPL,3,close-return,5,2026,2025-09-16,1,0.534397,1
AAPL,3,close-return,5,2026,2025-09-17,1,0.534438,1
AAPL,3,close-return,5,2026,2025-09-18,0,0.534503,1
AAPL,3,close-return,5,2026,2025-09-19,1,0.534040,1
AAPL,3,close-return,5,2026,2025-09-22,1,0.531398,1
AAPL,3,close-return,5,2026,2025-09-23,0,0.523797,1
AAPL,3,close-return,5,2026,2025-09-24,0,0.532298,1
AAPL,3,close-return,5,2026,2025-09-25,1,0.533253,1
AAPL,3,close-return,5,2026,2025-09-26,0,0.534000,1
AAPL,3,close-return,5,2026,2025-09-29,0,0.534489,1
AAPL,3,close-return,5,2026,2025-09-30,1,0.533699,1
AAPL,3,close-return,5,2026,2025-10-01,1,0.534488,1
AAPL,3,close-return,5,2026,2025-10-02,1,0.535113,1
AAPL,3,close-return,5,2026,2025-10-03,1,0.535494,1
AAPL,3,close-return,5,2026,2025-10-06,0,0.535275,1
AAPL,3,close-return,5,2026,2025-10-07,0,0.533970,1
AAPL,3,close-return,5,2026,2025-10-08,1,0.534199,1
AAPL,3,close-return,5,2026,2025-10-09,0,0.535386,1
AAPL,3,close-return,5,2026,2025-10-10,0,0.530585,1
AAPL,3,close-return,5,2026,2025-10-13,1,0.521052,1
AAPL,3,close-return,5,2026,2025-10-14,1,0.533281,1
AAPL,3,close-return,5,2026,2025-10-15,1,0.534446,1
AAPL,3,close-return,5,2026,2025-10-16,0,0.535600,1
AAPL,3,close-return,5,2026,2025-10-17,1,0.533446,1
AAPL,3,close-return,5,2026,2025-10-20,1,0.534694,1
AAPL,3,close-return,5,2026,2025-10-21,1,0.526699,1
AAPL,3,close-return,5,2026,2025-10-22,0,0.531859,1
AAPL,3,close-return,5,2026,2025-10-23,1,0.531823,1
AAPL,3,close-return,5,2026,2025-10-24,1,0.534528,1
AAPL,3,close-return,5,2026,2025-10-27,1,0.535228,1
AAPL,3,close-return,5,2026,2025-10-28,1,0.532214,1
AAPL,3,close-return,5,2026,2025-10-29,1,0.534481,1
AAPL,3,close-return,5,2026,2025-10-30,1,0.534660,1
AAPL,3,close-return,5,2026,2025-10-31,0,0.534884,1
AAPL,3,close-return,5,2026,2025-11-03,0,0.534317,1
AAPL,3,close-return,5,2026,2025-11-04,1,0.533329,1
AAPL,3,close-return,5,2026,2025-11-05,1,0.534957,1
AAPL,3,close-return,5,2026,2025-11-06,0,0.534839,1
AAPL,3,close-return,5,2026,2025-11-07,0,0.534452,1
AAPL,3,close-return,5,2026,2025-11-10,1,0.533387,1
AAPL,3,close-return,5,2026,2025-11-11,1,0.534965,1
AAPL,3,close-return,5,2026,2025-11-12,0,0.533927,1
AAPL,3,close-return,5,2026,2025-11-13,0,0.534760,1
AAPL,3,close-return,5,2026,2025-11-14,0,0.534285,1
AAPL,3,close-return,5,2026,2025-11-17,0,0.534033,1
AAPL,3,close-return,5,2026,2025-11-18,0,0.528302,1
AAPL,3,close-return,5,2026,2025-11-19,1,0.532647,1
AAPL,3,close-return,5,2026,2025-11-20,0,0.535027,1
AAPL,3,close-return,5,2026,2025-11-21,1,0.532580,1
AAPL,3,close-return,5,2026,2025-11-24,1,0.535277,1
AAPL,3,close-return,5,2026,2025-11-25,1,0.533031,1
AAPL,3,close-return,5,2026,2025-11-26,1,0.534302,1
AAPL,3,close-return,5,2026,2025-11-28,1,0.534766,1
AAPL,3,close-return,5,2026,2025-12-01,1,0.534876,1
AAPL,3,close-return,5,2026,2025-12-02,1,0.534082,1
AAPL,3,close-return,5,2026,2025-12-03,0,0.533783,1
AAPL,3,close-return,5,2026,2025-12-04,0,0.534206,1
AAPL,3,close-return,5,2026,2025-12-05,0,0.530865,1
AAPL,3,close-return,5,2026,2025-12-08,0,0.531145,1
AAPL,3,close-return,5,2026,2025-12-09,0,0.532573,1
AAPL,3,close-return,5,2026,2025-12-10,1,0.533312,1
AAPL,3,close-return,5,2026,2025-12-11,0,0.535366,1
AAPL,3,close-return,5,2026,2025-12-12,1,0.534446,1
AAPL,3,close-return,5,2026,2025-12-15,0,0.534744,1
AAPL,3,close-return,5,2026,2025-12-16,1,0.530077,1
AAPL,3,close-return,5,2026,2025-12-17,0,0.533781,1
AAPL,3,close-return,5,2026,2025-12-18,1,0.531296,1
AAPL,3,close-return,5,2026,2025-12-19,1,0.533999,1
AAPL,3,close-return,5,2026,2025-12-22,0,0.535420,1
AAPL,3,close-return,5,2026,2025-12-23,1,0.532526,1
AAPL,3,close-return,5,2026,2025-12-24,1,0.535069,1
AAPL,3,close-return,5,2026,2025-12-26,0,0.535432,1
AAPL,3,close-return,5,2026,2025-12-29,1,0.534758,1
AAPL,3,close-return,5,2026,2025-12-30,0,0.534897,1
AAPL,3,close-return,5,2026,2025-12-31,0,0.534210,1
AAPL,3,close-return,20,42,2025-08-11,0,0.503759,1
AAPL,3,close-return,20,42,2025-08-12,1,0.526895,1
AAPL,3,close-return,20,42,2025-08-13,1,0.528141,1
AAPL,3,close-return,20,42,2025-08-14,0,0.527157,1
AAPL,3,close-return,20,42,2025-08-15,0,0.529170,1
AAPL,3,close-return,20,42,2025-08-18,0,0.527054,1
AAPL,3,close-return,20,42,2025-08-19,0,0.526856,1
AAPL,3,close-return,20,42,2025-08-20,0,0.527486,1
AAPL,3,close-return,20,42,2025-08-21,0,0.520800,1
AAPL,3,close-return,20,42,2025-08-22,1,0.523926,1
AAPL,3,close-return,20,42,2025-08-25,0,0.531315,1
AAPL,3,close-return,20,42,2025-08-26,1,0.529068,1
AAPL,3,close-return,20,42,2025-08-27,1,0.531398,1
AAPL,3,close-return,20,42,2025-08-28,1,0.531068,1
AAPL,3,close-return,20,42,2025-08-29,0,0.531257,1
AAPL,3,close-return,20,42,2025-09-02,0,0.529459,1
AAPL,3,close-return,20,42,2025-09-03,1,0.525018,1
AAPL,3,close-return,20,42,2025-09-04,1,0.524918,1
AAPL,3,close-return,20,42,2025-09-05,0,0.529865,1
AAPL,3,close-return,20,42,2025-09-08,0,0.529936,1
AAPL,3,close-return,20,42,2025-09-09,0,0.526517,1
AAPL,3,close-return,20,42,2025-09-10,0,0.522116,1
AAPL,3,close-return,20,42,2025-09-11,1,0.515853,1
AAPL,3,close-return,20,42,2025-09-12,1,0.528895,1
AAPL,3,close-return,20,42,2025-09-15,1,0.532038,1
AAPL,3,close-return,20,42,2025-09-16,1,0.531101,1
AAPL,3,close-return,20,42,2025-09-17,1,0.531038,1
AAPL,3,close-return,20,42,2025-09-18,0,0.530602,1
AAPL,3,close-return,20,42,2025-09-19,1,0.527971,1
AAPL,3,close-return,20,42,2025-09-22,1,0.525598,1
AAPL,3,close-return,20,42,2025-09-23,0,0.508813,1
AAPL,3,close-return,20,42,2025-09-24,0,0.528427,1
AAPL,3,close-return,20,42,2025-09-25,1,0.526726,1
AAPL,3,close-return,20,42,2025-09-26,0,0.530386,1
AAPL,3,close-return,20,42,2025-09-29,0,0.528518,1
AAPL,3,close-return,20,42,2025-09-30,1,0.527081,1
AAPL,3,close-return,20,42,2025-10-01,1,0.528376,1
AAPL,3,close-return,20,42,2025-10-02,1,0.529680,1
AAPL,3,close-return,20,42,2025-10-03,1,0.530904,1
AAPL,3,close-return,20,42,2025-10-06,0,0.530536,1
AAPL,3,close-return,20,42,2025-10-07,0,0.527650,1
AAPL,3,close-return,20,42,2025-10-08,1,0.528017,1
AAPL,3,close-return,20,42,2025-10-09,0,0.530448,1
AAPL,3,close-return,20,42,2025-10-10,0,0.523549,1
AAPL,3,close-return,20,42,2025-10-13,1,0.515700,1
AAPL,3,close-return,20,42,2025-10-14,1,0.527133,1
AAPL,3,close-return,20,42,2025-10-15,1,0.528605,1
AAPL,3,close-return,20,42,2025-10-16,0,0.530840,1
AAPL,3,close-return,20,42,2025-10-17,1,0.526980,1
AAPL,3,close-return,20,42,2025-10-20,1,0.531656,1
AAPL,3,close-return,20,42,2025-10-21,1,0.515410,1
AAPL,3,close-return,20,42,2025-10-22,0,0.528361,1
AAPL,3,close-return,20,42,2025-10-23,1,0.524795,1
AAPL,3,close-return,20,42,2025-10-24,1,0.528694,1
AAPL,3,close-return,20,42,2025-10-27,1,0.531328,1
AAPL,3,close-return,20,42,2025-10-28,1,0.526826,1
AAPL,3,close-return,20,42,2025-10-29,1,0.530387,1
AAPL,3,close-return,20,42,2025-10-30,1,0.530057,1
AAPL,3,close-return,20,42,2025-10-31,0,0.530580,1
AAPL,3,close-return,20,42,2025-11-03,0,0.528258,1
AAPL,3,close-return,20,42,2025-11-04,1,0.526652,1
AAPL,3,close-return,20,42,2025-11-05,1,0.529283,1
AAPL,3,close-return,20,42,2025-11-06,0,0.529087,1
AAPL,3,close-return,20,42,2025-11-07,0,0.528395,1
AAPL,3,close-return,20,42,2025-11-10,1,0.526814,1
AAPL,3,close-return,20,42,2025-11-11,1,0.529362,1
AAPL,3,close-return,20,42,2025-11-12,0,0.530359,1
AAPL,3,close-return,20,42,2025-11-13,0,0.529234,1
AAPL,3,close-return,20,42,2025-11-14,0,0.528194,1
AAPL,3,close-return,20,42,2025-11-17,0,0.527783,1
AAPL,3,close-return,20,42,2025-11-18,0,0.521449,1
AAPL,3,close-return,20,42,2025-11-19,1,0.526085,1
AAPL,3,close-return,20,42,2025-11-20,0,0.529438,1
AAPL,3,close-return,20,42,2025-11-21,1,0.525869,1
AAPL,3,close-return,20,42,2025-11-24,1,0.531897,1
AAPL,3,close-return,20,42,2025-11-25,1,0.529567,1
AAPL,3,close-return,20,42,2025-11-26,1,0.530778,1
AAPL,3,close-return,20,42,2025-11-28,1,0.530209,1
AAPL,3,close-return,20,42,2025-12-01,1,0.530405,1
AAPL,3,close-return,20,42,2025-12-02,1,0.530555,1
AAPL,3,close-return,20,42,2025-12-03,0,0.530128,1
AAPL,3,close-return,20,42,2025-12-04,0,0.528141,1
AAPL,3,close-return,20,42,2025-12-05,0,0.523716,1
AAPL,3,close-return,20,42,2025-12-08,0,0.524192,1
AAPL,3,close-return,20,42,2025-12-09,0,0.525916,1
AAPL,3,close-return,20,42,2025-12-10,1,0.526849,1
AAPL,3,close-return,20,42,2025-12-11,0,0.530149,1
AAPL,3,close-return,20,42,2025-12-12,1,0.528427,1
AAPL,3,close-return,20,42,2025-12-15,0,0.528990,1
AAPL,3,close-return,20,42,2025-12-16,1,0.523121,1
AAPL,3,close-return,20,42,2025-12-17,0,0.527481,1
AAPL,3,close-return,20,42,2025-12-18,1,0.524487,1
AAPL,3,close-return,20,42,2025-12-19,1,0.527812,1
AAPL,3,close-return,20,42,2025-12-22,0,0.530329,1
AAPL,3,close-return,20,42,2025-12-23,1,0.525767,1
AAPL,3,close-return,20,42,2025-12-24,1,0.529575,1
AAPL,3,close-return,20,42,2025-12-26,0,0.530710,1
AAPL,3,close-return,20,42,2025-12-29,1,0.529069,1
AAPL,3,close-return,20,42,2025-12-30,0,0.529311,1
AAPL,3,close-return,20,42,2025-12-31,0,0.528074,1
AAPL,3,close-return,20,123,2025-08-11,0,0.519931,1
AAPL,3,close-return,20,123,2025-08-12,1,0.534165,1
AAPL,3,close-return,20,123,2025-08-13,1,0.538090,1
AAPL,3,close-return,20,123,2025-08-14,0,0.537065,1
AAPL,3,close-return,20,123,2025-08-15,0,0.540123,1
AAPL,3,close-return,20,123,2025-08-18,0,0.536539,1
AAPL,3,close-return,20,123,2025-08-19,0,0.538213,1
AAPL,3,close-return,20,123,2025-08-20,0,0.540664,1
AAPL,3,close-return,20,123,2025-08-21,0,0.518305,1
AAPL,3,close-return,20,123,2025-08-22,1,0.533814,1
AAPL,3,close-return,20,123,2025-08-25,0,0.547264,1
AAPL,3,close-return,20,123,2025-08-26,1,0.542876,1
AAPL,3,close-return,20,123,2025-08-27,1,0.545090,1
AAPL,3,close-return,20,123,2025-08-28,1,0.544114,1
AAPL,3,close-return,20,123,2025-08-29,0,0.543370,1
AAPL,3,close-return,20,123,2025-09-02,0,0.541597,1
AAPL,3,close-return,20,123,2025-09-03,1,0.530699,1
AAPL,3,close-return,20,123,2025-09-04,1,0.533641,1
AAPL,3,close-return,20,123,2025-09-05,0,0.539063,1
AAPL,3,close-return,20,123,2025-09-08,0,0.540966,1
AAPL,3,close-return,20,123,2025-09-09,0,0.534211,1
AAPL,3,close-return,20,123,2025-09-10,0,0.522213,1
AAPL,3,close-return,20,123,2025-09-11,1,0.502332,1
AAPL,3,close-return,20,123,2025-09-12,1,0.548604,1
AAPL,3,close-return,20,123,2025-09-15,1,0.543364,1
AAPL,3,close-return,20,123,2025-09-16,1,0.541265,1
AAPL,3,close-return,20,123,2025-09-17,1,0.542080,1
AAPL,3,close-return,20,123,2025-09-18,0,0.542618,1
AAPL,3,close-return,20,123,2025-09-19,1,0.538416,1
AAPL,3,close-return,20,123,2025-09-22,1,0.534546,1
AAPL,3,close-return,20,123,2025-09-23,0,0.523126,1
AAPL,3,close-return,20,123,2025-09-24,0,0.536465,1
AAPL,3,close-return,20,123,2025-09-25,1,0.532762,1
AAPL,3,close-return,20,123,2025-09-26,0,0.541558,1
AAPL,3,close-return,20,123,2025-09-29,0,0.539599,1
AAPL,3,close-return,20,123,2025-09-30,1,0.537638,1
AAPL,3,close-return,20,123,2025-10-01,1,0.542247,1
AAPL,3,close-return,20,123,2025-10-02,1,0.544423,1
AAPL,3,close-return,20,123,2025-10-03,1,0.545009,1
AAPL,3,close-return,20,123,2025-10-06,0,0.544123,1
AAPL,3,close-return,20,123,2025-10-07,0,0.538551,1
AAPL,3,close-return,20,123,2025-10-08,1,0.541016,1
AAPL,3,close-return,20,123,2025-10-09,0,0.545264,1
AAPL,3,close-return,20,123,2025-10-10,0,0.526221,1
AAPL,3,close-return,20,123,2025-10-13,1,0.500769,1
AAPL,3,close-return,20,123,2025-10-14,1,0.546363,1
AAPL,3,close-return,20,123,2025-10-15,1,0.544852,1
AAPL,3,close-return,20,123,2025-10-16,0,0.545980,1
AAPL,3,close-return,20,123,2025-10-17,1,0.537081,1
AAPL,3,close-return,20,123,2025-10-20,1,0.542846,1
AAPL,3,close-return,20,123,2025-10-21,1,0.527105,1
AAPL,3,close-return,20,123,2025-10-22,0,0.536700,1
AAPL,3,close-return,20,123,2025-10-23,1,0.525300,1
AAPL,3,close-return,20,123,2025-10-24,1,0.542441,1
AAPL,3,close-return,20,123,2025-10-27,1,0.544090,1
AAPL,3,close-return,20,123,2025-10-28,1,0.535884,1
AAPL,3,close-return,20,123,2025-10-29,1,0.541182,1
AAPL,3,close-return,20,123,2025-10-30,1,0.542119,1
AAPL,3,close-return,20,123,2025-10-31,0,0.543424,1
AAPL,3,close-return,20,123,2025-11-03,0,0.539714,1
AAPL,3,close-return,20,123,2025-11-04,1,0.536988,1
AAPL,3,close-return,20,123,2025-11-05,1,0.544238,1
AAPL,3,close-return,20,123,2025-11-06,0,0.543210,1
AAPL,3,close-return,20,123,2025-11-07,0,0.541656,1
AAPL,3,close-return,20,123,2025-11-10,1,0.537944,1
AAPL,3,close-return,20,123,2025-11-11,1,0.544434,1
AAPL,3,close-return,20,123,2025-11-12,0,0.540080,1
AAPL,3,close-return,20,123,2025-11-13,0,0.540469,1
AAPL,3,close-return,20,123,2025-11-14,0,0.539883,1
AAPL,3,close-return,20,123,2025-11-17,0,0.540118,1
AAPL,3,close-return,20,123,2025-11-18,0,0.519922,1
AAPL,3,close-return,20,123,2025-11-19,1,0.539811,1
AAPL,3,close-return,20,123,2025-11-20,0,0.545590,1
AAPL,3,close-return,20,123,2025-11-21,1,0.535349,1
AAPL,3,close-return,20,123,2025-11-24,1,0.543639,1
AAPL,3,close-return,20,123,2025-11-25,1,0.538790,1
AAPL,3,close-return,20,123,2025-11-26,1,0.541625,1
AAPL,3,close-return,20,123,2025-11-28,1,0.542193,1
AAPL,3,close-return,20,123,2025-12-01,1,0.543334,1
AAPL,3,close-return,20,123,2025-12-02,1,0.541225,1
AAPL,3,close-return,20,123,2025-12-03,0,0.540411,1
AAPL,3,close-return,20,123,2025-12-04,0,0.537735,1
AAPL,3,close-return,20,123,2025-12-05,0,0.526671,1
AAPL,3,close-return,20,123,2025-12-08,0,0.532133,1
AAPL,3,close-return,20,123,2025-12-09,0,0.538336,1
AAPL,3,close-return,20,123,2025-12-10,1,0.540218,1
AAPL,3,close-return,20,123,2025-12-11,0,0.545878,1
AAPL,3,close-return,20,123,2025-12-12,1,0.541622,1
AAPL,3,close-return,20,123,2025-12-15,0,0.543037,1
AAPL,3,close-return,20,123,2025-12-16,1,0.525414,1
AAPL,3,close-return,20,123,2025-12-17,0,0.542251,1
AAPL,3,close-return,20,123,2025-12-18,1,0.532080,1
AAPL,3,close-return,20,123,2025-12-19,1,0.542743,1
AAPL,3,close-return,20,123,2025-12-22,0,0.545780,1
AAPL,3,close-return,20,123,2025-12-23,1,0.534017,1
AAPL,3,close-return,20,123,2025-12-24,1,0.544940,1
AAPL,3,close-return,20,123,2025-12-26,0,0.545212,1
AAPL,3,close-return,20,123,2025-12-29,1,0.542140,1
AAPL,3,close-return,20,123,2025-12-30,0,0.543102,1
AAPL,3,close-return,20,123,2025-12-31,0,0.540589,1
AAPL,3,close-return,20,2026,2025-08-11,0,0.521076,1
AAPL,3,close-return,20,2026,2025-08-12,1,0.531546,1
AAPL,3,close-return,20,2026,2025-08-13,1,0.532660,1
AAPL,3,close-return,20,2026,2025-08-14,0,0.531880,1
AAPL,3,close-return,20,2026,2025-08-15,0,0.534402,1
AAPL,3,close-return,20,2026,2025-08-18,0,0.533725,1
AAPL,3,close-return,20,2026,2025-08-19,0,0.533486,1
AAPL,3,close-return,20,2026,2025-08-20,0,0.533787,1
AAPL,3,close-return,20,2026,2025-08-21,0,0.527648,1
AAPL,3,close-return,20,2026,2025-08-22,1,0.530517,1
AAPL,3,close-return,20,2026,2025-08-25,0,0.535486,1
AAPL,3,close-return,20,2026,2025-08-26,1,0.534558,1
AAPL,3,close-return,20,2026,2025-08-27,1,0.535311,1
AAPL,3,close-return,20,2026,2025-08-28,1,0.535155,1
AAPL,3,close-return,20,2026,2025-08-29,0,0.534878,1
AAPL,3,close-return,20,2026,2025-09-02,0,0.534775,1
AAPL,3,close-return,20,2026,2025-09-03,1,0.532022,1
AAPL,3,close-return,20,2026,2025-09-04,1,0.531225,1
AAPL,3,close-return,20,2026,2025-09-05,0,0.533502,1
AAPL,3,close-return,20,2026,2025-09-08,0,0.534746,1
AAPL,3,close-return,20,2026,2025-09-09,0,0.533300,1
AAPL,3,close-return,20,2026,2025-09-10,0,0.529241,1
AAPL,3,close-return,20,2026,2025-09-11,1,0.521355,1
AAPL,3,close-return,20,2026,2025-09-12,1,0.534156,1
AAPL,3,close-return,20,2026,2025-09-15,1,0.535156,1
AAPL,3,close-return,20,2026,2025-09-16,1,0.534329,1
AAPL,3,close-return,20,2026,2025-09-17,1,0.534593,1
AAPL,3,close-return,20,2026,2025-09-18,0,0.534866,1
AAPL,3,close-return,20,2026,2025-09-19,1,0.534116,1
AAPL,3,close-return,20,2026,2025-09-22,1,0.531343,1
AAPL,3,close-return,20,2026,2025-09-23,0,0.523921,1
AAPL,3,close-return,20,2026,2025-09-24,0,0.532655,1
AAPL,3,close-return,20,2026,2025-09-25,1,0.533570,1
AAPL,3,close-return,20,2026,2025-09-26,0,0.534201,1
AAPL,3,close-return,20,2026,2025-09-29,0,0.534496,1
AAPL,3,close-return,20,2026,2025-09-30,1,0.533637,1
AAPL,3,close-return,20,2026,2025-10-01,1,0.534332,1
AAPL,3,close-return,20,2026,2025-10-02,1,0.534938,1
AAPL,3,close-return,20,2026,2025-10-03,1,0.535266,1
AAPL,3,close-return,20,2026,2025-10-06,0,0.535141,1
AAPL,3,close-return,20,2026,2025-10-07,0,0.533896,1
AAPL,3,close-return,20,2026,2025-10-08,1,0.534073,1
AAPL,3,close-return,20,2026,2025-10-09,0,0.535191,1
AAPL,3,close-return,20,2026,2025-10-10,0,0.530585,1
AAPL,3,close-return,20,2026,2025-10-13,1,0.521169,1
AAPL,3,close-return,20,2026,2025-10-14,1,0.532869,1
AAPL,3,close-return,20,2026,2025-10-15,1,0.534039,1
AAPL,3,close-return,20,2026,2025-10-16,0,0.535235,1
AAPL,3,close-return,20,2026,2025-10-17,1,0.533218,1
AAPL,3,close-return,20,2026,2025-10-20,1,0.534772,1
AAPL,3,close-return,20,2026,2025-10-21,1,0.527031,1
AAPL,3,close-return,20,2026,2025-10-22,0,0.532333,1
AAPL,3,close-return,20,2026,2025-10-23,1,0.532174,1
AAPL,3,close-return,20,2026,2025-10-24,1,0.534592,1
AAPL,3,close-return,20,2026,2025-10-27,1,0.535079,1
AAPL,3,close-return,20,2026,2025-10-28,1,0.531823,1
AAPL,3,close-return,20,2026,2025-10-29,1,0.534415,1
AAPL,3,close-return,20,2026,2025-10-30,1,0.534806,1
AAPL,3,close-return,20,2026,2025-10-31,0,0.534938,1
AAPL,3,close-return,20,2026,2025-11-03,0,0.534310,1
AAPL,3,close-return,20,2026,2025-11-04,1,0.533273,1
AAPL,3,close-return,20,2026,2025-11-05,1,0.534767,1
AAPL,3,close-return,20,2026,2025-11-06,0,0.534653,1
AAPL,3,close-return,20,2026,2025-11-07,0,0.534274,1
AAPL,3,close-return,20,2026,2025-11-10,1,0.533237,1
AAPL,3,close-return,20,2026,2025-11-11,1,0.534742,1
AAPL,3,close-return,20,2026,2025-11-12,0,0.533835,1
AAPL,3,close-return,20,2026,2025-11-13,0,0.534716,1
AAPL,3,close-return,20,2026,2025-11-14,0,0.534233,1
AAPL,3,close-return,20,2026,2025-11-17,0,0.533950,1
AAPL,3,close-return,20,2026,2025-11-18,0,0.528384,1
AAPL,3,close-return,20,2026,2025-11-19,1,0.532448,1
AAPL,3,close-return,20,2026,2025-11-20,0,0.534693,1
AAPL,3,close-return,20,2026,2025-11-21,1,0.532371,1
AAPL,3,close-return,20,2026,2025-11-24,1,0.535053,1
AAPL,3,close-return,20,2026,2025-11-25,1,0.533246,1
AAPL,3,close-return,20,2026,2025-11-26,1,0.534476,1
AAPL,3,close-return,20,2026,2025-11-28,1,0.534845,1
AAPL,3,close-return,20,2026,2025-12-01,1,0.534975,1
AAPL,3,close-return,20,2026,2025-12-02,1,0.534016,1
AAPL,3,close-return,20,2026,2025-12-03,0,0.533688,1
AAPL,3,close-return,20,2026,2025-12-04,0,0.534240,1
AAPL,3,close-return,20,2026,2025-12-05,0,0.530966,1
AAPL,3,close-return,20,2026,2025-12-08,0,0.531104,1
AAPL,3,close-return,20,2026,2025-12-09,0,0.532401,1
AAPL,3,close-return,20,2026,2025-12-10,1,0.533074,1
AAPL,3,close-return,20,2026,2025-12-11,0,0.535049,1
AAPL,3,close-return,20,2026,2025-12-12,1,0.534213,1
AAPL,3,close-return,20,2026,2025-12-15,0,0.534530,1
AAPL,3,close-return,20,2026,2025-12-16,1,0.530054,1
AAPL,3,close-return,20,2026,2025-12-17,0,0.533521,1
AAPL,3,close-return,20,2026,2025-12-18,1,0.531145,1
AAPL,3,close-return,20,2026,2025-12-19,1,0.533690,1
AAPL,3,close-return,20,2026,2025-12-22,0,0.535095,1
AAPL,3,close-return,20,2026,2025-12-23,1,0.532362,1
AAPL,3,close-return,20,2026,2025-12-24,1,0.534792,1
AAPL,3,close-return,20,2026,2025-12-26,0,0.535223,1
AAPL,3,close-return,20,2026,2025-12-29,1,0.534596,1
AAPL,3,close-return,20,2026,2025-12-30,0,0.534717,1
AAPL,3,close-return,20,2026,2025-12-31,0,0.534073,1
AAPL,3,ohlcv,5,42,2025-08-11,0,0.517799,1
AAPL,3,ohlcv,5,42,2025-08-12,1,0.517951,1
AAPL,3,ohlcv,5,42,2025-08-13,1,0.521945,1
AAPL,3,ohlcv,5,42,2025-08-14,0,0.524097,1
AAPL,3,ohlcv,5,42,2025-08-15,0,0.522032,1
AAPL,3,ohlcv,5,42,2025-08-18,0,0.507583,1
AAPL,3,ohlcv,5,42,2025-08-19,0,0.514332,1
AAPL,3,ohlcv,5,42,2025-08-20,0,0.521294,1
AAPL,3,ohlcv,5,42,2025-08-21,0,0.509499,1
AAPL,3,ohlcv,5,42,2025-08-22,1,0.505448,1
AAPL,3,ohlcv,5,42,2025-08-25,0,0.522834,1
AAPL,3,ohlcv,5,42,2025-08-26,1,0.523481,1
AAPL,3,ohlcv,5,42,2025-08-27,1,0.525653,1
AAPL,3,ohlcv,5,42,2025-08-28,1,0.516986,1
AAPL,3,ohlcv,5,42,2025-08-29,0,0.527263,1
AAPL,3,ohlcv,5,42,2025-09-02,0,0.523301,1
AAPL,3,ohlcv,5,42,2025-09-03,1,0.517059,1
AAPL,3,ohlcv,5,42,2025-09-04,1,0.507884,1
AAPL,3,ohlcv,5,42,2025-09-05,0,0.515325,1
AAPL,3,ohlcv,5,42,2025-09-08,0,0.519006,1
AAPL,3,ohlcv,5,42,2025-09-09,0,0.513639,1
AAPL,3,ohlcv,5,42,2025-09-10,0,0.513630,1
AAPL,3,ohlcv,5,42,2025-09-11,1,0.502891,1
AAPL,3,ohlcv,5,42,2025-09-12,1,0.513649,1
AAPL,3,ohlcv,5,42,2025-09-15,1,0.521989,1
AAPL,3,ohlcv,5,42,2025-09-16,1,0.524560,1
AAPL,3,ohlcv,5,42,2025-09-17,1,0.526224,1
AAPL,3,ohlcv,5,42,2025-09-18,0,0.526314,1
AAPL,3,ohlcv,5,42,2025-09-19,1,0.523144,1
AAPL,3,ohlcv,5,42,2025-09-22,1,0.513224,1
AAPL,3,ohlcv,5,42,2025-09-23,0,0.519143,1
AAPL,3,ohlcv,5,42,2025-09-24,0,0.514182,1
AAPL,3,ohlcv,5,42,2025-09-25,1,0.504118,1
AAPL,3,ohlcv,5,42,2025-09-26,0,0.524082,1
AAPL,3,ohlcv,5,42,2025-09-29,0,0.520387,1
AAPL,3,ohlcv,5,42,2025-09-30,1,0.516196,1
AAPL,3,ohlcv,5,42,2025-10-01,1,0.520169,1
AAPL,3,ohlcv,5,42,2025-10-02,1,0.527429,1
AAPL,3,ohlcv,5,42,2025-10-03,1,0.525457,1
AAPL,3,ohlcv,5,42,2025-10-06,0,0.527434,1
AAPL,3,ohlcv,5,42,2025-10-07,0,0.523149,1
AAPL,3,ohlcv,5,42,2025-10-08,1,0.515430,1
AAPL,3,ohlcv,5,42,2025-10-09,0,0.519610,1
AAPL,3,ohlcv,5,42,2025-10-10,0,0.507237,1
AAPL,3,ohlcv,5,42,2025-10-13,1,0.497980,0
AAPL,3,ohlcv,5,42,2025-10-14,1,0.497107,0
AAPL,3,ohlcv,5,42,2025-10-15,1,0.512629,1
AAPL,3,ohlcv,5,42,2025-10-16,0,0.516777,1
AAPL,3,ohlcv,5,42,2025-10-17,1,0.513272,1
AAPL,3,ohlcv,5,42,2025-10-20,1,0.524327,1
AAPL,3,ohlcv,5,42,2025-10-21,1,0.518957,1
AAPL,3,ohlcv,5,42,2025-10-22,0,0.521303,1
AAPL,3,ohlcv,5,42,2025-10-23,1,0.511400,1
AAPL,3,ohlcv,5,42,2025-10-24,1,0.513111,1
AAPL,3,ohlcv,5,42,2025-10-27,1,0.519965,1
AAPL,3,ohlcv,5,42,2025-10-28,1,0.522148,1
AAPL,3,ohlcv,5,42,2025-10-29,1,0.522367,1
AAPL,3,ohlcv,5,42,2025-10-30,1,0.524551,1
AAPL,3,ohlcv,5,42,2025-10-31,0,0.512358,1
AAPL,3,ohlcv,5,42,2025-11-03,0,0.499619,0
AAPL,3,ohlcv,5,42,2025-11-04,1,0.499798,0
AAPL,3,ohlcv,5,42,2025-11-05,1,0.518113,1
AAPL,3,ohlcv,5,42,2025-11-06,0,0.521542,1
AAPL,3,ohlcv,5,42,2025-11-07,0,0.525811,1
AAPL,3,ohlcv,5,42,2025-11-10,1,0.526876,1
AAPL,3,ohlcv,5,42,2025-11-11,1,0.525215,1
AAPL,3,ohlcv,5,42,2025-11-12,0,0.527324,1
AAPL,3,ohlcv,5,42,2025-11-13,0,0.526966,1
AAPL,3,ohlcv,5,42,2025-11-14,0,0.527631,1
AAPL,3,ohlcv,5,42,2025-11-17,0,0.526806,1
AAPL,3,ohlcv,5,42,2025-11-18,0,0.518893,1
AAPL,3,ohlcv,5,42,2025-11-19,1,0.516829,1
AAPL,3,ohlcv,5,42,2025-11-20,0,0.527808,1
AAPL,3,ohlcv,5,42,2025-11-21,1,0.525024,1
AAPL,3,ohlcv,5,42,2025-11-24,1,0.527922,1
AAPL,3,ohlcv,5,42,2025-11-25,1,0.526645,1
AAPL,3,ohlcv,5,42,2025-11-26,1,0.524429,1
AAPL,3,ohlcv,5,42,2025-11-28,1,0.521067,1
AAPL,3,ohlcv,5,42,2025-12-01,1,0.513070,1
AAPL,3,ohlcv,5,42,2025-12-02,1,0.526026,1
AAPL,3,ohlcv,5,42,2025-12-03,0,0.526648,1
AAPL,3,ohlcv,5,42,2025-12-04,0,0.524011,1
AAPL,3,ohlcv,5,42,2025-12-05,0,0.511638,1
AAPL,3,ohlcv,5,42,2025-12-08,0,0.511663,1
AAPL,3,ohlcv,5,42,2025-12-09,0,0.515462,1
AAPL,3,ohlcv,5,42,2025-12-10,1,0.519524,1
AAPL,3,ohlcv,5,42,2025-12-11,0,0.523923,1
AAPL,3,ohlcv,5,42,2025-12-12,1,0.509671,1
AAPL,3,ohlcv,5,42,2025-12-15,0,0.517446,1
AAPL,3,ohlcv,5,42,2025-12-16,1,0.503299,1
AAPL,3,ohlcv,5,42,2025-12-17,0,0.512639,1
AAPL,3,ohlcv,5,42,2025-12-18,1,0.512435,1
AAPL,3,ohlcv,5,42,2025-12-19,1,0.499666,0
AAPL,3,ohlcv,5,42,2025-12-22,0,0.506910,1
AAPL,3,ohlcv,5,42,2025-12-23,1,0.500799,1
AAPL,3,ohlcv,5,42,2025-12-24,1,0.507845,1
AAPL,3,ohlcv,5,42,2025-12-26,0,0.511388,1
AAPL,3,ohlcv,5,42,2025-12-29,1,0.517612,1
AAPL,3,ohlcv,5,42,2025-12-30,0,0.517577,1
AAPL,3,ohlcv,5,42,2025-12-31,0,0.516420,1
AAPL,3,ohlcv,5,123,2025-08-11,0,0.508111,1
AAPL,3,ohlcv,5,123,2025-08-12,1,0.506835,1
AAPL,3,ohlcv,5,123,2025-08-13,1,0.512309,1
AAPL,3,ohlcv,5,123,2025-08-14,0,0.520565,1
AAPL,3,ohlcv,5,123,2025-08-15,0,0.513207,1
AAPL,3,ohlcv,5,123,2025-08-18,0,0.501992,1
AAPL,3,ohlcv,5,123,2025-08-19,0,0.509107,1
AAPL,3,ohlcv,5,123,2025-08-20,0,0.513846,1
AAPL,3,ohlcv,5,123,2025-08-21,0,0.510847,1
AAPL,3,ohlcv,5,123,2025-08-22,1,0.509055,1
AAPL,3,ohlcv,5,123,2025-08-25,0,0.524284,1
AAPL,3,ohlcv,5,123,2025-08-26,1,0.525662,1
AAPL,3,ohlcv,5,123,2025-08-27,1,0.526956,1
AAPL,3,ohlcv,5,123,2025-08-28,1,0.524206,1
AAPL,3,ohlcv,5,123,2025-08-29,0,0.527981,1
AAPL,3,ohlcv,5,123,2025-09-02,0,0.525030,1
AAPL,3,ohlcv,5,123,2025-09-03,1,0.517077,1
AAPL,3,ohlcv,5,123,2025-09-04,1,0.494469,0
AAPL,3,ohlcv,5,123,2025-09-05,0,0.501072,1
AAPL,3,ohlcv,5,123,2025-09-08,0,0.512120,1
AAPL,3,ohlcv,5,123,2025-09-09,0,0.508926,1
AAPL,3,ohlcv,5,123,2025-09-10,0,0.511718,1
AAPL,3,ohlcv,5,123,2025-09-11,1,0.508193,1
AAPL,3,ohlcv,5,123,2025-09-12,1,0.514327,1
AAPL,3,ohlcv,5,123,2025-09-15,1,0.524329,1
AAPL,3,ohlcv,5,123,2025-09-16,1,0.518679,1
AAPL,3,ohlcv,5,123,2025-09-17,1,0.527029,1
AAPL,3,ohlcv,5,123,2025-09-18,0,0.521523,1
AAPL,3,ohlcv,5,123,2025-09-19,1,0.515017,1
AAPL,3,ohlcv,5,123,2025-09-22,1,0.514204,1
AAPL,3,ohlcv,5,123,2025-09-23,0,0.515918,1
AAPL,3,ohlcv,5,123,2025-09-24,0,0.518237,1
AAPL,3,ohlcv,5,123,2025-09-25,1,0.510757,1
AAPL,3,ohlcv,5,123,2025-09-26,0,0.522654,1
AAPL,3,ohlcv,5,123,2025-09-29,0,0.526132,1
AAPL,3,ohlcv,5,123,2025-09-30,1,0.520240,1
AAPL,3,ohlcv,5,123,2025-10-01,1,0.518853,1
AAPL,3,ohlcv,5,123,2025-10-02,1,0.528015,1
AAPL,3,ohlcv,5,123,2025-10-03,1,0.523146,1
AAPL,3,ohlcv,5,123,2025-10-06,0,0.530538,1
AAPL,3,ohlcv,5,123,2025-10-07,0,0.522230,1
AAPL,3,ohlcv,5,123,2025-10-08,1,0.516691,1
AAPL,3,ohlcv,5,123,2025-10-09,0,0.522829,1
AAPL,3,ohlcv,5,123,2025-10-10,0,0.513244,1
AAPL,3,ohlcv,5,123,2025-10-13,1,0.504041,1
AAPL,3,ohlcv,5,123,2025-10-14,1,0.498370,0
AAPL,3,ohlcv,5,123,2025-10-15,1,0.504650,1
AAPL,3,ohlcv,5,123,2025-10-16,0,0.506057,1
AAPL,3,ohlcv,5,123,2025-10-17,1,0.505875,1
AAPL,3,ohlcv,5,123,2025-10-20,1,0.526391,1
AAPL,3,ohlcv,5,123,2025-10-21,1,0.519003,1
AAPL,3,ohlcv,5,123,2025-10-22,0,0.522567,1
AAPL,3,ohlcv,5,123,2025-10-23,1,0.510366,1
AAPL,3,ohlcv,5,123,2025-10-24,1,0.508123,1
AAPL,3,ohlcv,5,123,2025-10-27,1,0.512934,1
AAPL,3,ohlcv,5,123,2025-10-28,1,0.521829,1
AAPL,3,ohlcv,5,123,2025-10-29,1,0.523537,1
AAPL,3,ohlcv,5,123,2025-10-30,1,0.524837,1
AAPL,3,ohlcv,5,123,2025-10-31,0,0.502838,1
AAPL,3,ohlcv,5,123,2025-11-03,0,0.495569,0
AAPL,3,ohlcv,5,123,2025-11-04,1,0.496856,0
AAPL,3,ohlcv,5,123,2025-11-05,1,0.513245,1
AAPL,3,ohlcv,5,123,2025-11-06,0,0.518991,1
AAPL,3,ohlcv,5,123,2025-11-07,0,0.527180,1
AAPL,3,ohlcv,5,123,2025-11-10,1,0.521354,1
AAPL,3,ohlcv,5,123,2025-11-11,1,0.516667,1
AAPL,3,ohlcv,5,123,2025-11-12,0,0.526484,1
AAPL,3,ohlcv,5,123,2025-11-13,0,0.525351,1
AAPL,3,ohlcv,5,123,2025-11-14,0,0.522747,1
AAPL,3,ohlcv,5,123,2025-11-17,0,0.522106,1
AAPL,3,ohlcv,5,123,2025-11-18,0,0.517577,1
AAPL,3,ohlcv,5,123,2025-11-19,1,0.509320,1
AAPL,3,ohlcv,5,123,2025-11-20,0,0.525574,1
AAPL,3,ohlcv,5,123,2025-11-21,1,0.515957,1
AAPL,3,ohlcv,5,123,2025-11-24,1,0.527341,1
AAPL,3,ohlcv,5,123,2025-11-25,1,0.527997,1
AAPL,3,ohlcv,5,123,2025-11-26,1,0.524811,1
AAPL,3,ohlcv,5,123,2025-11-28,1,0.523219,1
AAPL,3,ohlcv,5,123,2025-12-01,1,0.519183,1
AAPL,3,ohlcv,5,123,2025-12-02,1,0.527870,1
AAPL,3,ohlcv,5,123,2025-12-03,0,0.529799,1
AAPL,3,ohlcv,5,123,2025-12-04,0,0.526240,1
AAPL,3,ohlcv,5,123,2025-12-05,0,0.512802,1
AAPL,3,ohlcv,5,123,2025-12-08,0,0.513950,1
AAPL,3,ohlcv,5,123,2025-12-09,0,0.513846,1
AAPL,3,ohlcv,5,123,2025-12-10,1,0.517463,1
AAPL,3,ohlcv,5,123,2025-12-11,0,0.522241,1
AAPL,3,ohlcv,5,123,2025-12-12,1,0.505540,1
AAPL,3,ohlcv,5,123,2025-12-15,0,0.514227,1
AAPL,3,ohlcv,5,123,2025-12-16,1,0.504277,1
AAPL,3,ohlcv,5,123,2025-12-17,0,0.511602,1
AAPL,3,ohlcv,5,123,2025-12-18,1,0.514438,1
AAPL,3,ohlcv,5,123,2025-12-19,1,0.499667,0
AAPL,3,ohlcv,5,123,2025-12-22,0,0.506312,1
AAPL,3,ohlcv,5,123,2025-12-23,1,0.510324,1
AAPL,3,ohlcv,5,123,2025-12-24,1,0.512859,1
AAPL,3,ohlcv,5,123,2025-12-26,0,0.516364,1
AAPL,3,ohlcv,5,123,2025-12-29,1,0.522297,1
AAPL,3,ohlcv,5,123,2025-12-30,0,0.523885,1
AAPL,3,ohlcv,5,123,2025-12-31,0,0.523757,1
AAPL,3,ohlcv,5,2026,2025-08-11,0,0.517843,1
AAPL,3,ohlcv,5,2026,2025-08-12,1,0.520725,1
AAPL,3,ohlcv,5,2026,2025-08-13,1,0.531205,1
AAPL,3,ohlcv,5,2026,2025-08-14,0,0.540025,1
AAPL,3,ohlcv,5,2026,2025-08-15,0,0.535106,1
AAPL,3,ohlcv,5,2026,2025-08-18,0,0.494409,0
AAPL,3,ohlcv,5,2026,2025-08-19,0,0.535350,1
AAPL,3,ohlcv,5,2026,2025-08-20,0,0.544106,1
AAPL,3,ohlcv,5,2026,2025-08-21,0,0.533504,1
AAPL,3,ohlcv,5,2026,2025-08-22,1,0.529293,1
AAPL,3,ohlcv,5,2026,2025-08-25,0,0.542146,1
AAPL,3,ohlcv,5,2026,2025-08-26,1,0.570748,1
AAPL,3,ohlcv,5,2026,2025-08-27,1,0.529470,1
AAPL,3,ohlcv,5,2026,2025-08-28,1,0.544822,1
AAPL,3,ohlcv,5,2026,2025-08-29,0,0.535920,1
AAPL,3,ohlcv,5,2026,2025-09-02,0,0.538222,1
AAPL,3,ohlcv,5,2026,2025-09-03,1,0.517394,1
AAPL,3,ohlcv,5,2026,2025-09-04,1,0.493127,0
AAPL,3,ohlcv,5,2026,2025-09-05,0,0.497496,0
AAPL,3,ohlcv,5,2026,2025-09-08,0,0.498216,0
AAPL,3,ohlcv,5,2026,2025-09-09,0,0.500303,1
AAPL,3,ohlcv,5,2026,2025-09-10,0,0.516134,1
AAPL,3,ohlcv,5,2026,2025-09-11,1,0.514379,1
AAPL,3,ohlcv,5,2026,2025-09-12,1,0.542740,1
AAPL,3,ohlcv,5,2026,2025-09-15,1,0.542576,1
AAPL,3,ohlcv,5,2026,2025-09-16,1,0.548546,1
AAPL,3,ohlcv,5,2026,2025-09-17,1,0.549381,1
AAPL,3,ohlcv,5,2026,2025-09-18,0,0.557917,1
AAPL,3,ohlcv,5,2026,2025-09-19,1,0.548597,1
AAPL,3,ohlcv,5,2026,2025-09-22,1,0.512017,1
AAPL,3,ohlcv,5,2026,2025-09-23,0,0.528707,1
AAPL,3,ohlcv,5,2026,2025-09-24,0,0.543220,1
AAPL,3,ohlcv,5,2026,2025-09-25,1,0.530803,1
AAPL,3,ohlcv,5,2026,2025-09-26,0,0.523147,1
AAPL,3,ohlcv,5,2026,2025-09-29,0,0.554782,1
AAPL,3,ohlcv,5,2026,2025-09-30,1,0.539725,1
AAPL,3,ohlcv,5,2026,2025-10-01,1,0.536702,1
AAPL,3,ohlcv,5,2026,2025-10-02,1,0.564274,1
AAPL,3,ohlcv,5,2026,2025-10-03,1,0.548327,1
AAPL,3,ohlcv,5,2026,2025-10-06,0,0.547151,1
AAPL,3,ohlcv,5,2026,2025-10-07,0,0.540305,1
AAPL,3,ohlcv,5,2026,2025-10-08,1,0.541075,1
AAPL,3,ohlcv,5,2026,2025-10-09,0,0.538267,1
AAPL,3,ohlcv,5,2026,2025-10-10,0,0.522755,1
AAPL,3,ohlcv,5,2026,2025-10-13,1,0.509284,1
AAPL,3,ohlcv,5,2026,2025-10-14,1,0.497636,0
AAPL,3,ohlcv,5,2026,2025-10-15,1,0.507067,1
AAPL,3,ohlcv,5,2026,2025-10-16,0,0.516558,1
AAPL,3,ohlcv,5,2026,2025-10-17,1,0.501513,1
AAPL,3,ohlcv,5,2026,2025-10-20,1,0.524088,1
AAPL,3,ohlcv,5,2026,2025-10-21,1,0.520173,1
AAPL,3,ohlcv,5,2026,2025-10-22,0,0.556828,1
AAPL,3,ohlcv,5,2026,2025-10-23,1,0.515003,1
AAPL,3,ohlcv,5,2026,2025-10-24,1,0.517957,1
AAPL,3,ohlcv,5,2026,2025-10-27,1,0.511255,1
AAPL,3,ohlcv,5,2026,2025-10-28,1,0.525687,1
AAPL,3,ohlcv,5,2026,2025-10-29,1,0.531464,1
AAPL,3,ohlcv,5,2026,2025-10-30,1,0.522111,1
AAPL,3,ohlcv,5,2026,2025-10-31,0,0.497634,0
AAPL,3,ohlcv,5,2026,2025-11-03,0,0.482885,0
AAPL,3,ohlcv,5,2026,2025-11-04,1,0.487572,0
AAPL,3,ohlcv,5,2026,2025-11-05,1,0.523953,1
AAPL,3,ohlcv,5,2026,2025-11-06,0,0.538927,1
AAPL,3,ohlcv,5,2026,2025-11-07,0,0.568138,1
AAPL,3,ohlcv,5,2026,2025-11-10,1,0.565540,1
AAPL,3,ohlcv,5,2026,2025-11-11,1,0.565613,1
AAPL,3,ohlcv,5,2026,2025-11-12,0,0.559887,1
AAPL,3,ohlcv,5,2026,2025-11-13,0,0.546827,1
AAPL,3,ohlcv,5,2026,2025-11-14,0,0.561726,1
AAPL,3,ohlcv,5,2026,2025-11-17,0,0.564773,1
AAPL,3,ohlcv,5,2026,2025-11-18,0,0.548049,1
AAPL,3,ohlcv,5,2026,2025-11-19,1,0.526771,1
AAPL,3,ohlcv,5,2026,2025-11-20,0,0.572251,1
AAPL,3,ohlcv,5,2026,2025-11-21,1,0.564953,1
AAPL,3,ohlcv,5,2026,2025-11-24,1,0.564678,1
AAPL,3,ohlcv,5,2026,2025-11-25,1,0.553872,1
AAPL,3,ohlcv,5,2026,2025-11-26,1,0.565513,1
AAPL,3,ohlcv,5,2026,2025-11-28,1,0.566422,1
AAPL,3,ohlcv,5,2026,2025-12-01,1,0.549460,1
AAPL,3,ohlcv,5,2026,2025-12-02,1,0.531690,1
AAPL,3,ohlcv,5,2026,2025-12-03,0,0.537373,1
AAPL,3,ohlcv,5,2026,2025-12-04,0,0.559562,1
AAPL,3,ohlcv,5,2026,2025-12-05,0,0.522429,1
AAPL,3,ohlcv,5,2026,2025-12-08,0,0.525804,1
AAPL,3,ohlcv,5,2026,2025-12-09,0,0.538486,1
AAPL,3,ohlcv,5,2026,2025-12-10,1,0.563858,1
AAPL,3,ohlcv,5,2026,2025-12-11,0,0.556064,1
AAPL,3,ohlcv,5,2026,2025-12-12,1,0.502141,1
AAPL,3,ohlcv,5,2026,2025-12-15,0,0.508766,1
AAPL,3,ohlcv,5,2026,2025-12-16,1,0.494516,0
AAPL,3,ohlcv,5,2026,2025-12-17,0,0.519244,1
AAPL,3,ohlcv,5,2026,2025-12-18,1,0.530947,1
AAPL,3,ohlcv,5,2026,2025-12-19,1,0.489567,0
AAPL,3,ohlcv,5,2026,2025-12-22,0,0.493355,0
AAPL,3,ohlcv,5,2026,2025-12-23,1,0.532570,1
AAPL,3,ohlcv,5,2026,2025-12-24,1,0.530414,1
AAPL,3,ohlcv,5,2026,2025-12-26,0,0.551578,1
AAPL,3,ohlcv,5,2026,2025-12-29,1,0.559971,1
AAPL,3,ohlcv,5,2026,2025-12-30,0,0.550485,1
AAPL,3,ohlcv,5,2026,2025-12-31,0,0.550303,1
AAPL,3,ohlcv,20,42,2025-08-11,0,0.517759,1
AAPL,3,ohlcv,20,42,2025-08-12,1,0.519857,1
AAPL,3,ohlcv,20,42,2025-08-13,1,0.523644,1
AAPL,3,ohlcv,20,42,2025-08-14,0,0.524893,1
AAPL,3,ohlcv,20,42,2025-08-15,0,0.523526,1
AAPL,3,ohlcv,20,42,2025-08-18,0,0.511064,1
AAPL,3,ohlcv,20,42,2025-08-19,0,0.516769,1
AAPL,3,ohlcv,20,42,2025-08-20,0,0.523601,1
AAPL,3,ohlcv,20,42,2025-08-21,0,0.510960,1
AAPL,3,ohlcv,20,42,2025-08-22,1,0.505822,1
AAPL,3,ohlcv,20,42,2025-08-25,0,0.522819,1
AAPL,3,ohlcv,20,42,2025-08-26,1,0.525083,1
AAPL,3,ohlcv,20,42,2025-08-27,1,0.523905,1
AAPL,3,ohlcv,20,42,2025-08-28,1,0.516447,1
AAPL,3,ohlcv,20,42,2025-08-29,0,0.524941,1
AAPL,3,ohlcv,20,42,2025-09-02,0,0.522308,1
AAPL,3,ohlcv,20,42,2025-09-03,1,0.516456,1
AAPL,3,ohlcv,20,42,2025-09-04,1,0.507369,1
AAPL,3,ohlcv,20,42,2025-09-05,0,0.514903,1
AAPL,3,ohlcv,20,42,2025-09-08,0,0.519030,1
AAPL,3,ohlcv,20,42,2025-09-09,0,0.514367,1
AAPL,3,ohlcv,20,42,2025-09-10,0,0.514416,1
AAPL,3,ohlcv,20,42,2025-09-11,1,0.502842,1
AAPL,3,ohlcv,20,42,2025-09-12,1,0.513502,1
AAPL,3,ohlcv,20,42,2025-09-15,1,0.520179,1
AAPL,3,ohlcv,20,42,2025-09-16,1,0.523599,1
AAPL,3,ohlcv,20,42,2025-09-17,1,0.526729,1
AAPL,3,ohlcv,20,42,2025-09-18,0,0.528101,1
AAPL,3,ohlcv,20,42,2025-09-19,1,0.525411,1
AAPL,3,ohlcv,20,42,2025-09-22,1,0.513988,1
AAPL,3,ohlcv,20,42,2025-09-23,0,0.517841,1
AAPL,3,ohlcv,20,42,2025-09-24,0,0.515911,1
AAPL,3,ohlcv,20,42,2025-09-25,1,0.506957,1
AAPL,3,ohlcv,20,42,2025-09-26,0,0.522338,1
AAPL,3,ohlcv,20,42,2025-09-29,0,0.520565,1
AAPL,3,ohlcv,20,42,2025-09-30,1,0.515677,1
AAPL,3,ohlcv,20,42,2025-10-01,1,0.519978,1
AAPL,3,ohlcv,20,42,2025-10-02,1,0.528937,1
AAPL,3,ohlcv,20,42,2025-10-03,1,0.526983,1
AAPL,3,ohlcv,20,42,2025-10-06,0,0.527535,1
AAPL,3,ohlcv,20,42,2025-10-07,0,0.524034,1
AAPL,3,ohlcv,20,42,2025-10-08,1,0.516475,1
AAPL,3,ohlcv,20,42,2025-10-09,0,0.519746,1
AAPL,3,ohlcv,20,42,2025-10-10,0,0.507456,1
AAPL,3,ohlcv,20,42,2025-10-13,1,0.497895,0
AAPL,3,ohlcv,20,42,2025-10-14,1,0.496784,0
AAPL,3,ohlcv,20,42,2025-10-15,1,0.512696,1
AAPL,3,ohlcv,20,42,2025-10-16,0,0.518347,1
AAPL,3,ohlcv,20,42,2025-10-17,1,0.514262,1
AAPL,3,ohlcv,20,42,2025-10-20,1,0.523121,1
AAPL,3,ohlcv,20,42,2025-10-21,1,0.518382,1
AAPL,3,ohlcv,20,42,2025-10-22,0,0.522740,1
AAPL,3,ohlcv,20,42,2025-10-23,1,0.515192,1
AAPL,3,ohlcv,20,42,2025-10-24,1,0.515785,1
AAPL,3,ohlcv,20,42,2025-10-27,1,0.521018,1
AAPL,3,ohlcv,20,42,2025-10-28,1,0.521459,1
AAPL,3,ohlcv,20,42,2025-10-29,1,0.522106,1
AAPL,3,ohlcv,20,42,2025-10-30,1,0.523767,1
AAPL,3,ohlcv,20,42,2025-10-31,0,0.513609,1
AAPL,3,ohlcv,20,42,2025-11-03,0,0.501807,1
AAPL,3,ohlcv,20,42,2025-11-04,1,0.500997,1
AAPL,3,ohlcv,20,42,2025-11-05,1,0.519580,1
AAPL,3,ohlcv,20,42,2025-11-06,0,0.522300,1
AAPL,3,ohlcv,20,42,2025-11-07,0,0.526901,1
AAPL,3,ohlcv,20,42,2025-11-10,1,0.528150,1
AAPL,3,ohlcv,20,42,2025-11-11,1,0.527006,1
AAPL,3,ohlcv,20,42,2025-11-12,0,0.528403,1
AAPL,3,ohlcv,20,42,2025-11-13,0,0.528049,1
AAPL,3,ohlcv,20,42,2025-11-14,0,0.529806,1
AAPL,3,ohlcv,20,42,2025-11-17,0,0.528735,1
AAPL,3,ohlcv,20,42,2025-11-18,0,0.521646,1
AAPL,3,ohlcv,20,42,2025-11-19,1,0.520302,1
AAPL,3,ohlcv,20,42,2025-11-20,0,0.529523,1
AAPL,3,ohlcv,20,42,2025-11-21,1,0.526960,1
AAPL,3,ohlcv,20,42,2025-11-24,1,0.529624,1
AAPL,3,ohlcv,20,42,2025-11-25,1,0.527165,1
AAPL,3,ohlcv,20,42,2025-11-26,1,0.526267,1
AAPL,3,ohlcv,20,42,2025-11-28,1,0.523296,1
AAPL,3,ohlcv,20,42,2025-12-01,1,0.515541,1
AAPL,3,ohlcv,20,42,2025-12-02,1,0.523702,1
AAPL,3,ohlcv,20,42,2025-12-03,0,0.524530,1
AAPL,3,ohlcv,20,42,2025-12-04,0,0.525054,1
AAPL,3,ohlcv,20,42,2025-12-05,0,0.514188,1
AAPL,3,ohlcv,20,42,2025-12-08,0,0.512543,1
AAPL,3,ohlcv,20,42,2025-12-09,0,0.515852,1
AAPL,3,ohlcv,20,42,2025-12-10,1,0.520452,1
AAPL,3,ohlcv,20,42,2025-12-11,0,0.525049,1
AAPL,3,ohlcv,20,42,2025-12-12,1,0.509682,1
AAPL,3,ohlcv,20,42,2025-12-15,0,0.517080,1
AAPL,3,ohlcv,20,42,2025-12-16,1,0.503406,1
AAPL,3,ohlcv,20,42,2025-12-17,0,0.512584,1
AAPL,3,ohlcv,20,42,2025-12-18,1,0.512606,1
AAPL,3,ohlcv,20,42,2025-12-19,1,0.498935,0
AAPL,3,ohlcv,20,42,2025-12-22,0,0.505744,1
AAPL,3,ohlcv,20,42,2025-12-23,1,0.499867,0
AAPL,3,ohlcv,20,42,2025-12-24,1,0.506792,1
AAPL,3,ohlcv,20,42,2025-12-26,0,0.511259,1
AAPL,3,ohlcv,20,42,2025-12-29,1,0.518382,1
AAPL,3,ohlcv,20,42,2025-12-30,0,0.517735,1
AAPL,3,ohlcv,20,42,2025-12-31,0,0.516134,1
AAPL,3,ohlcv,20,123,2025-08-11,0,0.509034,1
AAPL,3,ohlcv,20,123,2025-08-12,1,0.507347,1
AAPL,3,ohlcv,20,123,2025-08-13,1,0.513666,1
AAPL,3,ohlcv,20,123,2025-08-14,0,0.520022,1
AAPL,3,ohlcv,20,123,2025-08-15,0,0.512111,1
AAPL,3,ohlcv,20,123,2025-08-18,0,0.501695,1
AAPL,3,ohlcv,20,123,2025-08-19,0,0.508929,1
AAPL,3,ohlcv,20,123,2025-08-20,0,0.514022,1
AAPL,3,ohlcv,20,123,2025-08-21,0,0.511225,1
AAPL,3,ohlcv,20,123,2025-08-22,1,0.508920,1
AAPL,3,ohlcv,20,123,2025-08-25,0,0.523797,1
AAPL,3,ohlcv,20,123,2025-08-26,1,0.525617,1
AAPL,3,ohlcv,20,123,2025-08-27,1,0.527441,1
AAPL,3,ohlcv,20,123,2025-08-28,1,0.524191,1
AAPL,3,ohlcv,20,123,2025-08-29,0,0.528463,1
AAPL,3,ohlcv,20,123,2025-09-02,0,0.525350,1
AAPL,3,ohlcv,20,123,2025-09-03,1,0.518073,1
AAPL,3,ohlcv,20,123,2025-09-04,1,0.495000,0
AAPL,3,ohlcv,20,123,2025-09-05,0,0.502694,1
AAPL,3,ohlcv,20,123,2025-09-08,0,0.512939,1
AAPL,3,ohlcv,20,123,2025-09-09,0,0.509414,1
AAPL,3,ohlcv,20,123,2025-09-10,0,0.511511,1
AAPL,3,ohlcv,20,123,2025-09-11,1,0.507466,1
AAPL,3,ohlcv,20,123,2025-09-12,1,0.513718,1
AAPL,3,ohlcv,20,123,2025-09-15,1,0.524534,1
AAPL,3,ohlcv,20,123,2025-09-16,1,0.518377,1
AAPL,3,ohlcv,20,123,2025-09-17,1,0.527853,1
AAPL,3,ohlcv,20,123,2025-09-18,0,0.523732,1
AAPL,3,ohlcv,20,123,2025-09-19,1,0.515994,1
AAPL,3,ohlcv,20,123,2025-09-22,1,0.515879,1
AAPL,3,ohlcv,20,123,2025-09-23,0,0.516624,1
AAPL,3,ohlcv,20,123,2025-09-24,0,0.518873,1
AAPL,3,ohlcv,20,123,2025-09-25,1,0.511388,1
AAPL,3,ohlcv,20,123,2025-09-26,0,0.523705,1
AAPL,3,ohlcv,20,123,2025-09-29,0,0.527753,1
AAPL,3,ohlcv,20,123,2025-09-30,1,0.521511,1
AAPL,3,ohlcv,20,123,2025-10-01,1,0.519347,1
AAPL,3,ohlcv,20,123,2025-10-02,1,0.528544,1
AAPL,3,ohlcv,20,123,2025-10-03,1,0.523600,1
AAPL,3,ohlcv,20,123,2025-10-06,0,0.531221,1
AAPL,3,ohlcv,20,123,2025-10-07,0,0.522460,1
AAPL,3,ohlcv,20,123,2025-10-08,1,0.516603,1
AAPL,3,ohlcv,20,123,2025-10-09,0,0.523809,1
AAPL,3,ohlcv,20,123,2025-10-10,0,0.513348,1
AAPL,3,ohlcv,20,123,2025-10-13,1,0.504138,1
AAPL,3,ohlcv,20,123,2025-10-14,1,0.498449,0
AAPL,3,ohlcv,20,123,2025-10-15,1,0.504986,1
AAPL,3,ohlcv,20,123,2025-10-16,0,0.506938,1
AAPL,3,ohlcv,20,123,2025-10-17,1,0.506438,1
AAPL,3,ohlcv,20,123,2025-10-20,1,0.527609,1
AAPL,3,ohlcv,20,123,2025-10-21,1,0.520213,1
AAPL,3,ohlcv,20,123,2025-10-22,0,0.523665,1
AAPL,3,ohlcv,20,123,2025-10-23,1,0.510423,1
AAPL,3,ohlcv,20,123,2025-10-24,1,0.507896,1
AAPL,3,ohlcv,20,123,2025-10-27,1,0.513574,1
AAPL,3,ohlcv,20,123,2025-10-28,1,0.522186,1
AAPL,3,ohlcv,20,123,2025-10-29,1,0.524697,1
AAPL,3,ohlcv,20,123,2025-10-30,1,0.525201,1
AAPL,3,ohlcv,20,123,2025-10-31,0,0.503548,1
AAPL,3,ohlcv,20,123,2025-11-03,0,0.495568,0
AAPL,3,ohlcv,20,123,2025-11-04,1,0.497066,0
AAPL,3,ohlcv,20,123,2025-11-05,1,0.513833,1
AAPL,3,ohlcv,20,123,2025-11-06,0,0.519437,1
AAPL,3,ohlcv,20,123,2025-11-07,0,0.527398,1
AAPL,3,ohlcv,20,123,2025-11-10,1,0.521337,1
AAPL,3,ohlcv,20,123,2025-11-11,1,0.516838,1
AAPL,3,ohlcv,20,123,2025-11-12,0,0.527481,1
AAPL,3,ohlcv,20,123,2025-11-13,0,0.526066,1
AAPL,3,ohlcv,20,123,2025-11-14,0,0.523445,1
AAPL,3,ohlcv,20,123,2025-11-17,0,0.522551,1
AAPL,3,ohlcv,20,123,2025-11-18,0,0.518086,1
AAPL,3,ohlcv,20,123,2025-11-19,1,0.510178,1
AAPL,3,ohlcv,20,123,2025-11-20,0,0.525805,1
AAPL,3,ohlcv,20,123,2025-11-21,1,0.516280,1
AAPL,3,ohlcv,20,123,2025-11-24,1,0.527428,1
AAPL,3,ohlcv,20,123,2025-11-25,1,0.528687,1
AAPL,3,ohlcv,20,123,2025-11-26,1,0.525505,1
AAPL,3,ohlcv,20,123,2025-11-28,1,0.523731,1
AAPL,3,ohlcv,20,123,2025-12-01,1,0.520032,1
AAPL,3,ohlcv,20,123,2025-12-02,1,0.528846,1
AAPL,3,ohlcv,20,123,2025-12-03,0,0.530165,1
AAPL,3,ohlcv,20,123,2025-12-04,0,0.526792,1
AAPL,3,ohlcv,20,123,2025-12-05,0,0.514219,1
AAPL,3,ohlcv,20,123,2025-12-08,0,0.514716,1
AAPL,3,ohlcv,20,123,2025-12-09,0,0.514529,1
AAPL,3,ohlcv,20,123,2025-12-10,1,0.518281,1
AAPL,3,ohlcv,20,123,2025-12-11,0,0.522931,1
AAPL,3,ohlcv,20,123,2025-12-12,1,0.505703,1
AAPL,3,ohlcv,20,123,2025-12-15,0,0.514105,1
AAPL,3,ohlcv,20,123,2025-12-16,1,0.504346,1
AAPL,3,ohlcv,20,123,2025-12-17,0,0.511929,1
AAPL,3,ohlcv,20,123,2025-12-18,1,0.514560,1
AAPL,3,ohlcv,20,123,2025-12-19,1,0.499228,0
AAPL,3,ohlcv,20,123,2025-12-22,0,0.506052,1
AAPL,3,ohlcv,20,123,2025-12-23,1,0.509548,1
AAPL,3,ohlcv,20,123,2025-12-24,1,0.512456,1
AAPL,3,ohlcv,20,123,2025-12-26,0,0.516341,1
AAPL,3,ohlcv,20,123,2025-12-29,1,0.521788,1
AAPL,3,ohlcv,20,123,2025-12-30,0,0.524530,1
AAPL,3,ohlcv,20,123,2025-12-31,0,0.523556,1
AAPL,3,ohlcv,20,2026,2025-08-11,0,0.519745,1
AAPL,3,ohlcv,20,2026,2025-08-12,1,0.525968,1
AAPL,3,ohlcv,20,2026,2025-08-13,1,0.539837,1
AAPL,3,ohlcv,20,2026,2025-08-14,0,0.542543,1
AAPL,3,ohlcv,20,2026,2025-08-15,0,0.536430,1
AAPL,3,ohlcv,20,2026,2025-08-18,0,0.493381,0
AAPL,3,ohlcv,20,2026,2025-08-19,0,0.534891,1
AAPL,3,ohlcv,20,2026,2025-08-20,0,0.543847,1
AAPL,3,ohlcv,20,2026,2025-08-21,0,0.532839,1
AAPL,3,ohlcv,20,2026,2025-08-22,1,0.529022,1
AAPL,3,ohlcv,20,2026,2025-08-25,0,0.540119,1
AAPL,3,ohlcv,20,2026,2025-08-26,1,0.571492,1
AAPL,3,ohlcv,20,2026,2025-08-27,1,0.530757,1
AAPL,3,ohlcv,20,2026,2025-08-28,1,0.547203,1
AAPL,3,ohlcv,20,2026,2025-08-29,0,0.537675,1
AAPL,3,ohlcv,20,2026,2025-09-02,0,0.538955,1
AAPL,3,ohlcv,20,2026,2025-09-03,1,0.519964,1
AAPL,3,ohlcv,20,2026,2025-09-04,1,0.492813,0
AAPL,3,ohlcv,20,2026,2025-09-05,0,0.498248,0
AAPL,3,ohlcv,20,2026,2025-09-08,0,0.498171,0
AAPL,3,ohlcv,20,2026,2025-09-09,0,0.500230,1
AAPL,3,ohlcv,20,2026,2025-09-10,0,0.513584,1
AAPL,3,ohlcv,20,2026,2025-09-11,1,0.508869,1
AAPL,3,ohlcv,20,2026,2025-09-12,1,0.538841,1
AAPL,3,ohlcv,20,2026,2025-09-15,1,0.541708,1
AAPL,3,ohlcv,20,2026,2025-09-16,1,0.549194,1
AAPL,3,ohlcv,20,2026,2025-09-17,1,0.550746,1
AAPL,3,ohlcv,20,2026,2025-09-18,0,0.563832,1
AAPL,3,ohlcv,20,2026,2025-09-19,1,0.553226,1
AAPL,3,ohlcv,20,2026,2025-09-22,1,0.513156,1
AAPL,3,ohlcv,20,2026,2025-09-23,0,0.529654,1
AAPL,3,ohlcv,20,2026,2025-09-24,0,0.547831,1
AAPL,3,ohlcv,20,2026,2025-09-25,1,0.536830,1
AAPL,3,ohlcv,20,2026,2025-09-26,0,0.526347,1
AAPL,3,ohlcv,20,2026,2025-09-29,0,0.556242,1
AAPL,3,ohlcv,20,2026,2025-09-30,1,0.539855,1
AAPL,3,ohlcv,20,2026,2025-10-01,1,0.537620,1
AAPL,3,ohlcv,20,2026,2025-10-02,1,0.564255,1
AAPL,3,ohlcv,20,2026,2025-10-03,1,0.547486,1
AAPL,3,ohlcv,20,2026,2025-10-06,0,0.548409,1
AAPL,3,ohlcv,20,2026,2025-10-07,0,0.541124,1
AAPL,3,ohlcv,20,2026,2025-10-08,1,0.541847,1
AAPL,3,ohlcv,20,2026,2025-10-09,0,0.540916,1
AAPL,3,ohlcv,20,2026,2025-10-10,0,0.522922,1
AAPL,3,ohlcv,20,2026,2025-10-13,1,0.508664,1
AAPL,3,ohlcv,20,2026,2025-10-14,1,0.497213,0
AAPL,3,ohlcv,20,2026,2025-10-15,1,0.508121,1
AAPL,3,ohlcv,20,2026,2025-10-16,0,0.516501,1
AAPL,3,ohlcv,20,2026,2025-10-17,1,0.501374,1
AAPL,3,ohlcv,20,2026,2025-10-20,1,0.522736,1
AAPL,3,ohlcv,20,2026,2025-10-21,1,0.519123,1
AAPL,3,ohlcv,20,2026,2025-10-22,0,0.559969,1
AAPL,3,ohlcv,20,2026,2025-10-23,1,0.517571,1
AAPL,3,ohlcv,20,2026,2025-10-24,1,0.519537,1
AAPL,3,ohlcv,20,2026,2025-10-27,1,0.511573,1
AAPL,3,ohlcv,20,2026,2025-10-28,1,0.523989,1
AAPL,3,ohlcv,20,2026,2025-10-29,1,0.534408,1
AAPL,3,ohlcv,20,2026,2025-10-30,1,0.522270,1
AAPL,3,ohlcv,20,2026,2025-10-31,0,0.497471,0
AAPL,3,ohlcv,20,2026,2025-11-03,0,0.481628,0
AAPL,3,ohlcv,20,2026,2025-11-04,1,0.486053,0
AAPL,3,ohlcv,20,2026,2025-11-05,1,0.522030,1
AAPL,3,ohlcv,20,2026,2025-11-06,0,0.537690,1
AAPL,3,ohlcv,20,2026,2025-11-07,0,0.567341,1
AAPL,3,ohlcv,20,2026,2025-11-10,1,0.564708,1
AAPL,3,ohlcv,20,2026,2025-11-11,1,0.565311,1
AAPL,3,ohlcv,20,2026,2025-11-12,0,0.562458,1
AAPL,3,ohlcv,20,2026,2025-11-13,0,0.550306,1
AAPL,3,ohlcv,20,2026,2025-11-14,0,0.564124,1
AAPL,3,ohlcv,20,2026,2025-11-17,0,0.566526,1
AAPL,3,ohlcv,20,2026,2025-11-18,0,0.551429,1
AAPL,3,ohlcv,20,2026,2025-11-19,1,0.531295,1
AAPL,3,ohlcv,20,2026,2025-11-20,0,0.572134,1
AAPL,3,ohlcv,20,2026,2025-11-21,1,0.564906,1
AAPL,3,ohlcv,20,2026,2025-11-24,1,0.566119,1
AAPL,3,ohlcv,20,2026,2025-11-25,1,0.557172,1
AAPL,3,ohlcv,20,2026,2025-11-26,1,0.568446,1
AAPL,3,ohlcv,20,2026,2025-11-28,1,0.569230,1
AAPL,3,ohlcv,20,2026,2025-12-01,1,0.555063,1
AAPL,3,ohlcv,20,2026,2025-12-02,1,0.534864,1
AAPL,3,ohlcv,20,2026,2025-12-03,0,0.539197,1
AAPL,3,ohlcv,20,2026,2025-12-04,0,0.560514,1
AAPL,3,ohlcv,20,2026,2025-12-05,0,0.529243,1
AAPL,3,ohlcv,20,2026,2025-12-08,0,0.529109,1
AAPL,3,ohlcv,20,2026,2025-12-09,0,0.537677,1
AAPL,3,ohlcv,20,2026,2025-12-10,1,0.563113,1
AAPL,3,ohlcv,20,2026,2025-12-11,0,0.556556,1
AAPL,3,ohlcv,20,2026,2025-12-12,1,0.502443,1
AAPL,3,ohlcv,20,2026,2025-12-15,0,0.508527,1
AAPL,3,ohlcv,20,2026,2025-12-16,1,0.494259,0
AAPL,3,ohlcv,20,2026,2025-12-17,0,0.521034,1
AAPL,3,ohlcv,20,2026,2025-12-18,1,0.529565,1
AAPL,3,ohlcv,20,2026,2025-12-19,1,0.487770,0
AAPL,3,ohlcv,20,2026,2025-12-22,0,0.491828,0
AAPL,3,ohlcv,20,2026,2025-12-23,1,0.530349,1
AAPL,3,ohlcv,20,2026,2025-12-24,1,0.530027,1
AAPL,3,ohlcv,20,2026,2025-12-26,0,0.553128,1
AAPL,3,ohlcv,20,2026,2025-12-29,1,0.561639,1
AAPL,3,ohlcv,20,2026,2025-12-30,0,0.551617,1
AAPL,3,ohlcv,20,2026,2025-12-31,0,0.552601,1
TSLA,1,close-return,5,42,2024-10-21,0,0.507663,1
TSLA,1,close-return,5,42,2024-10-22,0,0.500988,1
TSLA,1,close-return,5,42,2024-10-23,0,0.502910,1
TSLA,1,close-return,5,42,2024-10-24,1,0.492366,0
TSLA,1,close-return,5,42,2024-10-25,1,0.531995,1
TSLA,1,close-return,5,42,2024-10-28,0,0.527865,1
TSLA,1,close-return,5,42,2024-10-29,0,0.509625,1
TSLA,1,close-return,5,42,2024-10-30,0,0.501396,1
TSLA,1,close-return,5,42,2024-10-31,0,0.500353,1
TSLA,1,close-return,5,42,2024-11-01,0,0.518257,1
TSLA,1,close-return,5,42,2024-11-04,0,0.496252,0
TSLA,1,close-return,5,42,2024-11-05,1,0.504712,1
TSLA,1,close-return,5,42,2024-11-06,1,0.523058,1
TSLA,1,close-return,5,42,2024-11-07,1,0.531825,1
TSLA,1,close-return,5,42,2024-11-08,1,0.526678,1
TSLA,1,close-return,5,42,2024-11-11,1,0.528350,1
TSLA,1,close-return,5,42,2024-11-12,0,0.528556,1
TSLA,1,close-return,5,42,2024-11-13,1,0.493737,0
TSLA,1,close-return,5,42,2024-11-14,0,0.507607,1
TSLA,1,close-return,5,42,2024-11-15,1,0.584658,1
TSLA,1,close-return,5,42,2024-11-18,1,0.518853,1
TSLA,1,close-return,5,42,2024-11-19,1,0.528646,1
TSLA,1,close-return,5,42,2024-11-20,0,0.523486,1
TSLA,1,close-return,5,42,2024-11-21,0,0.507803,1
TSLA,1,close-return,5,42,2024-11-22,1,0.503119,1
TSLA,1,close-return,5,42,2024-11-25,0,0.524070,1
TSLA,1,close-return,5,42,2024-11-26,0,0.498780,0
TSLA,1,close-return,5,42,2024-11-27,0,0.500756,1
TSLA,1,close-return,5,42,2024-11-29,1,0.492475,0
TSLA,1,close-return,5,42,2024-12-02,1,0.523840,1
TSLA,1,close-return,5,42,2024-12-03,0,0.525345,1
TSLA,1,close-return,5,42,2024-12-04,1,0.505770,1
TSLA,1,close-return,5,42,2024-12-05,1,0.517925,1
TSLA,1,close-return,5,42,2024-12-06,1,0.523660,1
TSLA,1,close-return,5,42,2024-12-09,1,0.527336,1
TSLA,1,close-return,5,42,2024-12-10,1,0.517456,1
TSLA,1,close-return,5,42,2024-12-11,1,0.522203,1
TSLA,1,close-return,5,42,2024-12-12,0,0.527457,1
TSLA,1,close-return,5,42,2024-12-13,1,0.510387,1
TSLA,1,close-return,5,42,2024-12-16,1,0.524857,1
TSLA,1,close-return,5,42,2024-12-17,1,0.527876,1
TSLA,1,close-return,5,42,2024-12-18,0,0.525426,1
TSLA,1,close-return,5,42,2024-12-19,0,0.582343,1
TSLA,1,close-return,5,42,2024-12-20,0,0.496141,0
TSLA,1,close-return,5,42,2024-12-23,1,0.552127,1
TSLA,1,close-return,5,42,2024-12-24,1,0.516228,1
TSLA,1,close-return,5,42,2024-12-26,0,0.530058,1
TSLA,1,close-return,5,42,2024-12-27,0,0.510848,1
TSLA,1,close-return,5,42,2024-12-30,0,0.554367,1
TSLA,1,close-return,5,42,2024-12-31,0,0.561969,1
TSLA,1,close-return,5,42,2025-01-02,0,0.564911,1
TSLA,1,close-return,5,42,2025-01-03,1,0.615075,1
TSLA,1,close-return,5,42,2025-01-06,1,0.530474,1
TSLA,1,close-return,5,42,2025-01-07,0,0.518815,1
TSLA,1,close-return,5,42,2025-01-08,1,0.513346,1
TSLA,1,close-return,5,42,2025-01-10,0,0.502118,1
TSLA,1,close-return,5,42,2025-01-13,1,0.506258,1
TSLA,1,close-return,5,42,2025-01-14,0,0.519898,1
TSLA,1,close-return,5,42,2025-01-15,1,0.498468,0
TSLA,1,close-return,5,42,2025-01-16,0,0.529579,1
TSLA,1,close-return,5,42,2025-01-17,1,0.500064,1
TSLA,1,close-return,5,42,2025-01-21,0,0.521626,1
TSLA,1,close-return,5,42,2025-01-22,0,0.509582,1
TSLA,1,close-return,5,42,2025-01-23,0,0.492003,0
TSLA,1,close-return,5,42,2025-01-24,0,0.497083,0
TSLA,1,close-return,5,42,2025-01-27,0,0.492793,0
TSLA,1,close-return,5,42,2025-01-28,1,0.504087,1
TSLA,1,close-return,5,42,2025-01-29,0,0.503596,1
TSLA,1,close-return,5,42,2025-01-30,1,0.495246,0
TSLA,1,close-return,5,42,2025-01-31,1,0.520952,1
TSLA,1,close-return,5,42,2025-02-03,0,0.517810,1
TSLA,1,close-return,5,42,2025-02-04,1,0.554069,1
TSLA,1,close-return,5,42,2025-02-05,0,0.515641,1
TSLA,1,close-return,5,42,2025-02-06,0,0.514467,1
TSLA,1,close-return,5,42,2025-02-07,0,0.492523,0
TSLA,1,close-return,5,42,2025-02-10,0,0.542668,1
TSLA,1,close-return,5,42,2025-02-11,0,0.550111,1
TSLA,1,close-return,5,42,2025-02-12,1,0.616216,1
TSLA,1,close-return,5,42,2025-02-13,1,0.512621,1
TSLA,1,close-return,5,42,2025-02-14,0,0.528919,1
TSLA,1,close-return,5,42,2025-02-18,0,0.517055,1
TSLA,1,close-return,5,42,2025-02-19,1,0.508091,1
TSLA,1,close-return,5,42,2025-02-20,0,0.518077,1
TSLA,1,close-return,5,42,2025-02-21,0,0.498417,0
TSLA,1,close-return,5,42,2025-02-24,0,0.570022,1
TSLA,1,close-return,5,42,2025-02-25,0,0.530128,1
TSLA,1,close-return,5,42,2025-02-26,0,0.630710,1
TSLA,1,close-return,5,42,2025-02-27,0,0.603288,1
TSLA,1,close-return,5,42,2025-02-28,1,0.573966,1
TSLA,1,close-return,5,42,2025-03-03,0,0.523003,1
TSLA,1,close-return,5,42,2025-03-04,0,0.492869,0
TSLA,1,close-return,5,42,2025-03-05,1,0.571447,1
TSLA,1,close-return,5,42,2025-03-06,0,0.517354,1
TSLA,1,close-return,5,42,2025-03-07,0,0.575837,1
TSLA,1,close-return,5,42,2025-03-10,0,0.493465,0
TSLA,1,close-return,5,42,2025-03-11,1,0.647560,1
TSLA,1,close-return,5,42,2025-03-12,1,0.511455,1
TSLA,1,close-return,5,42,2025-03-13,0,0.530698,1
TSLA,1,close-return,5,42,2025-03-14,1,0.502343,1
TSLA,1,close-return,5,42,2025-03-17,0,0.524015,1
TSLA,1,close-return,5,123,2024-10-21,0,0.501266,1
TSLA,1,close-return,5,123,2024-10-22,0,0.499426,0
TSLA,1,close-return,5,123,2024-10-23,0,0.499700,0
TSLA,1,close-return,5,123,2024-10-24,1,0.494900,0
TSLA,1,close-return,5,123,2024-10-25,1,0.506760,1
TSLA,1,close-return,5,123,2024-10-28,0,0.506253,1
TSLA,1,close-return,5,123,2024-10-29,0,0.503628,1
TSLA,1,close-return,5,123,2024-10-30,0,0.500616,1
TSLA,1,close-return,5,123,2024-10-31,0,0.499331,0
TSLA,1,close-return,5,123,2024-11-01,0,0.494357,0
TSLA,1,close-return,5,123,2024-11-04,0,0.496505,0
TSLA,1,close-return,5,123,2024-11-05,1,0.492865,0
TSLA,1,close-return,5,123,2024-11-06,1,0.504347,1
TSLA,1,close-return,5,123,2024-11-07,1,0.506740,1
TSLA,1,close-return,5,123,2024-11-08,1,0.505886,1
TSLA,1,close-return,5,123,2024-11-11,1,0.506019,1
TSLA,1,close-return,5,123,2024-11-12,0,0.505907,1
TSLA,1,close-return,5,123,2024-11-13,1,0.500695,1
TSLA,1,close-return,5,123,2024-11-14,0,0.501690,1
TSLA,1,close-return,5,123,2024-11-15,1,0.563409,1
TSLA,1,close-return,5,123,2024-11-18,1,0.502711,1
TSLA,1,close-return,5,123,2024-11-19,1,0.506030,1
TSLA,1,close-return,5,123,2024-11-20,0,0.505243,1
TSLA,1,close-return,5,123,2024-11-21,0,0.502197,1
TSLA,1,close-return,5,123,2024-11-22,1,0.500553,1
TSLA,1,close-return,5,123,2024-11-25,0,0.505077,1
TSLA,1,close-return,5,123,2024-11-26,0,0.494471,0
TSLA,1,close-return,5,123,2024-11-27,0,0.498625,0
TSLA,1,close-return,5,123,2024-11-29,1,0.495711,0
TSLA,1,close-return,5,123,2024-12-02,1,0.504755,1
TSLA,1,close-return,5,123,2024-12-03,0,0.505399,1
TSLA,1,close-return,5,123,2024-12-04,1,0.501667,1
TSLA,1,close-return,5,123,2024-12-05,1,0.503870,1
TSLA,1,close-return,5,123,2024-12-06,1,0.505129,1
TSLA,1,close-return,5,123,2024-12-09,1,0.505887,1
TSLA,1,close-return,5,123,2024-12-10,1,0.504250,1
TSLA,1,close-return,5,123,2024-12-11,1,0.504975,1
TSLA,1,close-return,5,123,2024-12-12,0,0.505925,1
TSLA,1,close-return,5,123,2024-12-13,1,0.503049,1
TSLA,1,close-return,5,123,2024-12-16,1,0.505451,1
TSLA,1,close-return,5,123,2024-12-17,1,0.506020,1
TSLA,1,close-return,5,123,2024-12-18,0,0.505600,1
TSLA,1,close-return,5,123,2024-12-19,0,0.571853,1
TSLA,1,close-return,5,123,2024-12-20,0,0.494266,0
TSLA,1,close-return,5,123,2024-12-23,1,0.515475,1
TSLA,1,close-return,5,123,2024-12-24,1,0.501919,1
TSLA,1,close-return,5,123,2024-12-26,0,0.506366,1
TSLA,1,close-return,5,123,2024-12-27,0,0.503074,1
TSLA,1,close-return,5,123,2024-12-30,0,0.517667,1
TSLA,1,close-return,5,123,2024-12-31,0,0.527586,1
TSLA,1,close-return,5,123,2025-01-02,0,0.527091,1
TSLA,1,close-return,5,123,2025-01-03,1,0.592988,1
TSLA,1,close-return,5,123,2025-01-06,1,0.506208,1
TSLA,1,close-return,5,123,2025-01-07,0,0.504184,1
TSLA,1,close-return,5,123,2025-01-08,1,0.494502,0
TSLA,1,close-return,5,123,2025-01-10,0,0.498762,0
TSLA,1,close-return,5,123,2025-01-13,1,0.500468,1
TSLA,1,close-return,5,123,2025-01-14,0,0.503885,1
TSLA,1,close-return,5,123,2025-01-15,1,0.499074,0
TSLA,1,close-return,5,123,2025-01-16,0,0.506341,1
TSLA,1,close-return,5,123,2025-01-17,1,0.500700,1
TSLA,1,close-return,5,123,2025-01-21,0,0.504757,1
TSLA,1,close-return,5,123,2025-01-22,0,0.502236,1
TSLA,1,close-return,5,123,2025-01-23,0,0.496416,0
TSLA,1,close-return,5,123,2025-01-24,0,0.497581,0
TSLA,1,close-return,5,123,2025-01-27,0,0.495982,0
TSLA,1,close-return,5,123,2025-01-28,1,0.492922,0
TSLA,1,close-return,5,123,2025-01-29,0,0.498990,0
TSLA,1,close-return,5,123,2025-01-30,1,0.493696,0
TSLA,1,close-return,5,123,2025-01-31,1,0.503892,1
TSLA,1,close-return,5,123,2025-02-03,0,0.503725,1
TSLA,1,close-return,5,123,2025-02-04,1,0.512427,1
TSLA,1,close-return,5,123,2025-02-05,0,0.502313,1
TSLA,1,close-return,5,123,2025-02-06,0,0.494133,0
TSLA,1,close-return,5,123,2025-02-07,0,0.494347,0
TSLA,1,close-return,5,123,2025-02-10,0,0.503168,1
TSLA,1,close-return,5,123,2025-02-11,0,0.510008,1
TSLA,1,close-return,5,123,2025-02-12,1,0.596422,1
TSLA,1,close-return,5,123,2025-02-13,1,0.499551,0
TSLA,1,close-return,5,123,2025-02-14,0,0.506001,1
TSLA,1,close-return,5,123,2025-02-18,0,0.503979,1
TSLA,1,close-return,5,123,2025-02-19,1,0.501920,1
TSLA,1,close-return,5,123,2025-02-20,0,0.503925,1
TSLA,1,close-return,5,123,2025-02-21,0,0.499264,0
TSLA,1,close-return,5,123,2025-02-24,0,0.529153,1
TSLA,1,close-return,5,123,2025-02-25,0,0.500261,1
TSLA,1,close-return,5,123,2025-02-26,0,0.619882,1
TSLA,1,close-return,5,123,2025-02-27,0,0.581785,1
TSLA,1,close-return,5,123,2025-02-28,1,0.539735,1
TSLA,1,close-return,5,123,2025-03-03,0,0.503531,1
TSLA,1,close-return,5,123,2025-03-04,0,0.494691,0
TSLA,1,close-return,5,123,2025-03-05,1,0.530986,1
TSLA,1,close-return,5,123,2025-03-06,0,0.502425,1
TSLA,1,close-return,5,123,2025-03-07,0,0.539198,1
TSLA,1,close-return,5,123,2025-03-10,0,0.494058,0
TSLA,1,close-return,5,123,2025-03-11,1,0.640017,1
TSLA,1,close-return,5,123,2025-03-12,1,0.495753,0
TSLA,1,close-return,5,123,2025-03-13,0,0.506592,1
TSLA,1,close-return,5,123,2025-03-14,1,0.500410,1
TSLA,1,close-return,5,123,2025-03-17,0,0.505236,1
TSLA,1,close-return,5,2026,2024-10-21,0,0.514555,1
TSLA,1,close-return,5,2026,2024-10-22,0,0.516791,1
TSLA,1,close-return,5,2026,2024-10-23,0,0.516706,1
TSLA,1,close-return,5,2026,2024-10-24,1,0.521379,1
TSLA,1,close-return,5,2026,2024-10-25,1,0.503542,1
TSLA,1,close-return,5,2026,2024-10-28,0,0.505652,1
TSLA,1,close-return,5,2026,2024-10-29,0,0.511508,1
TSLA,1,close-return,5,2026,2024-10-30,0,0.515331,1
TSLA,1,close-return,5,2026,2024-10-31,0,0.516753,1
TSLA,1,close-return,5,2026,2024-11-01,0,0.525548,1
TSLA,1,close-return,5,2026,2024-11-04,0,0.520831,1
TSLA,1,close-return,5,2026,2024-11-05,1,0.524656,1
TSLA,1,close-return,5,2026,2024-11-06,1,0.511333,1
TSLA,1,close-return,5,2026,2024-11-07,1,0.504056,1
TSLA,1,close-return,5,2026,2024-11-08,1,0.506136,1
TSLA,1,close-return,5,2026,2024-11-11,1,0.504951,1
TSLA,1,close-return,5,2026,2024-11-12,0,0.504293,1
TSLA,1,close-return,5,2026,2024-11-13,1,0.516175,1
TSLA,1,close-return,5,2026,2024-11-14,0,0.514940,1
TSLA,1,close-return,5,2026,2024-11-15,1,0.532225,1
TSLA,1,close-return,5,2026,2024-11-18,1,0.515633,1
TSLA,1,close-return,5,2026,2024-11-19,1,0.507601,1
TSLA,1,close-return,5,2026,2024-11-20,0,0.508192,1
TSLA,1,close-return,5,2026,2024-11-21,0,0.512679,1
TSLA,1,close-return,5,2026,2024-11-22,1,0.514915,1
TSLA,1,close-return,5,2026,2024-11-25,0,0.509161,1
TSLA,1,close-return,5,2026,2024-11-26,0,0.522332,1
TSLA,1,close-return,5,2026,2024-11-27,0,0.518557,1
TSLA,1,close-return,5,2026,2024-11-29,1,0.520911,1
TSLA,1,close-return,5,2026,2024-12-02,1,0.510242,1
TSLA,1,close-return,5,2026,2024-12-03,0,0.508201,1
TSLA,1,close-return,5,2026,2024-12-04,1,0.513579,1
TSLA,1,close-return,5,2026,2024-12-05,1,0.510856,1
TSLA,1,close-return,5,2026,2024-12-06,1,0.508629,1
TSLA,1,close-return,5,2026,2024-12-09,1,0.506863,1
TSLA,1,close-return,5,2026,2024-12-10,1,0.509509,1
TSLA,1,close-return,5,2026,2024-12-11,1,0.508564,1
TSLA,1,close-return,5,2026,2024-12-12,0,0.506637,1
TSLA,1,close-return,5,2026,2024-12-13,1,0.511396,1
TSLA,1,close-return,5,2026,2024-12-16,1,0.508166,1
TSLA,1,close-return,5,2026,2024-12-17,1,0.506390,1
TSLA,1,close-return,5,2026,2024-12-18,0,0.506899,1
TSLA,1,close-return,5,2026,2024-12-19,0,0.531639,1
TSLA,1,close-return,5,2026,2024-12-20,0,0.525563,1
TSLA,1,close-return,5,2026,2024-12-23,1,0.530035,1
TSLA,1,close-return,5,2026,2024-12-24,1,0.516173,1
TSLA,1,close-return,5,2026,2024-12-26,0,0.506669,1
TSLA,1,close-return,5,2026,2024-12-27,0,0.512164,1
TSLA,1,close-return,5,2026,2024-12-30,0,0.528030,1
TSLA,1,close-return,5,2026,2024-12-31,0,0.530186,1
TSLA,1,close-return,5,2026,2025-01-02,0,0.531178,1
TSLA,1,close-return,5,2026,2025-01-03,1,0.537045,1
TSLA,1,close-return,5,2026,2025-01-06,1,0.510205,1
TSLA,1,close-return,5,2026,2025-01-07,0,0.511769,1
TSLA,1,close-return,5,2026,2025-01-08,1,0.524941,1
TSLA,1,close-return,5,2026,2025-01-10,0,0.518622,1
TSLA,1,close-return,5,2026,2025-01-13,1,0.516132,1
TSLA,1,close-return,5,2026,2025-01-14,0,0.511312,1
TSLA,1,close-return,5,2026,2025-01-15,1,0.517227,1
TSLA,1,close-return,5,2026,2025-01-16,0,0.506801,1
TSLA,1,close-return,5,2026,2025-01-17,1,0.516032,1
TSLA,1,close-return,5,2026,2025-01-21,0,0.510049,1
TSLA,1,close-return,5,2026,2025-01-22,0,0.513299,1
TSLA,1,close-return,5,2026,2025-01-23,0,0.519614,1
TSLA,1,close-return,5,2026,2025-01-24,0,0.519210,1
TSLA,1,close-return,5,2026,2025-01-27,0,0.520534,1
TSLA,1,close-return,5,2026,2025-01-28,1,0.524431,1
TSLA,1,close-return,5,2026,2025-01-29,0,0.518370,1
TSLA,1,close-return,5,2026,2025-01-30,1,0.522881,1
TSLA,1,close-return,5,2026,2025-01-31,1,0.511876,1
TSLA,1,close-return,5,2026,2025-02-03,0,0.511211,1
TSLA,1,close-return,5,2026,2025-02-04,1,0.528038,1
TSLA,1,close-return,5,2026,2025-02-05,0,0.515089,1
TSLA,1,close-return,5,2026,2025-02-06,0,0.525468,1
TSLA,1,close-return,5,2026,2025-02-07,0,0.522755,1
TSLA,1,close-return,5,2026,2025-02-10,0,0.528457,1
TSLA,1,close-return,5,2026,2025-02-11,0,0.529421,1
TSLA,1,close-return,5,2026,2025-02-12,1,0.536988,1
TSLA,1,close-return,5,2026,2025-02-13,1,0.520558,1
TSLA,1,close-return,5,2026,2025-02-14,0,0.507966,1
TSLA,1,close-return,5,2026,2025-02-18,0,0.510717,1
TSLA,1,close-return,5,2026,2025-02-19,1,0.513419,1
TSLA,1,close-return,5,2026,2025-02-20,0,0.510648,1
TSLA,1,close-return,5,2026,2025-02-21,0,0.516622,1
TSLA,1,close-return,5,2026,2025-02-24,0,0.529946,1
TSLA,1,close-return,5,2026,2025-02-25,0,0.528135,1
TSLA,1,close-return,5,2026,2025-02-26,0,0.539572,1
TSLA,1,close-return,5,2026,2025-02-27,0,0.537027,1
TSLA,1,close-return,5,2026,2025-02-28,1,0.533850,1
TSLA,1,close-return,5,2026,2025-03-03,0,0.514472,1
TSLA,1,close-return,5,2026,2025-03-04,0,0.522750,1
TSLA,1,close-return,5,2026,2025-03-05,1,0.530814,1
TSLA,1,close-return,5,2026,2025-03-06,0,0.515327,1
TSLA,1,close-return,5,2026,2025-03-07,0,0.531588,1
TSLA,1,close-return,5,2026,2025-03-10,0,0.523960,1
TSLA,1,close-return,5,2026,2025-03-11,1,0.544328,1
TSLA,1,close-return,5,2026,2025-03-12,1,0.531239,1
TSLA,1,close-return,5,2026,2025-03-13,0,0.508073,1
TSLA,1,close-return,5,2026,2025-03-14,1,0.518082,1
TSLA,1,close-return,5,2026,2025-03-17,0,0.509309,1
TSLA,1,close-return,20,42,2024-10-21,0,0.503981,1
TSLA,1,close-return,20,42,2024-10-22,0,0.499643,0
TSLA,1,close-return,20,42,2024-10-23,0,0.501375,1
TSLA,1,close-return,20,42,2024-10-24,1,0.492812,0
TSLA,1,close-return,20,42,2024-10-25,1,0.531750,1
TSLA,1,close-return,20,42,2024-10-28,0,0.537020,1
TSLA,1,close-return,20,42,2024-10-29,0,0.535772,1
TSLA,1,close-return,20,42,2024-10-30,0,0.529258,1
TSLA,1,close-return,20,42,2024-10-31,0,0.522368,1
TSLA,1,close-return,20,42,2024-11-01,0,0.525361,1
TSLA,1,close-return,20,42,2024-11-04,0,0.500493,1
TSLA,1,close-return,20,42,2024-11-05,1,0.508526,1
TSLA,1,close-return,20,42,2024-11-06,1,0.519911,1
TSLA,1,close-return,20,42,2024-11-07,1,0.533407,1
TSLA,1,close-return,20,42,2024-11-08,1,0.537589,1
TSLA,1,close-return,20,42,2024-11-11,1,0.540666,1
TSLA,1,close-return,20,42,2024-11-12,0,0.542732,1
TSLA,1,close-return,20,42,2024-11-13,1,0.531066,1
TSLA,1,close-return,20,42,2024-11-14,0,0.539031,1
TSLA,1,close-return,20,42,2024-11-15,1,0.588896,1
TSLA,1,close-return,20,42,2024-11-18,1,0.527291,1
TSLA,1,close-return,20,42,2024-11-19,1,0.534819,1
TSLA,1,close-return,20,42,2024-11-20,0,0.535505,1
TSLA,1,close-return,20,42,2024-11-21,0,0.527659,1
TSLA,1,close-return,20,42,2024-11-22,1,0.519975,1
TSLA,1,close-return,20,42,2024-11-25,0,0.533519,1
TSLA,1,close-return,20,42,2024-11-26,0,0.510206,1
TSLA,1,close-return,20,42,2024-11-27,0,0.507212,1
TSLA,1,close-return,20,42,2024-11-29,1,0.496651,0
TSLA,1,close-return,20,42,2024-12-02,1,0.524350,1
TSLA,1,close-return,20,42,2024-12-03,0,0.529987,1
TSLA,1,close-return,20,42,2024-12-04,1,0.518589,1
TSLA,1,close-return,20,42,2024-12-05,1,0.527412,1
TSLA,1,close-return,20,42,2024-12-06,1,0.532903,1
TSLA,1,close-return,20,42,2024-12-09,1,0.536925,1
TSLA,1,close-return,20,42,2024-12-10,1,0.536069,1
TSLA,1,close-return,20,42,2024-12-11,1,0.538656,1
TSLA,1,close-return,20,42,2024-12-12,0,0.540581,1
TSLA,1,close-return,20,42,2024-12-13,1,0.536522,1
TSLA,1,close-return,20,42,2024-12-16,1,0.541162,1
TSLA,1,close-return,20,42,2024-12-17,1,0.541724,1
TSLA,1,close-return,20,42,2024-12-18,0,0.542992,1
TSLA,1,close-return,20,42,2024-12-19,0,0.583159,1
TSLA,1,close-return,20,42,2024-12-20,0,0.516799,1
TSLA,1,close-return,20,42,2024-12-23,1,0.556418,1
TSLA,1,close-return,20,42,2024-12-24,1,0.512343,1
TSLA,1,close-return,20,42,2024-12-26,0,0.530782,1
TSLA,1,close-return,20,42,2024-12-27,0,0.522117,1
TSLA,1,close-return,20,42,2024-12-30,0,0.554525,1
TSLA,1,close-return,20,42,2024-12-31,0,0.558586,1
TSLA,1,close-return,20,42,2025-01-02,0,0.555828,1
TSLA,1,close-return,20,42,2025-01-03,1,0.596063,1
TSLA,1,close-return,20,42,2025-01-06,1,0.518063,1
TSLA,1,close-return,20,42,2025-01-07,0,0.512777,1
TSLA,1,close-return,20,42,2025-01-08,1,0.510540,1
TSLA,1,close-return,20,42,2025-01-10,0,0.497297,0
TSLA,1,close-return,20,42,2025-01-13,1,0.502034,1
TSLA,1,close-return,20,42,2025-01-14,0,0.517592,1
TSLA,1,close-return,20,42,2025-01-15,1,0.501467,1
TSLA,1,close-return,20,42,2025-01-16,0,0.531293,1
TSLA,1,close-return,20,42,2025-01-17,1,0.513752,1
TSLA,1,close-return,20,42,2025-01-21,0,0.530055,1
TSLA,1,close-return,20,42,2025-01-22,0,0.523067,1
TSLA,1,close-return,20,42,2025-01-23,0,0.503478,1
TSLA,1,close-return,20,42,2025-01-24,0,0.502788,1
TSLA,1,close-return,20,42,2025-01-27,0,0.495704,0
TSLA,1,close-return,20,42,2025-01-28,1,0.505355,1
TSLA,1,close-return,20,42,2025-01-29,0,0.498305,0
TSLA,1,close-return,20,42,2025-01-30,1,0.494979,0
TSLA,1,close-return,20,42,2025-01-31,1,0.515105,1
TSLA,1,close-return,20,42,2025-02-03,0,0.517233,1
TSLA,1,close-return,20,42,2025-02-04,1,0.548197,1
TSLA,1,close-return,20,42,2025-02-05,0,0.510507,1
TSLA,1,close-return,20,42,2025-02-06,0,0.513159,1
TSLA,1,close-return,20,42,2025-02-07,0,0.490624,0
TSLA,1,close-return,20,42,2025-02-10,0,0.533961,1
TSLA,1,close-return,20,42,2025-02-11,0,0.539273,1
TSLA,1,close-return,20,42,2025-02-12,1,0.594903,1
TSLA,1,close-return,20,42,2025-02-13,1,0.495014,0
TSLA,1,close-return,20,42,2025-02-14,0,0.519754,1
TSLA,1,close-return,20,42,2025-02-18,0,0.515028,1
TSLA,1,close-return,20,42,2025-02-19,1,0.511006,1
TSLA,1,close-return,20,42,2025-02-20,0,0.521855,1
TSLA,1,close-return,20,42,2025-02-21,0,0.506200,1
TSLA,1,close-return,20,42,2025-02-24,0,0.562811,1
TSLA,1,close-return,20,42,2025-02-25,0,0.527832,1
TSLA,1,close-return,20,42,2025-02-26,0,0.612976,1
TSLA,1,close-return,20,42,2025-02-27,0,0.581430,1
TSLA,1,close-return,20,42,2025-02-28,1,0.552265,1
TSLA,1,close-return,20,42,2025-03-03,0,0.503216,1
TSLA,1,close-return,20,42,2025-03-04,0,0.488494,0
TSLA,1,close-return,20,42,2025-03-05,1,0.552169,1
TSLA,1,close-return,20,42,2025-03-06,0,0.502378,1
TSLA,1,close-return,20,42,2025-03-07,0,0.557966,1
TSLA,1,close-return,20,42,2025-03-10,0,0.487799,0
TSLA,1,close-return,20,42,2025-03-11,1,0.628983,1
TSLA,1,close-return,20,42,2025-03-12,1,0.491174,0
TSLA,1,close-return,20,42,2025-03-13,0,0.518344,1
TSLA,1,close-return,20,42,2025-03-14,1,0.497378,0
TSLA,1,close-return,20,42,2025-03-17,0,0.521117,1
TSLA,1,close-return,20,123,2024-10-21,0,0.501049,1
TSLA,1,close-return,20,123,2024-10-22,0,0.499476,0
TSLA,1,close-return,20,123,2024-10-23,0,0.499915,0
TSLA,1,close-return,20,123,2024-10-24,1,0.495328,0
TSLA,1,close-return,20,123,2024-10-25,1,0.509641,1
TSLA,1,close-return,20,123,2024-10-28,0,0.509755,1
TSLA,1,close-return,20,123,2024-10-29,0,0.508352,1
TSLA,1,close-return,20,123,2024-10-30,0,0.506537,1
TSLA,1,close-return,20,123,2024-10-31,0,0.503741,1
TSLA,1,close-return,20,123,2024-11-01,0,0.502761,1
TSLA,1,close-return,20,123,2024-11-04,0,0.498238,0
TSLA,1,close-return,20,123,2024-11-05,1,0.494246,0
TSLA,1,close-return,20,123,2024-11-06,1,0.505218,1
TSLA,1,close-return,20,123,2024-11-07,1,0.509536,1
TSLA,1,close-return,20,123,2024-11-08,1,0.509212,1
TSLA,1,close-return,20,123,2024-11-11,1,0.509636,1
TSLA,1,close-return,20,123,2024-11-12,0,0.509793,1
TSLA,1,close-return,20,123,2024-11-13,1,0.514358,1
TSLA,1,close-return,20,123,2024-11-14,0,0.507386,1
TSLA,1,close-return,20,123,2024-11-15,1,0.573564,1
TSLA,1,close-return,20,123,2024-11-18,1,0.504840,1
TSLA,1,close-return,20,123,2024-11-19,1,0.508333,1
TSLA,1,close-return,20,123,2024-11-20,0,0.507778,1
TSLA,1,close-return,20,123,2024-11-21,0,0.505034,1
TSLA,1,close-return,20,123,2024-11-22,1,0.503252,1
TSLA,1,close-return,20,123,2024-11-25,0,0.507374,1
TSLA,1,close-return,20,123,2024-11-26,0,0.501000,1
TSLA,1,close-return,20,123,2024-11-27,0,0.500443,1
TSLA,1,close-return,20,123,2024-11-29,1,0.497101,0
TSLA,1,close-return,20,123,2024-12-02,1,0.506103,1
TSLA,1,close-return,20,123,2024-12-03,0,0.507402,1
TSLA,1,close-return,20,123,2024-12-04,1,0.503807,1
TSLA,1,close-return,20,123,2024-12-05,1,0.505925,1
TSLA,1,close-return,20,123,2024-12-06,1,0.507479,1
TSLA,1,close-return,20,123,2024-12-09,1,0.508671,1
TSLA,1,close-return,20,123,2024-12-10,1,0.507271,1
TSLA,1,close-return,20,123,2024-12-11,1,0.507974,1
TSLA,1,close-return,20,123,2024-12-12,0,0.509071,1
TSLA,1,close-return,20,123,2024-12-13,1,0.506837,1
TSLA,1,close-return,20,123,2024-12-16,1,0.508543,1
TSLA,1,close-return,20,123,2024-12-17,1,0.509249,1
TSLA,1,close-return,20,123,2024-12-18,0,0.509002,1
TSLA,1,close-return,20,123,2024-12-19,0,0.577827,1
TSLA,1,close-return,20,123,2024-12-20,0,0.502303,1
TSLA,1,close-return,20,123,2024-12-23,1,0.520155,1
TSLA,1,close-return,20,123,2024-12-24,1,0.502506,1
TSLA,1,close-return,20,123,2024-12-26,0,0.508346,1
TSLA,1,close-return,20,123,2024-12-27,0,0.504992,1
TSLA,1,close-return,20,123,2024-12-30,0,0.526362,1
TSLA,1,close-return,20,123,2024-12-31,0,0.532301,1
TSLA,1,close-return,20,123,2025-01-02,0,0.528152,1
TSLA,1,close-return,20,123,2025-01-03,1,0.597552,1
TSLA,1,close-return,20,123,2025-01-06,1,0.506324,1
TSLA,1,close-return,20,123,2025-01-07,0,0.504407,1
TSLA,1,close-return,20,123,2025-01-08,1,0.496032,0
TSLA,1,close-return,20,123,2025-01-10,0,0.498061,0
TSLA,1,close-return,20,123,2025-01-13,1,0.500017,1
TSLA,1,close-return,20,123,2025-01-14,0,0.504761,1
TSLA,1,close-return,20,123,2025-01-15,1,0.499910,0
TSLA,1,close-return,20,123,2025-01-16,0,0.508519,1
TSLA,1,close-return,20,123,2025-01-17,1,0.503406,1
TSLA,1,close-return,20,123,2025-01-21,0,0.506917,1
TSLA,1,close-return,20,123,2025-01-22,0,0.504509,1
TSLA,1,close-return,20,123,2025-01-23,0,0.499754,0
TSLA,1,close-return,20,123,2025-01-24,0,0.499373,0
TSLA,1,close-return,20,123,2025-01-27,0,0.496969,0
TSLA,1,close-return,20,123,2025-01-28,1,0.493765,0
TSLA,1,close-return,20,123,2025-01-29,0,0.498640,0
TSLA,1,close-return,20,123,2025-01-30,1,0.493210,0
TSLA,1,close-return,20,123,2025-01-31,1,0.504330,1
TSLA,1,close-return,20,123,2025-02-03,0,0.504673,1
TSLA,1,close-return,20,123,2025-02-04,1,0.516670,1
TSLA,1,close-return,20,123,2025-02-05,0,0.502600,1
TSLA,1,close-return,20,123,2025-02-06,0,0.494972,0
TSLA,1,close-return,20,123,2025-02-07,0,0.493587,0
TSLA,1,close-return,20,123,2025-02-10,0,0.502336,1
TSLA,1,close-return,20,123,2025-02-11,0,0.508607,1
TSLA,1,close-return,20,123,2025-02-12,1,0.597222,1
TSLA,1,close-return,20,123,2025-02-13,1,0.496496,0
TSLA,1,close-return,20,123,2025-02-14,0,0.506582,1
TSLA,1,close-return,20,123,2025-02-18,0,0.504767,1
TSLA,1,close-return,20,123,2025-02-19,1,0.502906,1
TSLA,1,close-return,20,123,2025-02-20,0,0.505423,1
TSLA,1,close-return,20,123,2025-02-21,0,0.501043,1
TSLA,1,close-return,20,123,2025-02-24,0,0.534410,1
TSLA,1,close-return,20,123,2025-02-25,0,0.500433,1
TSLA,1,close-return,20,123,2025-02-26,0,0.624311,1
TSLA,1,close-return,20,123,2025-02-27,0,0.581725,1
TSLA,1,close-return,20,123,2025-02-28,1,0.536067,1
TSLA,1,close-return,20,123,2025-03-03,0,0.501291,1
TSLA,1,close-return,20,123,2025-03-04,0,0.491350,0
TSLA,1,close-return,20,123,2025-03-05,1,0.528291,1
TSLA,1,close-return,20,123,2025-03-06,0,0.500683,1
TSLA,1,close-return,20,123,2025-03-07,0,0.537020,1
TSLA,1,close-return,20,123,2025-03-10,0,0.491138,0
TSLA,1,close-return,20,123,2025-03-11,1,0.641268,1
TSLA,1,close-return,20,123,2025-03-12,1,0.491528,0
TSLA,1,close-return,20,123,2025-03-13,0,0.506549,1
TSLA,1,close-return,20,123,2025-03-14,1,0.498891,0
TSLA,1,close-return,20,123,2025-03-17,0,0.506181,1
TSLA,1,close-return,20,2026,2024-10-21,0,0.514588,1
TSLA,1,close-return,20,2026,2024-10-22,0,0.516715,1
TSLA,1,close-return,20,2026,2024-10-23,0,0.516507,1
TSLA,1,close-return,20,2026,2024-10-24,1,0.520855,1
TSLA,1,close-return,20,2026,2024-10-25,1,0.504457,1
TSLA,1,close-return,20,2026,2024-10-28,0,0.507957,1
TSLA,1,close-return,20,2026,2024-10-29,0,0.516299,1
TSLA,1,close-return,20,2026,2024-10-30,0,0.519089,1
TSLA,1,close-return,20,2026,2024-10-31,0,0.519218,1
TSLA,1,close-return,20,2026,2024-11-01,0,0.525466,1
TSLA,1,close-return,20,2026,2024-11-04,0,0.520061,1
TSLA,1,close-return,20,2026,2024-11-05,1,0.523798,1
TSLA,1,close-return,20,2026,2024-11-06,1,0.510977,1
TSLA,1,close-return,20,2026,2024-11-07,1,0.504816,1
TSLA,1,close-return,20,2026,2024-11-08,1,0.508367,1
TSLA,1,close-return,20,2026,2024-11-11,1,0.507276,1
TSLA,1,close-return,20,2026,2024-11-12,0,0.506900,1
TSLA,1,close-return,20,2026,2024-11-13,1,0.522679,1
TSLA,1,close-return,20,2026,2024-11-14,0,0.518834,1
TSLA,1,close-return,20,2026,2024-11-15,1,0.533205,1
TSLA,1,close-return,20,2026,2024-11-18,1,0.515722,1
TSLA,1,close-return,20,2026,2024-11-19,1,0.508626,1
TSLA,1,close-return,20,2026,2024-11-20,0,0.510034,1
TSLA,1,close-return,20,2026,2024-11-21,0,0.515133,1
TSLA,1,close-return,20,2026,2024-11-22,1,0.517148,1
TSLA,1,close-return,20,2026,2024-11-25,0,0.510686,1
TSLA,1,close-return,20,2026,2024-11-26,0,0.523385,1
TSLA,1,close-return,20,2026,2024-11-27,0,0.518777,1
TSLA,1,close-return,20,2026,2024-11-29,1,0.520768,1
TSLA,1,close-return,20,2026,2024-12-02,1,0.510496,1
TSLA,1,close-return,20,2026,2024-12-03,0,0.509107,1
TSLA,1,close-return,20,2026,2024-12-04,1,0.515396,1
TSLA,1,close-return,20,2026,2024-12-05,1,0.512382,1
TSLA,1,close-return,20,2026,2024-12-06,1,0.510236,1
TSLA,1,close-return,20,2026,2024-12-09,1,0.508612,1
TSLA,1,close-return,20,2026,2024-12-10,1,0.512500,1
TSLA,1,close-return,20,2026,2024-12-11,1,0.511346,1
TSLA,1,close-return,20,2026,2024-12-12,0,0.509000,1
TSLA,1,close-return,20,2026,2024-12-13,1,0.515298,1
TSLA,1,close-return,20,2026,2024-12-16,1,0.511048,1
TSLA,1,close-return,20,2026,2024-12-17,1,0.508878,1
TSLA,1,close-return,20,2026,2024-12-18,0,0.509995,1
TSLA,1,close-return,20,2026,2024-12-19,0,0.533867,1
TSLA,1,close-return,20,2026,2024-12-20,0,0.526484,1
TSLA,1,close-return,20,2026,2024-12-23,1,0.529298,1
TSLA,1,close-return,20,2026,2024-12-24,1,0.514872,1
TSLA,1,close-return,20,2026,2024-12-26,0,0.507041,1
TSLA,1,close-return,20,2026,2024-12-27,0,0.513961,1
TSLA,1,close-return,20,2026,2024-12-30,0,0.528911,1
TSLA,1,close-return,20,2026,2024-12-31,0,0.529657,1
TSLA,1,close-return,20,2026,2025-01-02,0,0.529332,1
TSLA,1,close-return,20,2026,2025-01-03,1,0.534580,1
TSLA,1,close-return,20,2026,2025-01-06,1,0.508461,1
TSLA,1,close-return,20,2026,2025-01-07,0,0.511178,1
TSLA,1,close-return,20,2026,2025-01-08,1,0.524656,1
TSLA,1,close-return,20,2026,2025-01-10,0,0.518038,1
TSLA,1,close-return,20,2026,2025-01-13,1,0.515914,1
TSLA,1,close-return,20,2026,2025-01-14,0,0.511009,1
TSLA,1,close-return,20,2026,2025-01-15,1,0.517282,1
TSLA,1,close-return,20,2026,2025-01-16,0,0.507425,1
TSLA,1,close-return,20,2026,2025-01-17,1,0.518113,1
TSLA,1,close-return,20,2026,2025-01-21,0,0.511576,1
TSLA,1,close-return,20,2026,2025-01-22,0,0.514951,1
TSLA,1,close-return,20,2026,2025-01-23,0,0.520777,1
TSLA,1,close-return,20,2026,2025-01-24,0,0.519111,1
TSLA,1,close-return,20,2026,2025-01-27,0,0.520367,1
TSLA,1,close-return,20,2026,2025-01-28,1,0.523477,1
TSLA,1,close-return,20,2026,2025-01-29,0,0.517318,1
TSLA,1,close-return,20,2026,2025-01-30,1,0.521878,1
TSLA,1,close-return,20,2026,2025-01-31,1,0.511318,1
TSLA,1,close-return,20,2026,2025-02-03,0,0.511390,1
TSLA,1,close-return,20,2026,2025-02-04,1,0.528090,1
TSLA,1,close-return,20,2026,2025-02-05,0,0.514660,1
TSLA,1,close-return,20,2026,2025-02-06,0,0.524907,1
TSLA,1,close-return,20,2026,2025-02-07,0,0.521391,1
TSLA,1,close-return,20,2026,2025-02-10,0,0.526726,1
TSLA,1,close-return,20,2026,2025-02-11,0,0.527451,1
TSLA,1,close-return,20,2026,2025-02-12,1,0.534509,1
TSLA,1,close-return,20,2026,2025-02-13,1,0.517534,1
TSLA,1,close-return,20,2026,2025-02-14,0,0.506845,1
TSLA,1,close-return,20,2026,2025-02-18,0,0.510797,1
TSLA,1,close-return,20,2026,2025-02-19,1,0.514170,1
TSLA,1,close-return,20,2026,2025-02-20,0,0.511616,1
TSLA,1,close-return,20,2026,2025-02-21,0,0.517657,1
TSLA,1,close-return,20,2026,2025-02-24,0,0.529522,1
TSLA,1,close-return,20,2026,2025-02-25,0,0.526699,1
TSLA,1,close-return,20,2026,2025-02-26,0,0.537683,1
TSLA,1,close-return,20,2026,2025-02-27,0,0.533721,1
TSLA,1,close-return,20,2026,2025-02-28,1,0.529806,1
TSLA,1,close-return,20,2026,2025-03-03,0,0.511439,1
TSLA,1,close-return,20,2026,2025-03-04,0,0.520359,1
TSLA,1,close-return,20,2026,2025-03-05,1,0.528782,1
TSLA,1,close-return,20,2026,2025-03-06,0,0.513632,1
TSLA,1,close-return,20,2026,2025-03-07,0,0.529892,1
TSLA,1,close-return,20,2026,2025-03-10,0,0.521448,1
TSLA,1,close-return,20,2026,2025-03-11,1,0.542548,1
TSLA,1,close-return,20,2026,2025-03-12,1,0.526784,1
TSLA,1,close-return,20,2026,2025-03-13,0,0.506003,1
TSLA,1,close-return,20,2026,2025-03-14,1,0.517007,1
TSLA,1,close-return,20,2026,2025-03-17,0,0.508818,1
TSLA,1,ohlcv,5,42,2024-10-21,0,0.450591,0
TSLA,1,ohlcv,5,42,2024-10-22,0,0.454163,0
TSLA,1,ohlcv,5,42,2024-10-23,0,0.444168,0
TSLA,1,ohlcv,5,42,2024-10-24,1,0.464324,0
TSLA,1,ohlcv,5,42,2024-10-25,1,0.488928,0
TSLA,1,ohlcv,5,42,2024-10-28,0,0.469355,0
TSLA,1,ohlcv,5,42,2024-10-29,0,0.460943,0
TSLA,1,ohlcv,5,42,2024-10-30,0,0.456463,0
TSLA,1,ohlcv,5,42,2024-10-31,0,0.500440,1
TSLA,1,ohlcv,5,42,2024-11-01,0,0.464909,0
TSLA,1,ohlcv,5,42,2024-11-04,0,0.460438,0
TSLA,1,ohlcv,5,42,2024-11-05,1,0.518643,1
TSLA,1,ohlcv,5,42,2024-11-06,1,0.501759,1
TSLA,1,ohlcv,5,42,2024-11-07,1,0.496291,0
TSLA,1,ohlcv,5,42,2024-11-08,1,0.497739,0
TSLA,1,ohlcv,5,42,2024-11-11,1,0.513399,1
TSLA,1,ohlcv,5,42,2024-11-12,0,0.520412,1
TSLA,1,ohlcv,5,42,2024-11-13,1,0.547492,1
TSLA,1,ohlcv,5,42,2024-11-14,0,0.542111,1
TSLA,1,ohlcv,5,42,2024-11-15,1,0.514366,1
TSLA,1,ohlcv,5,42,2024-11-18,1,0.494652,0
TSLA,1,ohlcv,5,42,2024-11-19,1,0.512208,1
TSLA,1,ohlcv,5,42,2024-11-20,0,0.498570,0
TSLA,1,ohlcv,5,42,2024-11-21,0,0.499533,0
TSLA,1,ohlcv,5,42,2024-11-22,1,0.501188,1
TSLA,1,ohlcv,5,42,2024-11-25,0,0.533452,1
TSLA,1,ohlcv,5,42,2024-11-26,0,0.477948,0
TSLA,1,ohlcv,5,42,2024-11-27,0,0.494303,0
TSLA,1,ohlcv,5,42,2024-11-29,1,0.470888,0
TSLA,1,ohlcv,5,42,2024-12-02,1,0.462147,0
TSLA,1,ohlcv,5,42,2024-12-03,0,0.463291,0
TSLA,1,ohlcv,5,42,2024-12-04,1,0.446521,0
TSLA,1,ohlcv,5,42,2024-12-05,1,0.446494,0
TSLA,1,ohlcv,5,42,2024-12-06,1,0.475649,0
TSLA,1,ohlcv,5,42,2024-12-09,1,0.479585,0
TSLA,1,ohlcv,5,42,2024-12-10,1,0.515390,1
TSLA,1,ohlcv,5,42,2024-12-11,1,0.527355,1
TSLA,1,ohlcv,5,42,2024-12-12,0,0.504943,1
TSLA,1,ohlcv,5,42,2024-12-13,1,0.488265,0
TSLA,1,ohlcv,5,42,2024-12-16,1,0.467623,0
TSLA,1,ohlcv,5,42,2024-12-17,1,0.472188,0
TSLA,1,ohlcv,5,42,2024-12-18,0,0.503045,1
TSLA,1,ohlcv,5,42,2024-12-19,0,0.568379,1
TSLA,1,ohlcv,5,42,2024-12-20,0,0.541554,1
TSLA,1,ohlcv,5,42,2024-12-23,1,0.569304,1
TSLA,1,ohlcv,5,42,2024-12-24,1,0.547475,1
TSLA,1,ohlcv,5,42,2024-12-26,0,0.516604,1
TSLA,1,ohlcv,5,42,2024-12-27,0,0.461460,0
TSLA,1,ohlcv,5,42,2024-12-30,0,0.455436,0
TSLA,1,ohlcv,5,42,2024-12-31,0,0.497841,0
TSLA,1,ohlcv,5,42,2025-01-02,0,0.468387,0
TSLA,1,ohlcv,5,42,2025-01-03,1,0.493663,0
TSLA,1,ohlcv,5,42,2025-01-06,1,0.475627,0
TSLA,1,ohlcv,5,42,2025-01-07,0,0.484836,0
TSLA,1,ohlcv,5,42,2025-01-08,1,0.537718,1
TSLA,1,ohlcv,5,42,2025-01-10,0,0.556384,1
TSLA,1,ohlcv,5,42,2025-01-13,1,0.558510,1
TSLA,1,ohlcv,5,42,2025-01-14,0,0.537118,1
TSLA,1,ohlcv,5,42,2025-01-15,1,0.515357,1
TSLA,1,ohlcv,5,42,2025-01-16,0,0.490752,0
TSLA,1,ohlcv,5,42,2025-01-17,1,0.447893,0
TSLA,1,ohlcv,5,42,2025-01-21,0,0.514895,1
TSLA,1,ohlcv,5,42,2025-01-22,0,0.513520,1
TSLA,1,ohlcv,5,42,2025-01-23,0,0.553735,1
TSLA,1,ohlcv,5,42,2025-01-24,0,0.527267,1
TSLA,1,ohlcv,5,42,2025-01-27,0,0.483912,0
TSLA,1,ohlcv,5,42,2025-01-28,1,0.569774,1
TSLA,1,ohlcv,5,42,2025-01-29,0,0.555760,1
TSLA,1,ohlcv,5,42,2025-01-30,1,0.518981,1
TSLA,1,ohlcv,5,42,2025-01-31,1,0.497585,0
TSLA,1,ohlcv,5,42,2025-02-03,0,0.536304,1
TSLA,1,ohlcv,5,42,2025-02-04,1,0.569253,1
TSLA,1,ohlcv,5,42,2025-02-05,0,0.505747,1
TSLA,1,ohlcv,5,42,2025-02-06,0,0.473570,0
TSLA,1,ohlcv,5,42,2025-02-07,0,0.485651,0
TSLA,1,ohlcv,5,42,2025-02-10,0,0.551671,1
TSLA,1,ohlcv,5,42,2025-02-11,0,0.540298,1
TSLA,1,ohlcv,5,42,2025-02-12,1,0.518886,1
TSLA,1,ohlcv,5,42,2025-02-13,1,0.543775,1
TSLA,1,ohlcv,5,42,2025-02-14,0,0.501788,1
TSLA,1,ohlcv,5,42,2025-02-18,0,0.498890,0
TSLA,1,ohlcv,5,42,2025-02-19,1,0.500877,1
TSLA,1,ohlcv,5,42,2025-02-20,0,0.502233,1
TSLA,1,ohlcv,5,42,2025-02-21,0,0.472408,0
TSLA,1,ohlcv,5,42,2025-02-24,0,0.466211,0
TSLA,1,ohlcv,5,42,2025-02-25,0,0.483873,0
TSLA,1,ohlcv,5,42,2025-02-26,0,0.490228,0
TSLA,1,ohlcv,5,42,2025-02-27,0,0.495100,0
TSLA,1,ohlcv,5,42,2025-02-28,1,0.504257,1
TSLA,1,ohlcv,5,42,2025-03-03,0,0.503709,1
TSLA,1,ohlcv,5,42,2025-03-04,0,0.501051,1
TSLA,1,ohlcv,5,42,2025-03-05,1,0.577384,1
TSLA,1,ohlcv,5,42,2025-03-06,0,0.558783,1
TSLA,1,ohlcv,5,42,2025-03-07,0,0.549533,1
TSLA,1,ohlcv,5,42,2025-03-10,0,0.559148,1
TSLA,1,ohlcv,5,42,2025-03-11,1,0.535166,1
TSLA,1,ohlcv,5,42,2025-03-12,1,0.546303,1
TSLA,1,ohlcv,5,42,2025-03-13,0,0.514818,1
TSLA,1,ohlcv,5,42,2025-03-14,1,0.509894,1
TSLA,1,ohlcv,5,42,2025-03-17,0,0.504527,1
TSLA,1,ohlcv,5,123,2024-10-21,0,0.454900,0
TSLA,1,ohlcv,5,123,2024-10-22,0,0.462143,0
TSLA,1,ohlcv,5,123,2024-10-23,0,0.459051,0
TSLA,1,ohlcv,5,123,2024-10-24,1,0.483021,0
TSLA,1,ohlcv,5,123,2024-10-25,1,0.490806,0
TSLA,1,ohlcv,5,123,2024-10-28,0,0.492712,0
TSLA,1,ohlcv,5,123,2024-10-29,0,0.476765,0
TSLA,1,ohlcv,5,123,2024-10-30,0,0.463584,0
TSLA,1,ohlcv,5,123,2024-10-31,0,0.482846,0
TSLA,1,ohlcv,5,123,2024-11-01,0,0.461719,0
TSLA,1,ohlcv,5,123,2024-11-04,0,0.460507,0
TSLA,1,ohlcv,5,123,2024-11-05,1,0.500915,1
TSLA,1,ohlcv,5,123,2024-11-06,1,0.500102,1
TSLA,1,ohlcv,5,123,2024-11-07,1,0.495353,0
TSLA,1,ohlcv,5,123,2024-11-08,1,0.501110,1
TSLA,1,ohlcv,5,123,2024-11-11,1,0.528964,1
TSLA,1,ohlcv,5,123,2024-11-12,0,0.519520,1
TSLA,1,ohlcv,5,123,2024-11-13,1,0.517192,1
TSLA,1,ohlcv,5,123,2024-11-14,0,0.515457,1
TSLA,1,ohlcv,5,123,2024-11-15,1,0.477818,0
TSLA,1,ohlcv,5,123,2024-11-18,1,0.482433,0
TSLA,1,ohlcv,5,123,2024-11-19,1,0.503783,1
TSLA,1,ohlcv,5,123,2024-11-20,0,0.496961,0
TSLA,1,ohlcv,5,123,2024-11-21,0,0.478474,0
TSLA,1,ohlcv,5,123,2024-11-22,1,0.477824,0
TSLA,1,ohlcv,5,123,2024-11-25,0,0.548501,1
TSLA,1,ohlcv,5,123,2024-11-26,0,0.471420,0
TSLA,1,ohlcv,5,123,2024-11-27,0,0.482646,0
TSLA,1,ohlcv,5,123,2024-11-29,1,0.464861,0
TSLA,1,ohlcv,5,123,2024-12-02,1,0.468023,0
TSLA,1,ohlcv,5,123,2024-12-03,0,0.471809,0
TSLA,1,ohlcv,5,123,2024-12-04,1,0.467578,0
TSLA,1,ohlcv,5,123,2024-12-05,1,0.462725,0
TSLA,1,ohlcv,5,123,2024-12-06,1,0.505663,1
TSLA,1,ohlcv,5,123,2024-12-09,1,0.497977,0
TSLA,1,ohlcv,5,123,2024-12-10,1,0.515604,1
TSLA,1,ohlcv,5,123,2024-12-11,1,0.537375,1
TSLA,1,ohlcv,5,123,2024-12-12,0,0.512850,1
TSLA,1,ohlcv,5,123,2024-12-13,1,0.485378,0
TSLA,1,ohlcv,5,123,2024-12-16,1,0.486675,0
TSLA,1,ohlcv,5,123,2024-12-17,1,0.498725,0
TSLA,1,ohlcv,5,123,2024-12-18,0,0.511157,1
TSLA,1,ohlcv,5,123,2024-12-19,0,0.542937,1
TSLA,1,ohlcv,5,123,2024-12-20,0,0.506980,1
TSLA,1,ohlcv,5,123,2024-12-23,1,0.540900,1
TSLA,1,ohlcv,5,123,2024-12-24,1,0.512139,1
TSLA,1,ohlcv,5,123,2024-12-26,0,0.510242,1
TSLA,1,ohlcv,5,123,2024-12-27,0,0.461684,0
TSLA,1,ohlcv,5,123,2024-12-30,0,0.461215,0
TSLA,1,ohlcv,5,123,2024-12-31,0,0.484271,0
TSLA,1,ohlcv,5,123,2025-01-02,0,0.469364,0
TSLA,1,ohlcv,5,123,2025-01-03,1,0.490708,0
TSLA,1,ohlcv,5,123,2025-01-06,1,0.506313,1
TSLA,1,ohlcv,5,123,2025-01-07,0,0.472975,0
TSLA,1,ohlcv,5,123,2025-01-08,1,0.499082,0
TSLA,1,ohlcv,5,123,2025-01-10,0,0.531691,1
TSLA,1,ohlcv,5,123,2025-01-13,1,0.534017,1
TSLA,1,ohlcv,5,123,2025-01-14,0,0.551069,1
TSLA,1,ohlcv,5,123,2025-01-15,1,0.516819,1
TSLA,1,ohlcv,5,123,2025-01-16,0,0.498562,0
TSLA,1,ohlcv,5,123,2025-01-17,1,0.459618,0
TSLA,1,ohlcv,5,123,2025-01-21,0,0.521011,1
TSLA,1,ohlcv,5,123,2025-01-22,0,0.492998,0
TSLA,1,ohlcv,5,123,2025-01-23,0,0.520772,1
TSLA,1,ohlcv,5,123,2025-01-24,0,0.494846,0
TSLA,1,ohlcv,5,123,2025-01-27,0,0.472301,0
TSLA,1,ohlcv,5,123,2025-01-28,1,0.539029,1
TSLA,1,ohlcv,5,123,2025-01-29,0,0.525876,1
TSLA,1,ohlcv,5,123,2025-01-30,1,0.509703,1
TSLA,1,ohlcv,5,123,2025-01-31,1,0.488642,0
TSLA,1,ohlcv,5,123,2025-02-03,0,0.528787,1
TSLA,1,ohlcv,5,123,2025-02-04,1,0.544777,1
TSLA,1,ohlcv,5,123,2025-02-05,0,0.506427,1
TSLA,1,ohlcv,5,123,2025-02-06,0,0.470416,0
TSLA,1,ohlcv,5,123,2025-02-07,0,0.496844,0
TSLA,1,ohlcv,5,123,2025-02-10,0,0.520105,1
TSLA,1,ohlcv,5,123,2025-02-11,0,0.515780,1
TSLA,1,ohlcv,5,123,2025-02-12,1,0.504866,1
TSLA,1,ohlcv,5,123,2025-02-13,1,0.533744,1
TSLA,1,ohlcv,5,123,2025-02-14,0,0.504658,1
TSLA,1,ohlcv,5,123,2025-02-18,0,0.483563,0
TSLA,1,ohlcv,5,123,2025-02-19,1,0.480534,0
TSLA,1,ohlcv,5,123,2025-02-20,0,0.513499,1
TSLA,1,ohlcv,5,123,2025-02-21,0,0.471523,0
TSLA,1,ohlcv,5,123,2025-02-24,0,0.468398,0
TSLA,1,ohlcv,5,123,2025-02-25,0,0.477248,0
TSLA,1,ohlcv,5,123,2025-02-26,0,0.486644,0
TSLA,1,ohlcv,5,123,2025-02-27,0,0.480243,0
TSLA,1,ohlcv,5,123,2025-02-28,1,0.485875,0
TSLA,1,ohlcv,5,123,2025-03-03,0,0.518287,1
TSLA,1,ohlcv,5,123,2025-03-04,0,0.484910,0
TSLA,1,ohlcv,5,123,2025-03-05,1,0.550506,1
TSLA,1,ohlcv,5,123,2025-03-06,0,0.537778,1
TSLA,1,ohlcv,5,123,2025-03-07,0,0.503290,1
TSLA,1,ohlcv,5,123,2025-03-10,0,0.533504,1
TSLA,1,ohlcv,5,123,2025-03-11,1,0.503248,1
TSLA,1,ohlcv,5,123,2025-03-12,1,0.529584,1
TSLA,1,ohlcv,5,123,2025-03-13,0,0.498134,0
TSLA,1,ohlcv,5,123,2025-03-14,1,0.482424,0
TSLA,1,ohlcv,5,123,2025-03-17,0,0.482086,0
TSLA,1,ohlcv,5,2026,2024-10-21,0,0.497277,0
TSLA,1,ohlcv,5,2026,2024-10-22,0,0.501972,1
TSLA,1,ohlcv,5,2026,2024-10-23,0,0.496840,0
TSLA,1,ohlcv,5,2026,2024-10-24,1,0.501724,1
TSLA,1,ohlcv,5,2026,2024-10-25,1,0.499174,0
TSLA,1,ohlcv,5,2026,2024-10-28,0,0.495245,0
TSLA,1,ohlcv,5,2026,2024-10-29,0,0.498222,0
TSLA,1,ohlcv,5,2026,2024-10-30,0,0.497725,0
TSLA,1,ohlcv,5,2026,2024-10-31,0,0.509932,1
TSLA,1,ohlcv,5,2026,2024-11-01,0,0.504208,1
TSLA,1,ohlcv,5,2026,2024-11-04,0,0.503007,1
TSLA,1,ohlcv,5,2026,2024-11-05,1,0.514183,1
TSLA,1,ohlcv,5,2026,2024-11-06,1,0.507577,1
TSLA,1,ohlcv,5,2026,2024-11-07,1,0.500311,1
TSLA,1,ohlcv,5,2026,2024-11-08,1,0.500999,1
TSLA,1,ohlcv,5,2026,2024-11-11,1,0.507590,1
TSLA,1,ohlcv,5,2026,2024-11-12,0,0.507049,1
TSLA,1,ohlcv,5,2026,2024-11-13,1,0.508090,1
TSLA,1,ohlcv,5,2026,2024-11-14,0,0.517902,1
TSLA,1,ohlcv,5,2026,2024-11-15,1,0.511470,1
TSLA,1,ohlcv,5,2026,2024-11-18,1,0.507463,1
TSLA,1,ohlcv,5,2026,2024-11-19,1,0.506790,1
TSLA,1,ohlcv,5,2026,2024-11-20,0,0.501951,1
TSLA,1,ohlcv,5,2026,2024-11-21,0,0.505409,1
TSLA,1,ohlcv,5,2026,2024-11-22,1,0.509118,1
TSLA,1,ohlcv,5,2026,2024-11-25,0,0.517898,1
TSLA,1,ohlcv,5,2026,2024-11-26,0,0.502269,1
TSLA,1,ohlcv,5,2026,2024-11-27,0,0.509427,1
TSLA,1,ohlcv,5,2026,2024-11-29,1,0.505833,1
TSLA,1,ohlcv,5,2026,2024-12-02,1,0.493279,0
TSLA,1,ohlcv,5,2026,2024-12-03,0,0.496927,0
TSLA,1,ohlcv,5,2026,2024-12-04,1,0.502337,1
TSLA,1,ohlcv,5,2026,2024-12-05,1,0.494699,0
TSLA,1,ohlcv,5,2026,2024-12-06,1,0.503612,1
TSLA,1,ohlcv,5,2026,2024-12-09,1,0.499401,0
TSLA,1,ohlcv,5,2026,2024-12-10,1,0.508080,1
TSLA,1,ohlcv,5,2026,2024-12-11,1,0.513007,1
TSLA,1,ohlcv,5,2026,2024-12-12,0,0.502473,1
TSLA,1,ohlcv,5,2026,2024-12-13,1,0.501601,1
TSLA,1,ohlcv,5,2026,2024-12-16,1,0.495917,0
TSLA,1,ohlcv,5,2026,2024-12-17,1,0.497935,0
TSLA,1,ohlcv,5,2026,2024-12-18,0,0.504281,1
TSLA,1,ohlcv,5,2026,2024-12-19,0,0.520818,1
TSLA,1,ohlcv,5,2026,2024-12-20,0,0.513902,1
TSLA,1,ohlcv,5,2026,2024-12-23,1,0.525918,1
TSLA,1,ohlcv,5,2026,2024-12-24,1,0.521655,1
TSLA,1,ohlcv,5,2026,2024-12-26,0,0.506108,1
TSLA,1,ohlcv,5,2026,2024-12-27,0,0.493555,0
TSLA,1,ohlcv,5,2026,2024-12-30,0,0.499108,0
TSLA,1,ohlcv,5,2026,2024-12-31,0,0.508476,1
TSLA,1,ohlcv,5,2026,2025-01-02,0,0.505144,1
TSLA,1,ohlcv,5,2026,2025-01-03,1,0.508777,1
TSLA,1,ohlcv,5,2026,2025-01-06,1,0.497340,0
TSLA,1,ohlcv,5,2026,2025-01-07,0,0.499283,0
TSLA,1,ohlcv,5,2026,2025-01-08,1,0.514828,1
TSLA,1,ohlcv,5,2026,2025-01-10,0,0.520504,1
TSLA,1,ohlcv,5,2026,2025-01-13,1,0.517416,1
TSLA,1,ohlcv,5,2026,2025-01-14,0,0.509771,1
TSLA,1,ohlcv,5,2026,2025-01-15,1,0.512610,1
TSLA,1,ohlcv,5,2026,2025-01-16,0,0.497805,0
TSLA,1,ohlcv,5,2026,2025-01-17,1,0.495229,0
TSLA,1,ohlcv,5,2026,2025-01-21,0,0.510164,1
TSLA,1,ohlcv,5,2026,2025-01-22,0,0.507138,1
TSLA,1,ohlcv,5,2026,2025-01-23,0,0.521150,1
TSLA,1,ohlcv,5,2026,2025-01-24,0,0.516818,1
TSLA,1,ohlcv,5,2026,2025-01-27,0,0.508240,1
TSLA,1,ohlcv,5,2026,2025-01-28,1,0.520637,1
TSLA,1,ohlcv,5,2026,2025-01-29,0,0.515682,1
TSLA,1,ohlcv,5,2026,2025-01-30,1,0.510134,1
TSLA,1,ohlcv,5,2026,2025-01-31,1,0.503611,1
TSLA,1,ohlcv,5,2026,2025-02-03,0,0.517315,1
TSLA,1,ohlcv,5,2026,2025-02-04,1,0.516877,1
TSLA,1,ohlcv,5,2026,2025-02-05,0,0.506736,1
TSLA,1,ohlcv,5,2026,2025-02-06,0,0.502476,1
TSLA,1,ohlcv,5,2026,2025-02-07,0,0.505696,1
TSLA,1,ohlcv,5,2026,2025-02-10,0,0.519547,1
TSLA,1,ohlcv,5,2026,2025-02-11,0,0.516147,1
TSLA,1,ohlcv,5,2026,2025-02-12,1,0.511953,1
TSLA,1,ohlcv,5,2026,2025-02-13,1,0.515287,1
TSLA,1,ohlcv,5,2026,2025-02-14,0,0.500841,1
TSLA,1,ohlcv,5,2026,2025-02-18,0,0.500701,1
TSLA,1,ohlcv,5,2026,2025-02-19,1,0.507136,1
TSLA,1,ohlcv,5,2026,2025-02-20,0,0.509528,1
TSLA,1,ohlcv,5,2026,2025-02-21,0,0.504929,1
TSLA,1,ohlcv,5,2026,2025-02-24,0,0.503510,1
TSLA,1,ohlcv,5,2026,2025-02-25,0,0.508229,1
TSLA,1,ohlcv,5,2026,2025-02-26,0,0.507136,1
TSLA,1,ohlcv,5,2026,2025-02-27,0,0.511752,1
TSLA,1,ohlcv,5,2026,2025-02-28,1,0.514306,1
TSLA,1,ohlcv,5,2026,2025-03-03,0,0.509608,1
TSLA,1,ohlcv,5,2026,2025-03-04,0,0.508886,1
TSLA,1,ohlcv,5,2026,2025-03-05,1,0.524981,1
TSLA,1,ohlcv,5,2026,2025-03-06,0,0.518859,1
TSLA,1,ohlcv,5,2026,2025-03-07,0,0.510558,1
TSLA,1,ohlcv,5,2026,2025-03-10,0,0.514448,1
TSLA,1,ohlcv,5,2026,2025-03-11,1,0.509514,1
TSLA,1,ohlcv,5,2026,2025-03-12,1,0.512551,1
TSLA,1,ohlcv,5,2026,2025-03-13,0,0.504667,1
TSLA,1,ohlcv,5,2026,2025-03-14,1,0.505200,1
TSLA,1,ohlcv,5,2026,2025-03-17,0,0.503500,1
TSLA,1,ohlcv,20,42,2024-10-21,0,0.450414,0
TSLA,1,ohlcv,20,42,2024-10-22,0,0.455884,0
TSLA,1,ohlcv,20,42,2024-10-23,0,0.445023,0
TSLA,1,ohlcv,20,42,2024-10-24,1,0.463376,0
TSLA,1,ohlcv,20,42,2024-10-25,1,0.487653,0
TSLA,1,ohlcv,20,42,2024-10-28,0,0.471047,0
TSLA,1,ohlcv,20,42,2024-10-29,0,0.466650,0
TSLA,1,ohlcv,20,42,2024-10-30,0,0.461976,0
TSLA,1,ohlcv,20,42,2024-10-31,0,0.505652,1
TSLA,1,ohlcv,20,42,2024-11-01,0,0.463998,0
TSLA,1,ohlcv,20,42,2024-11-04,0,0.457681,0
TSLA,1,ohlcv,20,42,2024-11-05,1,0.517525,1
TSLA,1,ohlcv,20,42,2024-11-06,1,0.496962,0
TSLA,1,ohlcv,20,42,2024-11-07,1,0.494381,0
TSLA,1,ohlcv,20,42,2024-11-08,1,0.496259,0
TSLA,1,ohlcv,20,42,2024-11-11,1,0.512845,1
TSLA,1,ohlcv,20,42,2024-11-12,0,0.523114,1
TSLA,1,ohlcv,20,42,2024-11-13,1,0.557388,1
TSLA,1,ohlcv,20,42,2024-11-14,0,0.547297,1
TSLA,1,ohlcv,20,42,2024-11-15,1,0.518251,1
TSLA,1,ohlcv,20,42,2024-11-18,1,0.500492,1
TSLA,1,ohlcv,20,42,2024-11-19,1,0.514457,1
TSLA,1,ohlcv,20,42,2024-11-20,0,0.501177,1
TSLA,1,ohlcv,20,42,2024-11-21,0,0.509406,1
TSLA,1,ohlcv,20,42,2024-11-22,1,0.505266,1
TSLA,1,ohlcv,20,42,2024-11-25,0,0.535307,1
TSLA,1,ohlcv,20,42,2024-11-26,0,0.480590,0
TSLA,1,ohlcv,20,42,2024-11-27,0,0.496037,0
TSLA,1,ohlcv,20,42,2024-11-29,1,0.470863,0
TSLA,1,ohlcv,20,42,2024-12-02,1,0.462580,0
TSLA,1,ohlcv,20,42,2024-12-03,0,0.463646,0
TSLA,1,ohlcv,20,42,2024-12-04,1,0.448117,0
TSLA,1,ohlcv,20,42,2024-12-05,1,0.448260,0
TSLA,1,ohlcv,20,42,2024-12-06,1,0.476077,0
TSLA,1,ohlcv,20,42,2024-12-09,1,0.480571,0
TSLA,1,ohlcv,20,42,2024-12-10,1,0.519289,1
TSLA,1,ohlcv,20,42,2024-12-11,1,0.530736,1
TSLA,1,ohlcv,20,42,2024-12-12,0,0.506939,1
TSLA,1,ohlcv,20,42,2024-12-13,1,0.501123,1
TSLA,1,ohlcv,20,42,2024-12-16,1,0.475092,0
TSLA,1,ohlcv,20,42,2024-12-17,1,0.478769,0
TSLA,1,ohlcv,20,42,2024-12-18,0,0.510562,1
TSLA,1,ohlcv,20,42,2024-12-19,0,0.575404,1
TSLA,1,ohlcv,20,42,2024-12-20,0,0.547051,1
TSLA,1,ohlcv,20,42,2024-12-23,1,0.573372,1
TSLA,1,ohlcv,20,42,2024-12-24,1,0.550923,1
TSLA,1,ohlcv,20,42,2024-12-26,0,0.515572,1
TSLA,1,ohlcv,20,42,2024-12-27,0,0.467828,0
TSLA,1,ohlcv,20,42,2024-12-30,0,0.460298,0
TSLA,1,ohlcv,20,42,2024-12-31,0,0.515279,1
TSLA,1,ohlcv,20,42,2025-01-02,0,0.472705,0
TSLA,1,ohlcv,20,42,2025-01-03,1,0.495210,0
TSLA,1,ohlcv,20,42,2025-01-06,1,0.472967,0
TSLA,1,ohlcv,20,42,2025-01-07,0,0.482330,0
TSLA,1,ohlcv,20,42,2025-01-08,1,0.540153,1
TSLA,1,ohlcv,20,42,2025-01-10,0,0.556056,1
TSLA,1,ohlcv,20,42,2025-01-13,1,0.559697,1
TSLA,1,ohlcv,20,42,2025-01-14,0,0.539454,1
TSLA,1,ohlcv,20,42,2025-01-15,1,0.515364,1
TSLA,1,ohlcv,20,42,2025-01-16,0,0.490694,0
TSLA,1,ohlcv,20,42,2025-01-17,1,0.452685,0
TSLA,1,ohlcv,20,42,2025-01-21,0,0.518841,1
TSLA,1,ohlcv,20,42,2025-01-22,0,0.520421,1
TSLA,1,ohlcv,20,42,2025-01-23,0,0.558270,1
TSLA,1,ohlcv,20,42,2025-01-24,0,0.531601,1
TSLA,1,ohlcv,20,42,2025-01-27,0,0.480460,0
TSLA,1,ohlcv,20,42,2025-01-28,1,0.574641,1
TSLA,1,ohlcv,20,42,2025-01-29,0,0.557173,1
TSLA,1,ohlcv,20,42,2025-01-30,1,0.520058,1
TSLA,1,ohlcv,20,42,2025-01-31,1,0.496181,0
TSLA,1,ohlcv,20,42,2025-02-03,0,0.536100,1
TSLA,1,ohlcv,20,42,2025-02-04,1,0.572566,1
TSLA,1,ohlcv,20,42,2025-02-05,0,0.506184,1
TSLA,1,ohlcv,20,42,2025-02-06,0,0.474890,0
TSLA,1,ohlcv,20,42,2025-02-07,0,0.486777,0
TSLA,1,ohlcv,20,42,2025-02-10,0,0.556797,1
TSLA,1,ohlcv,20,42,2025-02-11,0,0.542013,1
TSLA,1,ohlcv,20,42,2025-02-12,1,0.517356,1
TSLA,1,ohlcv,20,42,2025-02-13,1,0.541370,1
TSLA,1,ohlcv,20,42,2025-02-14,0,0.498235,0
TSLA,1,ohlcv,20,42,2025-02-18,0,0.500664,1
TSLA,1,ohlcv,20,42,2025-02-19,1,0.504415,1
TSLA,1,ohlcv,20,42,2025-02-20,0,0.503015,1
TSLA,1,ohlcv,20,42,2025-02-21,0,0.481651,0
TSLA,1,ohlcv,20,42,2025-02-24,0,0.466704,0
TSLA,1,ohlcv,20,42,2025-02-25,0,0.482236,0
TSLA,1,ohlcv,20,42,2025-02-26,0,0.489049,0
TSLA,1,ohlcv,20,42,2025-02-27,0,0.492788,0
TSLA,1,ohlcv,20,42,2025-02-28,1,0.498517,0
TSLA,1,ohlcv,20,42,2025-03-03,0,0.493257,0
TSLA,1,ohlcv,20,42,2025-03-04,0,0.495928,0
TSLA,1,ohlcv,20,42,2025-03-05,1,0.576557,1
TSLA,1,ohlcv,20,42,2025-03-06,0,0.556699,1
TSLA,1,ohlcv,20,42,2025-03-07,0,0.547100,1
TSLA,1,ohlcv,20,42,2025-03-10,0,0.560776,1
TSLA,1,ohlcv,20,42,2025-03-11,1,0.533670,1
TSLA,1,ohlcv,20,42,2025-03-12,1,0.548594,1
TSLA,1,ohlcv,20,42,2025-03-13,0,0.515464,1
TSLA,1,ohlcv,20,42,2025-03-14,1,0.509993,1
TSLA,1,ohlcv,20,42,2025-03-17,0,0.504965,1
TSLA,1,ohlcv,20,123,2024-10-21,0,0.455440,0
TSLA,1,ohlcv,20,123,2024-10-22,0,0.462023,0
TSLA,1,ohlcv,20,123,2024-10-23,0,0.457664,0
TSLA,1,ohlcv,20,123,2024-10-24,1,0.479895,0
TSLA,1,ohlcv,20,123,2024-10-25,1,0.486487,0
TSLA,1,ohlcv,20,123,2024-10-28,0,0.489313,0
TSLA,1,ohlcv,20,123,2024-10-29,0,0.475853,0
TSLA,1,ohlcv,20,123,2024-10-30,0,0.463141,0
TSLA,1,ohlcv,20,123,2024-10-31,0,0.483350,0
TSLA,1,ohlcv,20,123,2024-11-01,0,0.460785,0
TSLA,1,ohlcv,20,123,2024-11-04,0,0.459085,0
TSLA,1,ohlcv,20,123,2024-11-05,1,0.495610,0
TSLA,1,ohlcv,20,123,2024-11-06,1,0.489743,0
TSLA,1,ohlcv,20,123,2024-11-07,1,0.491783,0
TSLA,1,ohlcv,20,123,2024-11-08,1,0.497050,0
TSLA,1,ohlcv,20,123,2024-11-11,1,0.527910,1
TSLA,1,ohlcv,20,123,2024-11-12,0,0.521180,1
TSLA,1,ohlcv,20,123,2024-11-13,1,0.524885,1
TSLA,1,ohlcv,20,123,2024-11-14,0,0.519776,1
TSLA,1,ohlcv,20,123,2024-11-15,1,0.480848,0
TSLA,1,ohlcv,20,123,2024-11-18,1,0.491825,0
TSLA,1,ohlcv,20,123,2024-11-19,1,0.507439,1
TSLA,1,ohlcv,20,123,2024-11-20,0,0.500850,1
TSLA,1,ohlcv,20,123,2024-11-21,0,0.484408,0
TSLA,1,ohlcv,20,123,2024-11-22,1,0.478768,0
TSLA,1,ohlcv,20,123,2024-11-25,0,0.549403,1
TSLA,1,ohlcv,20,123,2024-11-26,0,0.473164,0
TSLA,1,ohlcv,20,123,2024-11-27,0,0.484250,0
TSLA,1,ohlcv,20,123,2024-11-29,1,0.464866,0
TSLA,1,ohlcv,20,123,2024-12-02,1,0.466608,0
TSLA,1,ohlcv,20,123,2024-12-03,0,0.470290,0
TSLA,1,ohlcv,20,123,2024-12-04,1,0.464538,0
TSLA,1,ohlcv,20,123,2024-12-05,1,0.459857,0
TSLA,1,ohlcv,20,123,2024-12-06,1,0.500796,1
TSLA,1,ohlcv,20,123,2024-12-09,1,0.494412,0
TSLA,1,ohlcv,20,123,2024-12-10,1,0.518332,1
TSLA,1,ohlcv,20,123,2024-12-11,1,0.540671,1
TSLA,1,ohlcv,20,123,2024-12-12,0,0.514576,1
TSLA,1,ohlcv,20,123,2024-12-13,1,0.496527,0
TSLA,1,ohlcv,20,123,2024-12-16,1,0.491881,0
TSLA,1,ohlcv,20,123,2024-12-17,1,0.501766,1
TSLA,1,ohlcv,20,123,2024-12-18,0,0.515780,1
TSLA,1,ohlcv,20,123,2024-12-19,0,0.545371,1
TSLA,1,ohlcv,20,123,2024-12-20,0,0.508949,1
TSLA,1,ohlcv,20,123,2024-12-23,1,0.542933,1
TSLA,1,ohlcv,20,123,2024-12-24,1,0.515557,1
TSLA,1,ohlcv,20,123,2024-12-26,0,0.514176,1
TSLA,1,ohlcv,20,123,2024-12-27,0,0.467300,0
TSLA,1,ohlcv,20,123,2024-12-30,0,0.462917,0
TSLA,1,ohlcv,20,123,2024-12-31,0,0.488452,0
TSLA,1,ohlcv,20,123,2025-01-02,0,0.469734,0
TSLA,1,ohlcv,20,123,2025-01-03,1,0.490074,0
TSLA,1,ohlcv,20,123,2025-01-06,1,0.501443,1
TSLA,1,ohlcv,20,123,2025-01-07,0,0.470361,0
TSLA,1,ohlcv,20,123,2025-01-08,1,0.497995,0
TSLA,1,ohlcv,20,123,2025-01-10,0,0.526871,1
TSLA,1,ohlcv,20,123,2025-01-13,1,0.534373,1
TSLA,1,ohlcv,20,123,2025-01-14,0,0.552226,1
TSLA,1,ohlcv,20,123,2025-01-15,1,0.517666,1
TSLA,1,ohlcv,20,123,2025-01-16,0,0.497842,0
TSLA,1,ohlcv,20,123,2025-01-17,1,0.460758,0
TSLA,1,ohlcv,20,123,2025-01-21,0,0.525072,1
TSLA,1,ohlcv,20,123,2025-01-22,0,0.497202,0
TSLA,1,ohlcv,20,123,2025-01-23,0,0.523749,1
TSLA,1,ohlcv,20,123,2025-01-24,0,0.498762,0
TSLA,1,ohlcv,20,123,2025-01-27,0,0.471696,0
TSLA,1,ohlcv,20,123,2025-01-28,1,0.540320,1
TSLA,1,ohlcv,20,123,2025-01-29,0,0.527313,1
TSLA,1,ohlcv,20,123,2025-01-30,1,0.509546,1
TSLA,1,ohlcv,20,123,2025-01-31,1,0.486885,0
TSLA,1,ohlcv,20,123,2025-02-03,0,0.527642,1
TSLA,1,ohlcv,20,123,2025-02-04,1,0.546077,1
TSLA,1,ohlcv,20,123,2025-02-05,0,0.508920,1
TSLA,1,ohlcv,20,123,2025-02-06,0,0.471089,0
TSLA,1,ohlcv,20,123,2025-02-07,0,0.495546,0
TSLA,1,ohlcv,20,123,2025-02-10,0,0.520897,1
TSLA,1,ohlcv,20,123,2025-02-11,0,0.516030,1
TSLA,1,ohlcv,20,123,2025-02-12,1,0.503497,1
TSLA,1,ohlcv,20,123,2025-02-13,1,0.528773,1
TSLA,1,ohlcv,20,123,2025-02-14,0,0.502787,1
TSLA,1,ohlcv,20,123,2025-02-18,0,0.485443,0
TSLA,1,ohlcv,20,123,2025-02-19,1,0.482139,0
TSLA,1,ohlcv,20,123,2025-02-20,0,0.510636,1
TSLA,1,ohlcv,20,123,2025-02-21,0,0.473910,0
TSLA,1,ohlcv,20,123,2025-02-24,0,0.468178,0
TSLA,1,ohlcv,20,123,2025-02-25,0,0.475703,0
TSLA,1,ohlcv,20,123,2025-02-26,0,0.485340,0
TSLA,1,ohlcv,20,123,2025-02-27,0,0.479951,0
TSLA,1,ohlcv,20,123,2025-02-28,1,0.483519,0
TSLA,1,ohlcv,20,123,2025-03-03,0,0.502729,1
TSLA,1,ohlcv,20,123,2025-03-04,0,0.482659,0
TSLA,1,ohlcv,20,123,2025-03-05,1,0.548708,1
TSLA,1,ohlcv,20,123,2025-03-06,0,0.536580,1
TSLA,1,ohlcv,20,123,2025-03-07,0,0.500293,1
TSLA,1,ohlcv,20,123,2025-03-10,0,0.534218,1
TSLA,1,ohlcv,20,123,2025-03-11,1,0.501666,1
TSLA,1,ohlcv,20,123,2025-03-12,1,0.528054,1
TSLA,1,ohlcv,20,123,2025-03-13,0,0.497448,0
TSLA,1,ohlcv,20,123,2025-03-14,1,0.481902,0
TSLA,1,ohlcv,20,123,2025-03-17,0,0.482325,0
TSLA,1,ohlcv,20,2026,2024-10-21,0,0.441413,0
TSLA,1,ohlcv,20,2026,2024-10-22,0,0.451203,0
TSLA,1,ohlcv,20,2026,2024-10-23,0,0.438524,0
TSLA,1,ohlcv,20,2026,2024-10-24,1,0.474307,0
TSLA,1,ohlcv,20,2026,2024-10-25,1,0.482971,0
TSLA,1,ohlcv,20,2026,2024-10-28,0,0.463257,0
TSLA,1,ohlcv,20,2026,2024-10-29,0,0.492885,0
TSLA,1,ohlcv,20,2026,2024-10-30,0,0.482213,0
TSLA,1,ohlcv,20,2026,2024-10-31,0,0.541486,1
TSLA,1,ohlcv,20,2026,2024-11-01,0,0.472821,0
TSLA,1,ohlcv,20,2026,2024-11-04,0,0.461937,0
TSLA,1,ohlcv,20,2026,2024-11-05,1,0.536795,1
TSLA,1,ohlcv,20,2026,2024-11-06,1,0.469954,0
TSLA,1,ohlcv,20,2026,2024-11-07,1,0.486459,0
TSLA,1,ohlcv,20,2026,2024-11-08,1,0.478877,0
TSLA,1,ohlcv,20,2026,2024-11-11,1,0.563544,1
TSLA,1,ohlcv,20,2026,2024-11-12,0,0.566473,1
TSLA,1,ohlcv,20,2026,2024-11-13,1,0.624542,1
TSLA,1,ohlcv,20,2026,2024-11-14,0,0.649110,1
TSLA,1,ohlcv,20,2026,2024-11-15,1,0.563994,1
TSLA,1,ohlcv,20,2026,2024-11-18,1,0.499043,0
TSLA,1,ohlcv,20,2026,2024-11-19,1,0.499811,0
TSLA,1,ohlcv,20,2026,2024-11-20,0,0.469219,0
TSLA,1,ohlcv,20,2026,2024-11-21,0,0.518547,1
TSLA,1,ohlcv,20,2026,2024-11-22,1,0.535686,1
TSLA,1,ohlcv,20,2026,2024-11-25,0,0.630523,1
TSLA,1,ohlcv,20,2026,2024-11-26,0,0.478635,0
TSLA,1,ohlcv,20,2026,2024-11-27,0,0.500093,1
TSLA,1,ohlcv,20,2026,2024-11-29,1,0.481433,0
TSLA,1,ohlcv,20,2026,2024-12-02,1,0.454054,0
TSLA,1,ohlcv,20,2026,2024-12-03,0,0.456054,0
TSLA,1,ohlcv,20,2026,2024-12-04,1,0.448704,0
TSLA,1,ohlcv,20,2026,2024-12-05,1,0.435912,0
TSLA,1,ohlcv,20,2026,2024-12-06,1,0.494896,0
TSLA,1,ohlcv,20,2026,2024-12-09,1,0.481265,0
TSLA,1,ohlcv,20,2026,2024-12-10,1,0.578215,1
TSLA,1,ohlcv,20,2026,2024-12-11,1,0.637417,1
TSLA,1,ohlcv,20,2026,2024-12-12,0,0.525139,1
TSLA,1,ohlcv,20,2026,2024-12-13,1,0.559551,1
TSLA,1,ohlcv,20,2026,2024-12-16,1,0.471280,0
TSLA,1,ohlcv,20,2026,2024-12-17,1,0.492067,0
TSLA,1,ohlcv,20,2026,2024-12-18,0,0.551226,1
TSLA,1,ohlcv,20,2026,2024-12-19,0,0.711039,1
TSLA,1,ohlcv,20,2026,2024-12-20,0,0.644488,1
TSLA,1,ohlcv,20,2026,2024-12-23,1,0.699933,1
TSLA,1,ohlcv,20,2026,2024-12-24,1,0.635580,1
TSLA,1,ohlcv,20,2026,2024-12-26,0,0.501074,1
TSLA,1,ohlcv,20,2026,2024-12-27,0,0.440668,0
TSLA,1,ohlcv,20,2026,2024-12-30,0,0.461437,0
TSLA,1,ohlcv,20,2026,2024-12-31,0,0.530513,1
TSLA,1,ohlcv,20,2026,2025-01-02,0,0.477365,0
TSLA,1,ohlcv,20,2026,2025-01-03,1,0.514060,1
TSLA,1,ohlcv,20,2026,2025-01-06,1,0.440520,0
TSLA,1,ohlcv,20,2026,2025-01-07,0,0.466390,0
TSLA,1,ohlcv,20,2026,2025-01-08,1,0.565831,1
TSLA,1,ohlcv,20,2026,2025-01-10,0,0.617200,1
TSLA,1,ohlcv,20,2026,2025-01-13,1,0.651390,1
TSLA,1,ohlcv,20,2026,2025-01-14,0,0.596679,1
TSLA,1,ohlcv,20,2026,2025-01-15,1,0.577205,1
TSLA,1,ohlcv,20,2026,2025-01-16,0,0.463648,0
TSLA,1,ohlcv,20,2026,2025-01-17,1,0.445506,0
TSLA,1,ohlcv,20,2026,2025-01-21,0,0.556034,1
TSLA,1,ohlcv,20,2026,2025-01-22,0,0.554806,1
TSLA,1,ohlcv,20,2026,2025-01-23,0,0.650194,1
TSLA,1,ohlcv,20,2026,2025-01-24,0,0.585854,1
TSLA,1,ohlcv,20,2026,2025-01-27,0,0.491485,0
TSLA,1,ohlcv,20,2026,2025-01-28,1,0.642466,1
TSLA,1,ohlcv,20,2026,2025-01-29,0,0.622835,1
TSLA,1,ohlcv,20,2026,2025-01-30,1,0.567455,1
TSLA,1,ohlcv,20,2026,2025-01-31,1,0.508628,1
TSLA,1,ohlcv,20,2026,2025-02-03,0,0.625456,1
TSLA,1,ohlcv,20,2026,2025-02-04,1,0.693165,1
TSLA,1,ohlcv,20,2026,2025-02-05,0,0.523129,1
TSLA,1,ohlcv,20,2026,2025-02-06,0,0.474103,0
TSLA,1,ohlcv,20,2026,2025-02-07,0,0.519536,1
TSLA,1,ohlcv,20,2026,2025-02-10,0,0.640928,1
TSLA,1,ohlcv,20,2026,2025-02-11,0,0.589062,1
TSLA,1,ohlcv,20,2026,2025-02-12,1,0.555181,1
TSLA,1,ohlcv,20,2026,2025-02-13,1,0.550203,1
TSLA,1,ohlcv,20,2026,2025-02-14,0,0.460481,0
TSLA,1,ohlcv,20,2026,2025-02-18,0,0.472694,0
TSLA,1,ohlcv,20,2026,2025-02-19,1,0.490794,0
TSLA,1,ohlcv,20,2026,2025-02-20,0,0.502316,1
TSLA,1,ohlcv,20,2026,2025-02-21,0,0.486567,0
TSLA,1,ohlcv,20,2026,2025-02-24,0,0.474151,0
TSLA,1,ohlcv,20,2026,2025-02-25,0,0.501150,1
TSLA,1,ohlcv,20,2026,2025-02-26,0,0.516363,1
TSLA,1,ohlcv,20,2026,2025-02-27,0,0.510834,1
TSLA,1,ohlcv,20,2026,2025-02-28,1,0.511632,1
TSLA,1,ohlcv,20,2026,2025-03-03,0,0.484529,0
TSLA,1,ohlcv,20,2026,2025-03-04,0,0.502744,1
TSLA,1,ohlcv,20,2026,2025-03-05,1,0.694705,1
TSLA,1,ohlcv,20,2026,2025-03-06,0,0.625647,1
TSLA,1,ohlcv,20,2026,2025-03-07,0,0.562295,1
TSLA,1,ohlcv,20,2026,2025-03-10,0,0.643312,1
TSLA,1,ohlcv,20,2026,2025-03-11,1,0.567336,1
TSLA,1,ohlcv,20,2026,2025-03-12,1,0.603997,1
TSLA,1,ohlcv,20,2026,2025-03-13,0,0.489604,0
TSLA,1,ohlcv,20,2026,2025-03-14,1,0.501049,1
TSLA,1,ohlcv,20,2026,2025-03-17,0,0.490667,0
TSLA,2,close-return,5,42,2025-03-18,0,0.502174,1
TSLA,2,close-return,5,42,2025-03-19,1,0.502158,1
TSLA,2,close-return,5,42,2025-03-20,1,0.502032,1
TSLA,2,close-return,5,42,2025-03-21,1,0.502121,1
TSLA,2,close-return,5,42,2025-03-24,1,0.501575,1
TSLA,2,close-return,5,42,2025-03-25,1,0.500210,1
TSLA,2,close-return,5,42,2025-03-26,0,0.500992,1
TSLA,2,close-return,5,42,2025-03-27,1,0.502173,1
TSLA,2,close-return,5,42,2025-03-28,0,0.502150,1
TSLA,2,close-return,5,42,2025-03-31,0,0.502154,1
TSLA,2,close-return,5,42,2025-04-01,1,0.502144,1
TSLA,2,close-return,5,42,2025-04-02,1,0.502002,1
TSLA,2,close-return,5,42,2025-04-03,0,0.501442,1
TSLA,2,close-return,5,42,2025-04-04,0,0.502199,1
TSLA,2,close-return,5,42,2025-04-07,0,0.502168,1
TSLA,2,close-return,5,42,2025-04-08,0,0.502141,1
TSLA,2,close-return,5,42,2025-04-09,1,0.502130,1
TSLA,2,close-return,5,42,2025-04-10,0,0.499989,0
TSLA,2,close-return,5,42,2025-04-11,0,0.502237,1
TSLA,2,close-return,5,42,2025-04-14,1,0.502193,1
TSLA,2,close-return,5,42,2025-04-15,1,0.502146,1
TSLA,2,close-return,5,42,2025-04-16,0,0.502101,1
TSLA,2,close-return,5,42,2025-04-17,0,0.502169,1
TSLA,2,close-return,5,42,2025-04-21,0,0.502146,1
TSLA,2,close-return,5,42,2025-04-22,1,0.502158,1
TSLA,2,close-return,5,42,2025-04-23,1,0.502025,1
TSLA,2,close-return,5,42,2025-04-24,1,0.501454,1
TSLA,2,close-return,5,42,2025-04-25,1,0.501521,1
TSLA,2,close-return,5,42,2025-04-28,1,0.500468,1
TSLA,2,close-return,5,42,2025-04-29,1,0.501673,1
TSLA,2,close-return,5,42,2025-04-30,0,0.501825,1
TSLA,2,close-return,5,42,2025-05-01,0,0.502157,1
TSLA,2,close-return,5,42,2025-05-02,1,0.502148,1
TSLA,2,close-return,5,42,2025-05-05,0,0.502070,1
TSLA,2,close-return,5,42,2025-05-06,0,0.502165,1
TSLA,2,close-return,5,42,2025-05-07,1,0.502157,1
TSLA,2,close-return,5,42,2025-05-08,1,0.502138,1
TSLA,2,close-return,5,42,2025-05-09,1,0.501982,1
TSLA,2,close-return,5,42,2025-05-12,1,0.501531,1
TSLA,2,close-return,5,42,2025-05-13,1,0.500922,1
TSLA,2,close-return,5,42,2025-05-14,1,0.501043,1
TSLA,2,close-return,5,42,2025-05-15,0,0.501241,1
TSLA,2,close-return,5,42,2025-05-16,1,0.502074,1
TSLA,2,close-return,5,42,2025-05-19,0,0.502015,1
TSLA,2,close-return,5,42,2025-05-20,1,0.502159,1
TSLA,2,close-return,5,42,2025-05-21,0,0.502141,1
TSLA,2,close-return,5,42,2025-05-22,1,0.502159,1
TSLA,2,close-return,5,42,2025-05-23,0,0.502110,1
TSLA,2,close-return,5,42,2025-05-27,1,0.502145,1
TSLA,2,close-return,5,42,2025-05-28,0,0.501353,1
TSLA,2,close-return,5,42,2025-05-29,1,0.502153,1
TSLA,2,close-return,5,42,2025-05-30,0,0.502136,1
TSLA,2,close-return,5,42,2025-06-02,0,0.502163,1
TSLA,2,close-return,5,42,2025-06-03,1,0.502147,1
TSLA,2,close-return,5,42,2025-06-04,0,0.502129,1
TSLA,2,close-return,5,42,2025-06-05,0,0.502159,1
TSLA,2,close-return,5,42,2025-06-06,1,0.502158,1
TSLA,2,close-return,5,42,2025-06-09,1,0.502115,1
TSLA,2,close-return,5,42,2025-06-10,1,0.501830,1
TSLA,2,close-return,5,42,2025-06-11,1,0.501247,1
TSLA,2,close-return,5,42,2025-06-12,0,0.502018,1
TSLA,2,close-return,5,42,2025-06-13,1,0.502153,1
TSLA,2,close-return,5,42,2025-06-16,1,0.502098,1
TSLA,2,close-return,5,42,2025-06-17,0,0.502084,1
TSLA,2,close-return,5,42,2025-06-18,1,0.502170,1
TSLA,2,close-return,5,42,2025-06-20,1,0.502127,1
TSLA,2,close-return,5,42,2025-06-23,1,0.502137,1
TSLA,2,close-return,5,42,2025-06-24,0,0.501075,1
TSLA,2,close-return,5,42,2025-06-25,0,0.502170,1
TSLA,2,close-return,5,42,2025-06-26,0,0.502170,1
TSLA,2,close-return,5,42,2025-06-27,0,0.502151,1
TSLA,2,close-return,5,42,2025-06-30,0,0.502141,1
TSLA,2,close-return,5,42,2025-07-01,0,0.502148,1
TSLA,2,close-return,5,42,2025-07-02,1,0.502157,1
TSLA,2,close-return,5,42,2025-07-03,0,0.502001,1
TSLA,2,close-return,5,42,2025-07-07,0,0.502128,1
TSLA,2,close-return,5,42,2025-07-08,1,0.502177,1
TSLA,2,close-return,5,42,2025-07-09,0,0.502145,1
TSLA,2,close-return,5,42,2025-07-10,1,0.502147,1
TSLA,2,close-return,5,42,2025-07-11,1,0.501797,1
TSLA,2,close-return,5,42,2025-07-14,1,0.502005,1
TSLA,2,close-return,5,42,2025-07-15,0,0.502056,1
TSLA,2,close-return,5,42,2025-07-16,1,0.502162,1
TSLA,2,close-return,5,42,2025-07-17,0,0.501981,1
TSLA,2,close-return,5,42,2025-07-18,1,0.502146,1
TSLA,2,close-return,5,42,2025-07-21,0,0.501946,1
TSLA,2,close-return,5,42,2025-07-22,1,0.502132,1
TSLA,2,close-return,5,42,2025-07-23,1,0.502101,1
TSLA,2,close-return,5,42,2025-07-24,0,0.502132,1
TSLA,2,close-return,5,42,2025-07-25,1,0.502172,1
TSLA,2,close-return,5,42,2025-07-28,1,0.502120,1
TSLA,2,close-return,5,42,2025-07-29,0,0.501952,1
TSLA,2,close-return,5,42,2025-07-30,0,0.502166,1
TSLA,2,close-return,5,42,2025-07-31,0,0.502161,1
TSLA,2,close-return,5,42,2025-08-01,0,0.502156,1
TSLA,2,close-return,5,42,2025-08-04,1,0.502147,1
TSLA,2,close-return,5,42,2025-08-05,0,0.502088,1
TSLA,2,close-return,5,42,2025-08-06,1,0.502135,1
TSLA,2,close-return,5,42,2025-08-07,1,0.501892,1
TSLA,2,close-return,5,42,2025-08-08,1,0.502062,1
TSLA,2,close-return,5,123,2025-03-18,0,0.499753,0
TSLA,2,close-return,5,123,2025-03-19,1,0.502717,1
TSLA,2,close-return,5,123,2025-03-20,1,0.497184,0
TSLA,2,close-return,5,123,2025-03-21,1,0.497371,0
TSLA,2,close-return,5,123,2025-03-24,1,0.495951,0
TSLA,2,close-return,5,123,2025-03-25,1,0.495642,0
TSLA,2,close-return,5,123,2025-03-26,0,0.495573,0
TSLA,2,close-return,5,123,2025-03-27,1,0.498507,0
TSLA,2,close-return,5,123,2025-03-28,0,0.497839,0
TSLA,2,close-return,5,123,2025-03-31,0,0.500484,1
TSLA,2,close-return,5,123,2025-04-01,1,0.500533,1
TSLA,2,close-return,5,123,2025-04-02,1,0.497009,0
TSLA,2,close-return,5,123,2025-04-03,0,0.495860,0
TSLA,2,close-return,5,123,2025-04-04,0,0.499698,0
TSLA,2,close-return,5,123,2025-04-07,0,0.505003,1
TSLA,2,close-return,5,123,2025-04-08,0,0.503331,1
TSLA,2,close-return,5,123,2025-04-09,1,0.503783,1
TSLA,2,close-return,5,123,2025-04-10,0,0.495938,0
TSLA,2,close-return,5,123,2025-04-11,0,0.498237,0
TSLA,2,close-return,5,123,2025-04-14,1,0.497742,0
TSLA,2,close-return,5,123,2025-04-15,1,0.497712,0
TSLA,2,close-return,5,123,2025-04-16,0,0.497306,0
TSLA,2,close-return,5,123,2025-04-17,0,0.501600,1
TSLA,2,close-return,5,123,2025-04-21,0,0.499433,0
TSLA,2,close-return,5,123,2025-04-22,1,0.502815,1
TSLA,2,close-return,5,123,2025-04-23,1,0.497172,0
TSLA,2,close-return,5,123,2025-04-24,1,0.495906,0
TSLA,2,close-return,5,123,2025-04-25,1,0.495812,0
TSLA,2,close-return,5,123,2025-04-28,1,0.495609,0
TSLA,2,close-return,5,123,2025-04-29,1,0.495798,0
TSLA,2,close-return,5,123,2025-04-30,0,0.495999,0
TSLA,2,close-return,5,123,2025-05-01,0,0.498614,0
TSLA,2,close-return,5,123,2025-05-02,1,0.498621,0
TSLA,2,close-return,5,123,2025-05-05,0,0.497039,0
TSLA,2,close-return,5,123,2025-05-06,0,0.499011,0
TSLA,2,close-return,5,123,2025-05-07,1,0.499728,0
TSLA,2,close-return,5,123,2025-05-08,1,0.498411,0
TSLA,2,close-return,5,123,2025-05-09,1,0.496603,0
TSLA,2,close-return,5,123,2025-05-12,1,0.495896,0
TSLA,2,close-return,5,123,2025-05-13,1,0.495634,0
TSLA,2,close-return,5,123,2025-05-14,1,0.495617,0
TSLA,2,close-return,5,123,2025-05-15,0,0.495651,0
TSLA,2,close-return,5,123,2025-05-16,1,0.496667,0
TSLA,2,close-return,5,123,2025-05-19,0,0.496437,0
TSLA,2,close-return,5,123,2025-05-20,1,0.498445,0
TSLA,2,close-return,5,123,2025-05-21,0,0.497880,0
TSLA,2,close-return,5,123,2025-05-22,1,0.499871,0
TSLA,2,close-return,5,123,2025-05-23,0,0.497513,0
TSLA,2,close-return,5,123,2025-05-27,1,0.498040,0
TSLA,2,close-return,5,123,2025-05-28,0,0.495810,0
TSLA,2,close-return,5,123,2025-05-29,1,0.497051,0
TSLA,2,close-return,5,123,2025-05-30,0,0.497193,0
TSLA,2,close-return,5,123,2025-06-02,0,0.499873,0
TSLA,2,close-return,5,123,2025-06-03,1,0.499534,0
TSLA,2,close-return,5,123,2025-06-04,0,0.498435,0
TSLA,2,close-return,5,123,2025-06-05,0,0.500758,1
TSLA,2,close-return,5,123,2025-06-06,1,0.506036,1
TSLA,2,close-return,5,123,2025-06-09,1,0.500413,1
TSLA,2,close-return,5,123,2025-06-10,1,0.496596,0
TSLA,2,close-return,5,123,2025-06-11,1,0.495793,0
TSLA,2,close-return,5,123,2025-06-12,0,0.496345,0
TSLA,2,close-return,5,123,2025-06-13,1,0.498053,0
TSLA,2,close-return,5,123,2025-06-16,1,0.496960,0
TSLA,2,close-return,5,123,2025-06-17,0,0.496896,0
TSLA,2,close-return,5,123,2025-06-18,1,0.500138,1
TSLA,2,close-return,5,123,2025-06-20,1,0.497682,0
TSLA,2,close-return,5,123,2025-06-23,1,0.497721,0
TSLA,2,close-return,5,123,2025-06-24,0,0.495716,0
TSLA,2,close-return,5,123,2025-06-25,0,0.497091,0
TSLA,2,close-return,5,123,2025-06-26,0,0.500048,1
TSLA,2,close-return,5,123,2025-06-27,0,0.499232,0
TSLA,2,close-return,5,123,2025-06-30,0,0.498938,0
TSLA,2,close-return,5,123,2025-07-01,0,0.499908,0
TSLA,2,close-return,5,123,2025-07-02,1,0.502711,1
TSLA,2,close-return,5,123,2025-07-03,0,0.496932,0
TSLA,2,close-return,5,123,2025-07-07,0,0.497410,0
TSLA,2,close-return,5,123,2025-07-08,1,0.502568,1
TSLA,2,close-return,5,123,2025-07-09,0,0.498966,0
TSLA,2,close-return,5,123,2025-07-10,1,0.498706,0
TSLA,2,close-return,5,123,2025-07-11,1,0.496259,0
TSLA,2,close-return,5,123,2025-07-14,1,0.496486,0
TSLA,2,close-return,5,123,2025-07-15,0,0.496599,0
TSLA,2,close-return,5,123,2025-07-16,1,0.498315,0
TSLA,2,close-return,5,123,2025-07-17,0,0.496442,0
TSLA,2,close-return,5,123,2025-07-18,1,0.497470,0
TSLA,2,close-return,5,123,2025-07-21,0,0.496356,0
TSLA,2,close-return,5,123,2025-07-22,1,0.497178,0
TSLA,2,close-return,5,123,2025-07-23,1,0.496956,0
TSLA,2,close-return,5,123,2025-07-24,0,0.497375,0
TSLA,2,close-return,5,123,2025-07-25,1,0.503370,1
TSLA,2,close-return,5,123,2025-07-28,1,0.497972,0
TSLA,2,close-return,5,123,2025-07-29,0,0.496525,0
TSLA,2,close-return,5,123,2025-07-30,0,0.497866,0
TSLA,2,close-return,5,123,2025-07-31,0,0.498315,0
TSLA,2,close-return,5,123,2025-08-01,0,0.500409,1
TSLA,2,close-return,5,123,2025-08-04,1,0.500466,1
TSLA,2,close-return,5,123,2025-08-05,0,0.497655,0
TSLA,2,close-return,5,123,2025-08-06,1,0.497854,0
TSLA,2,close-return,5,123,2025-08-07,1,0.496329,0
TSLA,2,close-return,5,123,2025-08-08,1,0.496650,0
TSLA,2,close-return,5,2026,2025-03-18,0,0.505304,1
TSLA,2,close-return,5,2026,2025-03-19,1,0.504789,1
TSLA,2,close-return,5,2026,2025-03-20,1,0.504878,1
TSLA,2,close-return,5,2026,2025-03-21,1,0.504973,1
TSLA,2,close-return,5,2026,2025-03-24,1,0.504309,1
TSLA,2,close-return,5,2026,2025-03-25,1,0.503077,1
TSLA,2,close-return,5,2026,2025-03-26,0,0.503626,1
TSLA,2,close-return,5,2026,2025-03-27,1,0.505564,1
TSLA,2,close-return,5,2026,2025-03-28,0,0.505329,1
TSLA,2,close-return,5,2026,2025-03-31,0,0.505096,1
TSLA,2,close-return,5,2026,2025-04-01,1,0.504872,1
TSLA,2,close-return,5,2026,2025-04-02,1,0.504763,1
TSLA,2,close-return,5,2026,2025-04-03,0,0.504198,1
TSLA,2,close-return,5,2026,2025-04-04,0,0.505266,1
TSLA,2,close-return,5,2026,2025-04-07,0,0.504414,1
TSLA,2,close-return,5,2026,2025-04-08,0,0.504499,1
TSLA,2,close-return,5,2026,2025-04-09,1,0.504321,1
TSLA,2,close-return,5,2026,2025-04-10,0,0.503252,1
TSLA,2,close-return,5,2026,2025-04-11,0,0.505474,1
TSLA,2,close-return,5,2026,2025-04-14,1,0.505353,1
TSLA,2,close-return,5,2026,2025-04-15,1,0.505184,1
TSLA,2,close-return,5,2026,2025-04-16,0,0.505084,1
TSLA,2,close-return,5,2026,2025-04-17,0,0.504853,1
TSLA,2,close-return,5,2026,2025-04-21,0,0.504990,1
TSLA,2,close-return,5,2026,2025-04-22,1,0.504681,1
TSLA,2,close-return,5,2026,2025-04-23,1,0.504856,1
TSLA,2,close-return,5,2026,2025-04-24,1,0.504229,1
TSLA,2,close-return,5,2026,2025-04-25,1,0.504207,1
TSLA,2,close-return,5,2026,2025-04-28,1,0.503250,1
TSLA,2,close-return,5,2026,2025-04-29,1,0.504399,1
TSLA,2,close-return,5,2026,2025-04-30,0,0.504612,1
TSLA,2,close-return,5,2026,2025-05-01,0,0.505373,1
TSLA,2,close-return,5,2026,2025-05-02,1,0.505198,1
TSLA,2,close-return,5,2026,2025-05-05,0,0.504905,1
TSLA,2,close-return,5,2026,2025-05-06,0,0.505101,1
TSLA,2,close-return,5,2026,2025-05-07,1,0.505001,1
TSLA,2,close-return,5,2026,2025-05-08,1,0.505021,1
TSLA,2,close-return,5,2026,2025-05-09,1,0.504765,1
TSLA,2,close-return,5,2026,2025-05-12,1,0.504254,1
TSLA,2,close-return,5,2026,2025-05-13,1,0.503665,1
TSLA,2,close-return,5,2026,2025-05-14,1,0.503701,1
TSLA,2,close-return,5,2026,2025-05-15,0,0.503880,1
TSLA,2,close-return,5,2026,2025-05-16,1,0.505117,1
TSLA,2,close-return,5,2026,2025-05-19,0,0.504918,1
TSLA,2,close-return,5,2026,2025-05-20,1,0.505248,1
TSLA,2,close-return,5,2026,2025-05-21,0,0.505091,1
TSLA,2,close-return,5,2026,2025-05-22,1,0.505032,1
TSLA,2,close-return,5,2026,2025-05-23,0,0.504977,1
TSLA,2,close-return,5,2026,2025-05-27,1,0.505024,1
TSLA,2,close-return,5,2026,2025-05-28,0,0.504156,1
TSLA,2,close-return,5,2026,2025-05-29,1,0.505125,1
TSLA,2,close-return,5,2026,2025-05-30,0,0.505118,1
TSLA,2,close-return,5,2026,2025-06-02,0,0.505149,1
TSLA,2,close-return,5,2026,2025-06-03,1,0.505059,1
TSLA,2,close-return,5,2026,2025-06-04,0,0.504957,1
TSLA,2,close-return,5,2026,2025-06-05,0,0.504924,1
TSLA,2,close-return,5,2026,2025-06-06,1,0.504033,1
TSLA,2,close-return,5,2026,2025-06-09,1,0.504779,1
TSLA,2,close-return,5,2026,2025-06-10,1,0.504600,1
TSLA,2,close-return,5,2026,2025-06-11,1,0.504003,1
TSLA,2,close-return,5,2026,2025-06-12,0,0.504738,1
TSLA,2,close-return,5,2026,2025-06-13,1,0.505330,1
TSLA,2,close-return,5,2026,2025-06-16,1,0.505048,1
TSLA,2,close-return,5,2026,2025-06-17,0,0.504963,1
TSLA,2,close-return,5,2026,2025-06-18,1,0.505085,1
TSLA,2,close-return,5,2026,2025-06-20,1,0.505016,1
TSLA,2,close-return,5,2026,2025-06-23,1,0.505046,1
TSLA,2,close-return,5,2026,2025-06-24,0,0.503928,1
TSLA,2,close-return,5,2026,2025-06-25,0,0.505183,1
TSLA,2,close-return,5,2026,2025-06-26,0,0.505224,1
TSLA,2,close-return,5,2026,2025-06-27,0,0.505097,1
TSLA,2,close-return,5,2026,2025-06-30,0,0.505037,1
TSLA,2,close-return,5,2026,2025-07-01,0,0.504908,1
TSLA,2,close-return,5,2026,2025-07-02,1,0.504677,1
TSLA,2,close-return,5,2026,2025-07-03,0,0.504847,1
TSLA,2,close-return,5,2026,2025-07-07,0,0.504982,1
TSLA,2,close-return,5,2026,2025-07-08,1,0.504828,1
TSLA,2,close-return,5,2026,2025-07-09,0,0.504993,1
TSLA,2,close-return,5,2026,2025-07-10,1,0.505027,1
TSLA,2,close-return,5,2026,2025-07-11,1,0.504546,1
TSLA,2,close-return,5,2026,2025-07-14,1,0.504755,1
TSLA,2,close-return,5,2026,2025-07-15,0,0.504905,1
TSLA,2,close-return,5,2026,2025-07-16,1,0.505213,1
TSLA,2,close-return,5,2026,2025-07-17,0,0.504817,1
TSLA,2,close-return,5,2026,2025-07-18,1,0.505095,1
TSLA,2,close-return,5,2026,2025-07-21,0,0.504725,1
TSLA,2,close-return,5,2026,2025-07-22,1,0.505056,1
TSLA,2,close-return,5,2026,2025-07-23,1,0.505005,1
TSLA,2,close-return,5,2026,2025-07-24,0,0.505058,1
TSLA,2,close-return,5,2026,2025-07-25,1,0.504761,1
TSLA,2,close-return,5,2026,2025-07-28,1,0.505020,1
TSLA,2,close-return,5,2026,2025-07-29,0,0.504731,1
TSLA,2,close-return,5,2026,2025-07-30,0,0.505063,1
TSLA,2,close-return,5,2026,2025-07-31,0,0.505063,1
TSLA,2,close-return,5,2026,2025-08-01,0,0.505068,1
TSLA,2,close-return,5,2026,2025-08-04,1,0.504929,1
TSLA,2,close-return,5,2026,2025-08-05,0,0.504894,1
TSLA,2,close-return,5,2026,2025-08-06,1,0.504982,1
TSLA,2,close-return,5,2026,2025-08-07,1,0.504631,1
TSLA,2,close-return,5,2026,2025-08-08,1,0.504890,1
TSLA,2,close-return,20,42,2025-03-18,0,0.501899,1
TSLA,2,close-return,20,42,2025-03-19,1,0.501809,1
TSLA,2,close-return,20,42,2025-03-20,1,0.501734,1
TSLA,2,close-return,20,42,2025-03-21,1,0.501833,1
TSLA,2,close-return,20,42,2025-03-24,1,0.501699,1
TSLA,2,close-return,20,42,2025-03-25,1,0.501007,1
TSLA,2,close-return,20,42,2025-03-26,0,0.501709,1
TSLA,2,close-return,20,42,2025-03-27,1,0.502104,1
TSLA,2,close-return,20,42,2025-03-28,0,0.502015,1
TSLA,2,close-return,20,42,2025-03-31,0,0.501878,1
TSLA,2,close-return,20,42,2025-04-01,1,0.501813,1
TSLA,2,close-return,20,42,2025-04-02,1,0.501790,1
TSLA,2,close-return,20,42,2025-04-03,0,0.501653,1
TSLA,2,close-return,20,42,2025-04-04,0,0.501943,1
TSLA,2,close-return,20,42,2025-04-07,0,0.501817,1
TSLA,2,close-return,20,42,2025-04-08,0,0.501719,1
TSLA,2,close-return,20,42,2025-04-09,1,0.501694,1
TSLA,2,close-return,20,42,2025-04-10,0,0.500661,1
TSLA,2,close-return,20,42,2025-04-11,0,0.502132,1
TSLA,2,close-return,20,42,2025-04-14,1,0.502014,1
TSLA,2,close-return,20,42,2025-04-15,1,0.501936,1
TSLA,2,close-return,20,42,2025-04-16,0,0.501900,1
TSLA,2,close-return,20,42,2025-04-17,0,0.501843,1
TSLA,2,close-return,20,42,2025-04-21,0,0.501786,1
TSLA,2,close-return,20,42,2025-04-22,1,0.501780,1
TSLA,2,close-return,20,42,2025-04-23,1,0.501685,1
TSLA,2,close-return,20,42,2025-04-24,1,0.501561,1
TSLA,2,close-return,20,42,2025-04-25,1,0.501763,1
TSLA,2,close-return,20,42,2025-04-28,1,0.501229,1
TSLA,2,close-return,20,42,2025-04-29,1,0.502114,1
TSLA,2,close-return,20,42,2025-04-30,0,0.502136,1
TSLA,2,close-return,20,42,2025-05-01,0,0.502017,1
TSLA,2,close-return,20,42,2025-05-02,1,0.501930,1
TSLA,2,close-return,20,42,2025-05-05,0,0.501927,1
TSLA,2,close-return,20,42,2025-05-06,0,0.501891,1
TSLA,2,close-return,20,42,2025-05-07,1,0.501836,1
TSLA,2,close-return,20,42,2025-05-08,1,0.501813,1
TSLA,2,close-return,20,42,2025-05-09,1,0.501808,1
TSLA,2,close-return,20,42,2025-05-12,1,0.501725,1
TSLA,2,close-return,20,42,2025-05-13,1,0.501508,1
TSLA,2,close-return,20,42,2025-05-14,1,0.501690,1
TSLA,2,close-return,20,42,2025-05-15,0,0.501870,1
TSLA,2,close-return,20,42,2025-05-16,1,0.502184,1
TSLA,2,close-return,20,42,2025-05-19,0,0.502118,1
TSLA,2,close-return,20,42,2025-05-20,1,0.501986,1
TSLA,2,close-return,20,42,2025-05-21,0,0.501940,1
TSLA,2,close-return,20,42,2025-05-22,1,0.501863,1
TSLA,2,close-return,20,42,2025-05-23,0,0.501853,1
TSLA,2,close-return,20,42,2025-05-27,1,0.501865,1
TSLA,2,close-return,20,42,2025-05-28,0,0.501623,1
TSLA,2,close-return,20,42,2025-05-29,1,0.502028,1
TSLA,2,close-return,20,42,2025-05-30,0,0.501979,1
TSLA,2,close-return,20,42,2025-06-02,0,0.501882,1
TSLA,2,close-return,20,42,2025-06-03,1,0.501826,1
TSLA,2,close-return,20,42,2025-06-04,0,0.501808,1
TSLA,2,close-return,20,42,2025-06-05,0,0.501804,1
TSLA,2,close-return,20,42,2025-06-06,1,0.501782,1
TSLA,2,close-return,20,42,2025-06-09,1,0.501643,1
TSLA,2,close-return,20,42,2025-06-10,1,0.501511,1
TSLA,2,close-return,20,42,2025-06-11,1,0.501435,1
TSLA,2,close-return,20,42,2025-06-12,0,0.501968,1
TSLA,2,close-return,20,42,2025-06-13,1,0.501952,1
TSLA,2,close-return,20,42,2025-06-16,1,0.501934,1
TSLA,2,close-return,20,42,2025-06-17,0,0.501939,1
TSLA,2,close-return,20,42,2025-06-18,1,0.501879,1
TSLA,2,close-return,20,42,2025-06-20,1,0.501857,1
TSLA,2,close-return,20,42,2025-06-23,1,0.501866,1
TSLA,2,close-return,20,42,2025-06-24,0,0.501486,1
TSLA,2,close-return,20,42,2025-06-25,0,0.502064,1
TSLA,2,close-return,20,42,2025-06-26,0,0.501907,1
TSLA,2,close-return,20,42,2025-06-27,0,0.501844,1
TSLA,2,close-return,20,42,2025-06-30,0,0.501815,1
TSLA,2,close-return,20,42,2025-07-01,0,0.501799,1
TSLA,2,close-return,20,42,2025-07-02,1,0.501780,1
TSLA,2,close-return,20,42,2025-07-03,0,0.501687,1
TSLA,2,close-return,20,42,2025-07-07,0,0.501827,1
TSLA,2,close-return,20,42,2025-07-08,1,0.501829,1
TSLA,2,close-return,20,42,2025-07-09,0,0.501762,1
TSLA,2,close-return,20,42,2025-07-10,1,0.501773,1
TSLA,2,close-return,20,42,2025-07-11,1,0.501695,1
TSLA,2,close-return,20,42,2025-07-14,1,0.501897,1
TSLA,2,close-return,20,42,2025-07-15,0,0.501957,1
TSLA,2,close-return,20,42,2025-07-16,1,0.501926,1
TSLA,2,close-return,20,42,2025-07-17,0,0.501910,1
TSLA,2,close-return,20,42,2025-07-18,1,0.501952,1
TSLA,2,close-return,20,42,2025-07-21,0,0.501926,1
TSLA,2,close-return,20,42,2025-07-22,1,0.501979,1
TSLA,2,close-return,20,42,2025-07-23,1,0.501961,1
TSLA,2,close-return,20,42,2025-07-24,0,0.501946,1
TSLA,2,close-return,20,42,2025-07-25,1,0.501846,1
TSLA,2,close-return,20,42,2025-07-28,1,0.501792,1
TSLA,2,close-return,20,42,2025-07-29,0,0.501785,1
TSLA,2,close-return,20,42,2025-07-30,0,0.501899,1
TSLA,2,close-return,20,42,2025-07-31,0,0.501872,1
TSLA,2,close-return,20,42,2025-08-01,0,0.501826,1
TSLA,2,close-return,20,42,2025-08-04,1,0.501781,1
TSLA,2,close-return,20,42,2025-08-05,0,0.501757,1
TSLA,2,close-return,20,42,2025-08-06,1,0.501818,1
TSLA,2,close-return,20,42,2025-08-07,1,0.501798,1
TSLA,2,close-return,20,42,2025-08-08,1,0.501935,1
TSLA,2,close-return,20,123,2025-03-18,0,0.500066,1
TSLA,2,close-return,20,123,2025-03-19,1,0.502617,1
TSLA,2,close-return,20,123,2025-03-20,1,0.497219,0
TSLA,2,close-return,20,123,2025-03-21,1,0.497523,0
TSLA,2,close-return,20,123,2025-03-24,1,0.496141,0
TSLA,2,close-return,20,123,2025-03-25,1,0.495820,0
TSLA,2,close-return,20,123,2025-03-26,0,0.495850,0
TSLA,2,close-return,20,123,2025-03-27,1,0.498773,0
TSLA,2,close-return,20,123,2025-03-28,0,0.498119,0
TSLA,2,close-return,20,123,2025-03-31,0,0.500461,1
TSLA,2,close-return,20,123,2025-04-01,1,0.500273,1
TSLA,2,close-return,20,123,2025-04-02,1,0.497089,0
TSLA,2,close-return,20,123,2025-04-03,0,0.496107,0
TSLA,2,close-return,20,123,2025-04-04,0,0.499755,0
TSLA,2,close-return,20,123,2025-04-07,0,0.504803,1
TSLA,2,close-return,20,123,2025-04-08,0,0.503154,1
TSLA,2,close-return,20,123,2025-04-09,1,0.503505,1
TSLA,2,close-return,20,123,2025-04-10,0,0.496006,0
TSLA,2,close-return,20,123,2025-04-11,0,0.498264,0
TSLA,2,close-return,20,123,2025-04-14,1,0.497985,0
TSLA,2,close-return,20,123,2025-04-15,1,0.497953,0
TSLA,2,close-return,20,123,2025-04-16,0,0.497610,0
TSLA,2,close-return,20,123,2025-04-17,0,0.501238,1
TSLA,2,close-return,20,123,2025-04-21,0,0.499449,0
TSLA,2,close-return,20,123,2025-04-22,1,0.502634,1
TSLA,2,close-return,20,123,2025-04-23,1,0.497277,0
TSLA,2,close-return,20,123,2025-04-24,1,0.496088,0
TSLA,2,close-return,20,123,2025-04-25,1,0.496064,0
TSLA,2,close-return,20,123,2025-04-28,1,0.495814,0
TSLA,2,close-return,20,123,2025-04-29,1,0.496153,0
TSLA,2,close-return,20,123,2025-04-30,0,0.496364,0
TSLA,2,close-return,20,123,2025-05-01,0,0.498807,0
TSLA,2,close-return,20,123,2025-05-02,1,0.498757,0
TSLA,2,close-return,20,123,2025-05-05,0,0.497193,0
TSLA,2,close-return,20,123,2025-05-06,0,0.499041,0
TSLA,2,close-return,20,123,2025-05-07,1,0.499667,0
TSLA,2,close-return,20,123,2025-05-08,1,0.498549,0
TSLA,2,close-return,20,123,2025-05-09,1,0.496848,0
TSLA,2,close-return,20,123,2025-05-12,1,0.496143,0
TSLA,2,close-return,20,123,2025-05-13,1,0.495882,0
TSLA,2,close-return,20,123,2025-05-14,1,0.495905,0
TSLA,2,close-return,20,123,2025-05-15,0,0.495981,0
TSLA,2,close-return,20,123,2025-05-16,1,0.497074,0
TSLA,2,close-return,20,123,2025-05-19,0,0.496800,0
TSLA,2,close-return,20,123,2025-05-20,1,0.498588,0
TSLA,2,close-return,20,123,2025-05-21,0,0.498023,0
TSLA,2,close-return,20,123,2025-05-22,1,0.499782,0
TSLA,2,close-return,20,123,2025-05-23,0,0.497695,0
TSLA,2,close-return,20,123,2025-05-27,1,0.498159,0
TSLA,2,close-return,20,123,2025-05-28,0,0.496055,0
TSLA,2,close-return,20,123,2025-05-29,1,0.497326,0
TSLA,2,close-return,20,123,2025-05-30,0,0.497492,0
TSLA,2,close-return,20,123,2025-06-02,0,0.499927,0
TSLA,2,close-return,20,123,2025-06-03,1,0.499603,0
TSLA,2,close-return,20,123,2025-06-04,0,0.498431,0
TSLA,2,close-return,20,123,2025-06-05,0,0.500661,1
TSLA,2,close-return,20,123,2025-06-06,1,0.505772,1
TSLA,2,close-return,20,123,2025-06-09,1,0.500283,1
TSLA,2,close-return,20,123,2025-06-10,1,0.496699,0
TSLA,2,close-return,20,123,2025-06-11,1,0.495951,0
TSLA,2,close-return,20,123,2025-06-12,0,0.496586,0
TSLA,2,close-return,20,123,2025-06-13,1,0.498455,0
TSLA,2,close-return,20,123,2025-06-16,1,0.497232,0
TSLA,2,close-return,20,123,2025-06-17,0,0.497125,0
TSLA,2,close-return,20,123,2025-06-18,1,0.500040,1
TSLA,2,close-return,20,123,2025-06-20,1,0.497807,0
TSLA,2,close-return,20,123,2025-06-23,1,0.497915,0
TSLA,2,close-return,20,123,2025-06-24,0,0.495934,0
TSLA,2,close-return,20,123,2025-06-25,0,0.497342,0
TSLA,2,close-return,20,123,2025-06-26,0,0.500158,1
TSLA,2,close-return,20,123,2025-06-27,0,0.499308,0
TSLA,2,close-return,20,123,2025-06-30,0,0.499031,0
TSLA,2,close-return,20,123,2025-07-01,0,0.499734,0
TSLA,2,close-return,20,123,2025-07-02,1,0.502489,1
TSLA,2,close-return,20,123,2025-07-03,0,0.497102,0
TSLA,2,close-return,20,123,2025-07-07,0,0.497587,0
TSLA,2,close-return,20,123,2025-07-08,1,0.502409,1
TSLA,2,close-return,20,123,2025-07-09,0,0.499014,0
TSLA,2,close-return,20,123,2025-07-10,1,0.498874,0
TSLA,2,close-return,20,123,2025-07-11,1,0.496433,0
TSLA,2,close-return,20,123,2025-07-14,1,0.496704,0
TSLA,2,close-return,20,123,2025-07-15,0,0.496908,0
TSLA,2,close-return,20,123,2025-07-16,1,0.498520,0
TSLA,2,close-return,20,123,2025-07-17,0,0.496719,0
TSLA,2,close-return,20,123,2025-07-18,1,0.497663,0
TSLA,2,close-return,20,123,2025-07-21,0,0.496617,0
TSLA,2,close-return,20,123,2025-07-22,1,0.497421,0
TSLA,2,close-return,20,123,2025-07-23,1,0.497247,0
TSLA,2,close-return,20,123,2025-07-24,0,0.497596,0
TSLA,2,close-return,20,123,2025-07-25,1,0.503199,1
TSLA,2,close-return,20,123,2025-07-28,1,0.498025,0
TSLA,2,close-return,20,123,2025-07-29,0,0.496726,0
TSLA,2,close-return,20,123,2025-07-30,0,0.498003,0
TSLA,2,close-return,20,123,2025-07-31,0,0.498420,0
TSLA,2,close-return,20,123,2025-08-01,0,0.500533,1
TSLA,2,close-return,20,123,2025-08-04,1,0.500421,1
TSLA,2,close-return,20,123,2025-08-05,0,0.497735,0
TSLA,2,close-return,20,123,2025-08-06,1,0.497985,0
TSLA,2,close-return,20,123,2025-08-07,1,0.496554,0
TSLA,2,close-return,20,123,2025-08-08,1,0.496934,0
TSLA,2,close-return,20,2026,2025-03-18,0,0.504958,1
TSLA,2,close-return,20,2026,2025-03-19,1,0.504496,1
TSLA,2,close-return,20,2026,2025-03-20,1,0.504849,1
TSLA,2,close-return,20,2026,2025-03-21,1,0.504926,1
TSLA,2,close-return,20,2026,2025-03-24,1,0.504516,1
TSLA,2,close-return,20,2026,2025-03-25,1,0.503447,1
TSLA,2,close-return,20,2026,2025-03-26,0,0.504028,1
TSLA,2,close-return,20,2026,2025-03-27,1,0.505544,1
TSLA,2,close-return,20,2026,2025-03-28,0,0.505317,1
TSLA,2,close-return,20,2026,2025-03-31,0,0.504991,1
TSLA,2,close-return,20,2026,2025-04-01,1,0.504851,1
TSLA,2,close-return,20,2026,2025-04-02,1,0.504896,1
TSLA,2,close-return,20,2026,2025-04-03,0,0.504456,1
TSLA,2,close-return,20,2026,2025-04-04,0,0.505151,1
TSLA,2,close-return,20,2026,2025-04-07,0,0.504145,1
TSLA,2,close-return,20,2026,2025-04-08,0,0.504223,1
TSLA,2,close-return,20,2026,2025-04-09,1,0.504081,1
TSLA,2,close-return,20,2026,2025-04-10,0,0.503525,1
TSLA,2,close-return,20,2026,2025-04-11,0,0.505401,1
TSLA,2,close-return,20,2026,2025-04-14,1,0.505191,1
TSLA,2,close-return,20,2026,2025-04-15,1,0.505043,1
TSLA,2,close-return,20,2026,2025-04-16,0,0.504972,1
TSLA,2,close-return,20,2026,2025-04-17,0,0.504766,1
TSLA,2,close-return,20,2026,2025-04-21,0,0.504819,1
TSLA,2,close-return,20,2026,2025-04-22,1,0.504445,1
TSLA,2,close-return,20,2026,2025-04-23,1,0.504809,1
TSLA,2,close-return,20,2026,2025-04-24,1,0.504429,1
TSLA,2,close-return,20,2026,2025-04-25,1,0.504458,1
TSLA,2,close-return,20,2026,2025-04-28,1,0.503625,1
TSLA,2,close-return,20,2026,2025-04-29,1,0.504725,1
TSLA,2,close-return,20,2026,2025-04-30,0,0.504879,1
TSLA,2,close-return,20,2026,2025-05-01,0,0.505369,1
TSLA,2,close-return,20,2026,2025-05-02,1,0.505191,1
TSLA,2,close-return,20,2026,2025-05-05,0,0.505056,1
TSLA,2,close-return,20,2026,2025-05-06,0,0.505091,1
TSLA,2,close-return,20,2026,2025-05-07,1,0.504944,1
TSLA,2,close-return,20,2026,2025-05-08,1,0.504952,1
TSLA,2,close-return,20,2026,2025-05-09,1,0.504853,1
TSLA,2,close-return,20,2026,2025-05-12,1,0.504505,1
TSLA,2,close-return,20,2026,2025-05-13,1,0.504019,1
TSLA,2,close-return,20,2026,2025-05-14,1,0.504082,1
TSLA,2,close-return,20,2026,2025-05-15,0,0.504261,1
TSLA,2,close-return,20,2026,2025-05-16,1,0.505300,1
TSLA,2,close-return,20,2026,2025-05-19,0,0.505123,1
TSLA,2,close-return,20,2026,2025-05-20,1,0.505300,1
TSLA,2,close-return,20,2026,2025-05-21,0,0.505177,1
TSLA,2,close-return,20,2026,2025-05-22,1,0.505012,1
TSLA,2,close-return,20,2026,2025-05-23,0,0.505020,1
TSLA,2,close-return,20,2026,2025-05-27,1,0.505034,1
TSLA,2,close-return,20,2026,2025-05-28,0,0.504425,1
TSLA,2,close-return,20,2026,2025-05-29,1,0.505198,1
TSLA,2,close-return,20,2026,2025-05-30,0,0.505146,1
TSLA,2,close-return,20,2026,2025-06-02,0,0.505022,1
TSLA,2,close-return,20,2026,2025-06-03,1,0.504924,1
TSLA,2,close-return,20,2026,2025-06-04,0,0.504941,1
TSLA,2,close-return,20,2026,2025-06-05,0,0.504773,1
TSLA,2,close-return,20,2026,2025-06-06,1,0.503776,1
TSLA,2,close-return,20,2026,2025-06-09,1,0.504542,1
TSLA,2,close-return,20,2026,2025-06-10,1,0.504617,1
TSLA,2,close-return,20,2026,2025-06-11,1,0.504245,1
TSLA,2,close-return,20,2026,2025-06-12,0,0.504873,1
TSLA,2,close-return,20,2026,2025-06-13,1,0.505125,1
TSLA,2,close-return,20,2026,2025-06-16,1,0.505016,1
TSLA,2,close-return,20,2026,2025-06-17,0,0.505003,1
TSLA,2,close-return,20,2026,2025-06-18,1,0.504992,1
TSLA,2,close-return,20,2026,2025-06-20,1,0.505014,1
TSLA,2,close-return,20,2026,2025-06-23,1,0.505014,1
TSLA,2,close-return,20,2026,2025-06-24,0,0.504220,1
TSLA,2,close-return,20,2026,2025-06-25,0,0.505259,1
TSLA,2,close-return,20,2026,2025-06-26,0,0.505062,1
TSLA,2,close-return,20,2026,2025-06-27,0,0.504978,1
TSLA,2,close-return,20,2026,2025-06-30,0,0.504927,1
TSLA,2,close-return,20,2026,2025-07-01,0,0.504844,1
TSLA,2,close-return,20,2026,2025-07-02,1,0.504477,1
TSLA,2,close-return,20,2026,2025-07-03,0,0.504828,1
TSLA,2,close-return,20,2026,2025-07-07,0,0.504945,1
TSLA,2,close-return,20,2026,2025-07-08,1,0.504597,1
TSLA,2,close-return,20,2026,2025-07-09,0,0.504829,1
TSLA,2,close-return,20,2026,2025-07-10,1,0.504832,1
TSLA,2,close-return,20,2026,2025-07-11,1,0.504662,1
TSLA,2,close-return,20,2026,2025-07-14,1,0.504868,1
TSLA,2,close-return,20,2026,2025-07-15,0,0.504970,1
TSLA,2,close-return,20,2026,2025-07-16,1,0.505126,1
TSLA,2,close-return,20,2026,2025-07-17,0,0.504916,1
TSLA,2,close-return,20,2026,2025-07-18,1,0.505125,1
TSLA,2,close-return,20,2026,2025-07-21,0,0.504887,1
TSLA,2,close-return,20,2026,2025-07-22,1,0.505127,1
TSLA,2,close-return,20,2026,2025-07-23,1,0.505075,1
TSLA,2,close-return,20,2026,2025-07-24,0,0.505109,1
TSLA,2,close-return,20,2026,2025-07-25,1,0.504549,1
TSLA,2,close-return,20,2026,2025-07-28,1,0.504983,1
TSLA,2,close-return,20,2026,2025-07-29,0,0.504836,1
TSLA,2,close-return,20,2026,2025-07-30,0,0.505055,1
TSLA,2,close-return,20,2026,2025-07-31,0,0.505018,1
TSLA,2,close-return,20,2026,2025-08-01,0,0.504824,1
TSLA,2,close-return,20,2026,2025-08-04,1,0.504741,1
TSLA,2,close-return,20,2026,2025-08-05,0,0.504867,1
TSLA,2,close-return,20,2026,2025-08-06,1,0.504935,1
TSLA,2,close-return,20,2026,2025-08-07,1,0.504759,1
TSLA,2,close-return,20,2026,2025-08-08,1,0.504965,1
TSLA,2,ohlcv,5,42,2025-03-18,0,0.388634,0
TSLA,2,ohlcv,5,42,2025-03-19,1,0.601785,1
TSLA,2,ohlcv,5,42,2025-03-20,1,0.488519,0
TSLA,2,ohlcv,5,42,2025-03-21,1,0.424269,0
TSLA,2,ohlcv,5,42,2025-03-24,1,0.425806,0
TSLA,2,ohlcv,5,42,2025-03-25,1,0.522888,1
TSLA,2,ohlcv,5,42,2025-03-26,0,0.492302,0
TSLA,2,ohlcv,5,42,2025-03-27,1,0.664531,1
TSLA,2,ohlcv,5,42,2025-03-28,0,0.753898,1
TSLA,2,ohlcv,5,42,2025-03-31,0,0.728625,1
TSLA,2,ohlcv,5,42,2025-04-01,1,0.800797,1
TSLA,2,ohlcv,5,42,2025-04-02,1,0.637886,1
TSLA,2,ohlcv,5,42,2025-04-03,0,0.746726,1
TSLA,2,ohlcv,5,42,2025-04-04,0,0.859537,1
TSLA,2,ohlcv,5,42,2025-04-07,0,0.880585,1
TSLA,2,ohlcv,5,42,2025-04-08,0,0.856194,1
TSLA,2,ohlcv,5,42,2025-04-09,1,0.766909,1
TSLA,2,ohlcv,5,42,2025-04-10,0,0.609752,1
TSLA,2,ohlcv,5,42,2025-04-11,0,0.816099,1
TSLA,2,ohlcv,5,42,2025-04-14,1,0.670921,1
TSLA,2,ohlcv,5,42,2025-04-15,1,0.460495,0
TSLA,2,ohlcv,5,42,2025-04-16,0,0.622371,1
TSLA,2,ohlcv,5,42,2025-04-17,0,0.710642,1
TSLA,2,ohlcv,5,42,2025-04-21,0,0.428087,0
TSLA,2,ohlcv,5,42,2025-04-22,1,0.725954,1
TSLA,2,ohlcv,5,42,2025-04-23,1,0.554526,1
TSLA,2,ohlcv,5,42,2025-04-24,1,0.476545,0
TSLA,2,ohlcv,5,42,2025-04-25,1,0.400072,0
TSLA,2,ohlcv,5,42,2025-04-28,1,0.494627,0
TSLA,2,ohlcv,5,42,2025-04-29,1,0.546258,1
TSLA,2,ohlcv,5,42,2025-04-30,0,0.459050,0
TSLA,2,ohlcv,5,42,2025-05-01,0,0.765874,1
TSLA,2,ohlcv,5,42,2025-05-02,1,0.797947,1
TSLA,2,ohlcv,5,42,2025-05-05,0,0.679424,1
TSLA,2,ohlcv,5,42,2025-05-06,0,0.672437,1
TSLA,2,ohlcv,5,42,2025-05-07,1,0.544304,1
TSLA,2,ohlcv,5,42,2025-05-08,1,0.423772,0
TSLA,2,ohlcv,5,42,2025-05-09,1,0.435276,0
TSLA,2,ohlcv,5,42,2025-05-12,1,0.554478,1
TSLA,2,ohlcv,5,42,2025-05-13,1,0.502953,1
TSLA,2,ohlcv,5,42,2025-05-14,1,0.564383,1
TSLA,2,ohlcv,5,42,2025-05-15,0,0.563488,1
TSLA,2,ohlcv,5,42,2025-05-16,1,0.766513,1
TSLA,2,ohlcv,5,42,2025-05-19,0,0.416456,0
TSLA,2,ohlcv,5,42,2025-05-20,1,0.412706,0
TSLA,2,ohlcv,5,42,2025-05-21,0,0.452703,0
TSLA,2,ohlcv,5,42,2025-05-22,1,0.464296,0
TSLA,2,ohlcv,5,42,2025-05-23,0,0.330737,0
TSLA,2,ohlcv,5,42,2025-05-27,1,0.435338,0
TSLA,2,ohlcv,5,42,2025-05-28,0,0.450182,0
TSLA,2,ohlcv,5,42,2025-05-29,1,0.429844,0
TSLA,2,ohlcv,5,42,2025-05-30,0,0.532001,1
TSLA,2,ohlcv,5,42,2025-06-02,0,0.406087,0
TSLA,2,ohlcv,5,42,2025-06-03,1,0.466653,0
TSLA,2,ohlcv,5,42,2025-06-04,0,0.466956,0
TSLA,2,ohlcv,5,42,2025-06-05,0,0.472734,0
TSLA,2,ohlcv,5,42,2025-06-06,1,0.496971,0
TSLA,2,ohlcv,5,42,2025-06-09,1,0.448622,0
TSLA,2,ohlcv,5,42,2025-06-10,1,0.468452,0
TSLA,2,ohlcv,5,42,2025-06-11,1,0.507264,1
TSLA,2,ohlcv,5,42,2025-06-12,0,0.503911,1
TSLA,2,ohlcv,5,42,2025-06-13,1,0.586524,1
TSLA,2,ohlcv,5,42,2025-06-16,1,0.664071,1
TSLA,2,ohlcv,5,42,2025-06-17,0,0.522448,1
TSLA,2,ohlcv,5,42,2025-06-18,1,0.392410,0
TSLA,2,ohlcv,5,42,2025-06-20,1,0.398884,0
TSLA,2,ohlcv,5,42,2025-06-23,1,0.496485,0
TSLA,2,ohlcv,5,42,2025-06-24,0,0.558943,1
TSLA,2,ohlcv,5,42,2025-06-25,0,0.557796,1
TSLA,2,ohlcv,5,42,2025-06-26,0,0.510006,1
TSLA,2,ohlcv,5,42,2025-06-27,0,0.420434,0
TSLA,2,ohlcv,5,42,2025-06-30,0,0.411151,0
TSLA,2,ohlcv,5,42,2025-07-01,0,0.323739,0
TSLA,2,ohlcv,5,42,2025-07-02,1,0.791252,1
TSLA,2,ohlcv,5,42,2025-07-03,0,0.473916,0
TSLA,2,ohlcv,5,42,2025-07-07,0,0.460786,0
TSLA,2,ohlcv,5,42,2025-07-08,1,0.595555,1
TSLA,2,ohlcv,5,42,2025-07-09,0,0.597074,1
TSLA,2,ohlcv,5,42,2025-07-10,1,0.439594,0
TSLA,2,ohlcv,5,42,2025-07-11,1,0.406612,0
TSLA,2,ohlcv,5,42,2025-07-14,1,0.337603,0
TSLA,2,ohlcv,5,42,2025-07-15,0,0.497801,0
TSLA,2,ohlcv,5,42,2025-07-16,1,0.448565,0
TSLA,2,ohlcv,5,42,2025-07-17,0,0.390554,0
TSLA,2,ohlcv,5,42,2025-07-18,1,0.441914,0
TSLA,2,ohlcv,5,42,2025-07-21,0,0.389748,0
TSLA,2,ohlcv,5,42,2025-07-22,1,0.487141,0
TSLA,2,ohlcv,5,42,2025-07-23,1,0.497662,0
TSLA,2,ohlcv,5,42,2025-07-24,0,0.408973,0
TSLA,2,ohlcv,5,42,2025-07-25,1,0.710877,1
TSLA,2,ohlcv,5,42,2025-07-28,1,0.618795,1
TSLA,2,ohlcv,5,42,2025-07-29,0,0.585198,1
TSLA,2,ohlcv,5,42,2025-07-30,0,0.446505,0
TSLA,2,ohlcv,5,42,2025-07-31,0,0.447823,0
TSLA,2,ohlcv,5,42,2025-08-01,0,0.456203,0
TSLA,2,ohlcv,5,42,2025-08-04,1,0.422260,0
TSLA,2,ohlcv,5,42,2025-08-05,0,0.477851,0
TSLA,2,ohlcv,5,42,2025-08-06,1,0.451880,0
TSLA,2,ohlcv,5,42,2025-08-07,1,0.361680,0
TSLA,2,ohlcv,5,42,2025-08-08,1,0.370224,0
TSLA,2,ohlcv,5,123,2025-03-18,0,0.479323,0
TSLA,2,ohlcv,5,123,2025-03-19,1,0.500864,1
TSLA,2,ohlcv,5,123,2025-03-20,1,0.536679,1
TSLA,2,ohlcv,5,123,2025-03-21,1,0.523015,1
TSLA,2,ohlcv,5,123,2025-03-24,1,0.508643,1
TSLA,2,ohlcv,5,123,2025-03-25,1,0.499808,0
TSLA,2,ohlcv,5,123,2025-03-26,0,0.502599,1
TSLA,2,ohlcv,5,123,2025-03-27,1,0.523197,1
TSLA,2,ohlcv,5,123,2025-03-28,0,0.578836,1
TSLA,2,ohlcv,5,123,2025-03-31,0,0.534440,1
TSLA,2,ohlcv,5,123,2025-04-01,1,0.566734,1
TSLA,2,ohlcv,5,123,2025-04-02,1,0.585732,1
TSLA,2,ohlcv,5,123,2025-04-03,0,0.572281,1
TSLA,2,ohlcv,5,123,2025-04-04,0,0.596613,1
TSLA,2,ohlcv,5,123,2025-04-07,0,0.594841,1
TSLA,2,ohlcv,5,123,2025-04-08,0,0.594500,1
TSLA,2,ohlcv,5,123,2025-04-09,1,0.567866,1
TSLA,2,ohlcv,5,123,2025-04-10,0,0.566016,1
TSLA,2,ohlcv,5,123,2025-04-11,0,0.579651,1
TSLA,2,ohlcv,5,123,2025-04-14,1,0.558596,1
TSLA,2,ohlcv,5,123,2025-04-15,1,0.523400,1
TSLA,2,ohlcv,5,123,2025-04-16,0,0.546883,1
TSLA,2,ohlcv,5,123,2025-04-17,0,0.563098,1
TSLA,2,ohlcv,5,123,2025-04-21,0,0.506225,1
TSLA,2,ohlcv,5,123,2025-04-22,1,0.536764,1
TSLA,2,ohlcv,5,123,2025-04-23,1,0.573905,1
TSLA,2,ohlcv,5,123,2025-04-24,1,0.510188,1
TSLA,2,ohlcv,5,123,2025-04-25,1,0.475242,0
TSLA,2,ohlcv,5,123,2025-04-28,1,0.508915,1
TSLA,2,ohlcv,5,123,2025-04-29,1,0.544114,1
TSLA,2,ohlcv,5,123,2025-04-30,0,0.517538,1
TSLA,2,ohlcv,5,123,2025-05-01,0,0.559005,1
TSLA,2,ohlcv,5,123,2025-05-02,1,0.585355,1
TSLA,2,ohlcv,5,123,2025-05-05,0,0.577791,1
TSLA,2,ohlcv,5,123,2025-05-06,0,0.544105,1
TSLA,2,ohlcv,5,123,2025-05-07,1,0.516684,1
TSLA,2,ohlcv,5,123,2025-05-08,1,0.461195,0
TSLA,2,ohlcv,5,123,2025-05-09,1,0.487914,0
TSLA,2,ohlcv,5,123,2025-05-12,1,0.539349,1
TSLA,2,ohlcv,5,123,2025-05-13,1,0.495862,0
TSLA,2,ohlcv,5,123,2025-05-14,1,0.503116,1
TSLA,2,ohlcv,5,123,2025-05-15,0,0.499585,0
TSLA,2,ohlcv,5,123,2025-05-16,1,0.505578,1
TSLA,2,ohlcv,5,123,2025-05-19,0,0.455906,0
TSLA,2,ohlcv,5,123,2025-05-20,1,0.480708,0
TSLA,2,ohlcv,5,123,2025-05-21,0,0.522269,1
TSLA,2,ohlcv,5,123,2025-05-22,1,0.473992,0
TSLA,2,ohlcv,5,123,2025-05-23,0,0.503945,1
TSLA,2,ohlcv,5,123,2025-05-27,1,0.513434,1
TSLA,2,ohlcv,5,123,2025-05-28,0,0.481640,0
TSLA,2,ohlcv,5,123,2025-05-29,1,0.447590,0
TSLA,2,ohlcv,5,123,2025-05-30,0,0.452930,0
TSLA,2,ohlcv,5,123,2025-06-02,0,0.484862,0
TSLA,2,ohlcv,5,123,2025-06-03,1,0.499662,0
TSLA,2,ohlcv,5,123,2025-06-04,0,0.533106,1
TSLA,2,ohlcv,5,123,2025-06-05,0,0.482285,0
TSLA,2,ohlcv,5,123,2025-06-06,1,0.527449,1
TSLA,2,ohlcv,5,123,2025-06-09,1,0.503530,1
TSLA,2,ohlcv,5,123,2025-06-10,1,0.536035,1
TSLA,2,ohlcv,5,123,2025-06-11,1,0.497566,0
TSLA,2,ohlcv,5,123,2025-06-12,0,0.471098,0
TSLA,2,ohlcv,5,123,2025-06-13,1,0.534551,1
TSLA,2,ohlcv,5,123,2025-06-16,1,0.571756,1
TSLA,2,ohlcv,5,123,2025-06-17,0,0.484969,0
TSLA,2,ohlcv,5,123,2025-06-18,1,0.456216,0
TSLA,2,ohlcv,5,123,2025-06-20,1,0.506381,1
TSLA,2,ohlcv,5,123,2025-06-23,1,0.494204,0
TSLA,2,ohlcv,5,123,2025-06-24,0,0.535395,1
TSLA,2,ohlcv,5,123,2025-06-25,0,0.479367,0
TSLA,2,ohlcv,5,123,2025-06-26,0,0.470093,0
TSLA,2,ohlcv,5,123,2025-06-27,0,0.468360,0
TSLA,2,ohlcv,5,123,2025-06-30,0,0.487001,0
TSLA,2,ohlcv,5,123,2025-07-01,0,0.491209,0
TSLA,2,ohlcv,5,123,2025-07-02,1,0.574571,1
TSLA,2,ohlcv,5,123,2025-07-03,0,0.536767,1
TSLA,2,ohlcv,5,123,2025-07-07,0,0.474275,0
TSLA,2,ohlcv,5,123,2025-07-08,1,0.534257,1
TSLA,2,ohlcv,5,123,2025-07-09,0,0.556830,1
TSLA,2,ohlcv,5,123,2025-07-10,1,0.487501,0
TSLA,2,ohlcv,5,123,2025-07-11,1,0.458428,0
TSLA,2,ohlcv,5,123,2025-07-14,1,0.451558,0
TSLA,2,ohlcv,5,123,2025-07-15,0,0.459882,0
TSLA,2,ohlcv,5,123,2025-07-16,1,0.449360,0
TSLA,2,ohlcv,5,123,2025-07-17,0,0.449363,0
TSLA,2,ohlcv,5,123,2025-07-18,1,0.445065,0
TSLA,2,ohlcv,5,123,2025-07-21,0,0.446383,0
TSLA,2,ohlcv,5,123,2025-07-22,1,0.452130,0
TSLA,2,ohlcv,5,123,2025-07-23,1,0.452765,0
TSLA,2,ohlcv,5,123,2025-07-24,0,0.462514,0
TSLA,2,ohlcv,5,123,2025-07-25,1,0.536510,1
TSLA,2,ohlcv,5,123,2025-07-28,1,0.568647,1
TSLA,2,ohlcv,5,123,2025-07-29,0,0.552433,1
TSLA,2,ohlcv,5,123,2025-07-30,0,0.469146,0
TSLA,2,ohlcv,5,123,2025-07-31,0,0.467193,0
TSLA,2,ohlcv,5,123,2025-08-01,0,0.459249,0
TSLA,2,ohlcv,5,123,2025-08-04,1,0.464144,0
TSLA,2,ohlcv,5,123,2025-08-05,0,0.462922,0
TSLA,2,ohlcv,5,123,2025-08-06,1,0.465320,0
TSLA,2,ohlcv,5,123,2025-08-07,1,0.452655,0
TSLA,2,ohlcv,5,123,2025-08-08,1,0.442196,0
TSLA,2,ohlcv,5,2026,2025-03-18,0,0.495926,0
TSLA,2,ohlcv,5,2026,2025-03-19,1,0.512361,1
TSLA,2,ohlcv,5,2026,2025-03-20,1,0.558315,1
TSLA,2,ohlcv,5,2026,2025-03-21,1,0.525395,1
TSLA,2,ohlcv,5,2026,2025-03-24,1,0.484338,0
TSLA,2,ohlcv,5,2026,2025-03-25,1,0.489518,0
TSLA,2,ohlcv,5,2026,2025-03-26,0,0.504604,1
TSLA,2,ohlcv,5,2026,2025-03-27,1,0.511758,1
TSLA,2,ohlcv,5,2026,2025-03-28,0,0.608860,1
TSLA,2,ohlcv,5,2026,2025-03-31,0,0.559091,1
TSLA,2,ohlcv,5,2026,2025-04-01,1,0.556101,1
TSLA,2,ohlcv,5,2026,2025-04-02,1,0.616643,1
TSLA,2,ohlcv,5,2026,2025-04-03,0,0.566712,1
TSLA,2,ohlcv,5,2026,2025-04-04,0,0.619136,1
TSLA,2,ohlcv,5,2026,2025-04-07,0,0.610499,1
TSLA,2,ohlcv,5,2026,2025-04-08,0,0.627096,1
TSLA,2,ohlcv,5,2026,2025-04-09,1,0.603766,1
TSLA,2,ohlcv,5,2026,2025-04-10,0,0.542657,1
TSLA,2,ohlcv,5,2026,2025-04-11,0,0.571673,1
TSLA,2,ohlcv,5,2026,2025-04-14,1,0.584311,1
TSLA,2,ohlcv,5,2026,2025-04-15,1,0.558017,1
TSLA,2,ohlcv,5,2026,2025-04-16,0,0.601860,1
TSLA,2,ohlcv,5,2026,2025-04-17,0,0.584061,1
TSLA,2,ohlcv,5,2026,2025-04-21,0,0.524055,1
TSLA,2,ohlcv,5,2026,2025-04-22,1,0.535708,1
TSLA,2,ohlcv,5,2026,2025-04-23,1,0.561450,1
TSLA,2,ohlcv,5,2026,2025-04-24,1,0.526674,1
TSLA,2,ohlcv,5,2026,2025-04-25,1,0.464386,0
TSLA,2,ohlcv,5,2026,2025-04-28,1,0.504378,1
TSLA,2,ohlcv,5,2026,2025-04-29,1,0.564498,1
TSLA,2,ohlcv,5,2026,2025-04-30,0,0.540284,1
TSLA,2,ohlcv,5,2026,2025-05-01,0,0.557159,1
TSLA,2,ohlcv,5,2026,2025-05-02,1,0.624953,1
TSLA,2,ohlcv,5,2026,2025-05-05,0,0.620834,1
TSLA,2,ohlcv,5,2026,2025-05-06,0,0.563687,1
TSLA,2,ohlcv,5,2026,2025-05-07,1,0.514184,1
TSLA,2,ohlcv,5,2026,2025-05-08,1,0.471212,0
TSLA,2,ohlcv,5,2026,2025-05-09,1,0.506618,1
TSLA,2,ohlcv,5,2026,2025-05-12,1,0.557862,1
TSLA,2,ohlcv,5,2026,2025-05-13,1,0.496168,0
TSLA,2,ohlcv,5,2026,2025-05-14,1,0.510842,1
TSLA,2,ohlcv,5,2026,2025-05-15,0,0.504923,1
TSLA,2,ohlcv,5,2026,2025-05-16,1,0.525693,1
TSLA,2,ohlcv,5,2026,2025-05-19,0,0.468217,0
TSLA,2,ohlcv,5,2026,2025-05-20,1,0.466895,0
TSLA,2,ohlcv,5,2026,2025-05-21,0,0.528966,1
TSLA,2,ohlcv,5,2026,2025-05-22,1,0.490973,0
TSLA,2,ohlcv,5,2026,2025-05-23,0,0.515817,1
TSLA,2,ohlcv,5,2026,2025-05-27,1,0.522870,1
TSLA,2,ohlcv,5,2026,2025-05-28,0,0.477269,0
TSLA,2,ohlcv,5,2026,2025-05-29,1,0.450649,0
TSLA,2,ohlcv,5,2026,2025-05-30,0,0.459639,0
TSLA,2,ohlcv,5,2026,2025-06-02,0,0.513358,1
TSLA,2,ohlcv,5,2026,2025-06-03,1,0.548379,1
TSLA,2,ohlcv,5,2026,2025-06-04,0,0.571935,1
TSLA,2,ohlcv,5,2026,2025-06-05,0,0.501816,1
TSLA,2,ohlcv,5,2026,2025-06-06,1,0.516609,1
TSLA,2,ohlcv,5,2026,2025-06-09,1,0.517118,1
TSLA,2,ohlcv,5,2026,2025-06-10,1,0.503348,1
TSLA,2,ohlcv,5,2026,2025-06-11,1,0.487560,0
TSLA,2,ohlcv,5,2026,2025-06-12,0,0.458883,0
TSLA,2,ohlcv,5,2026,2025-06-13,1,0.582618,1
TSLA,2,ohlcv,5,2026,2025-06-16,1,0.589672,1
TSLA,2,ohlcv,5,2026,2025-06-17,0,0.479501,0
TSLA,2,ohlcv,5,2026,2025-06-18,1,0.465780,0
TSLA,2,ohlcv,5,2026,2025-06-20,1,0.515543,1
TSLA,2,ohlcv,5,2026,2025-06-23,1,0.516681,1
TSLA,2,ohlcv,5,2026,2025-06-24,0,0.538322,1
TSLA,2,ohlcv,5,2026,2025-06-25,0,0.476595,0
TSLA,2,ohlcv,5,2026,2025-06-26,0,0.478979,0
TSLA,2,ohlcv,5,2026,2025-06-27,0,0.484140,0
TSLA,2,ohlcv,5,2026,2025-06-30,0,0.525603,1
TSLA,2,ohlcv,5,2026,2025-07-01,0,0.528465,1
TSLA,2,ohlcv,5,2026,2025-07-02,1,0.573806,1
TSLA,2,ohlcv,5,2026,2025-07-03,0,0.520785,1
TSLA,2,ohlcv,5,2026,2025-07-07,0,0.465475,0
TSLA,2,ohlcv,5,2026,2025-07-08,1,0.511080,1
TSLA,2,ohlcv,5,2026,2025-07-09,0,0.558964,1
TSLA,2,ohlcv,5,2026,2025-07-10,1,0.494249,0
TSLA,2,ohlcv,5,2026,2025-07-11,1,0.461666,0
TSLA,2,ohlcv,5,2026,2025-07-14,1,0.447498,0
TSLA,2,ohlcv,5,2026,2025-07-15,0,0.475197,0
TSLA,2,ohlcv,5,2026,2025-07-16,1,0.463089,0
TSLA,2,ohlcv,5,2026,2025-07-17,0,0.464570,0
TSLA,2,ohlcv,5,2026,2025-07-18,1,0.451982,0
TSLA,2,ohlcv,5,2026,2025-07-21,0,0.459611,0
TSLA,2,ohlcv,5,2026,2025-07-22,1,0.462193,0
TSLA,2,ohlcv,5,2026,2025-07-23,1,0.488011,0
TSLA,2,ohlcv,5,2026,2025-07-24,0,0.497189,0
TSLA,2,ohlcv,5,2026,2025-07-25,1,0.510658,1
TSLA,2,ohlcv,5,2026,2025-07-28,1,0.553517,1
TSLA,2,ohlcv,5,2026,2025-07-29,0,0.548693,1
TSLA,2,ohlcv,5,2026,2025-07-30,0,0.461602,0
TSLA,2,ohlcv,5,2026,2025-07-31,0,0.477603,0
TSLA,2,ohlcv,5,2026,2025-08-01,0,0.474290,0
TSLA,2,ohlcv,5,2026,2025-08-04,1,0.487493,0
TSLA,2,ohlcv,5,2026,2025-08-05,0,0.481041,0
TSLA,2,ohlcv,5,2026,2025-08-06,1,0.484181,0
TSLA,2,ohlcv,5,2026,2025-08-07,1,0.463810,0
TSLA,2,ohlcv,5,2026,2025-08-08,1,0.450308,0
TSLA,2,ohlcv,20,42,2025-03-18,0,0.451857,0
TSLA,2,ohlcv,20,42,2025-03-19,1,0.533238,1
TSLA,2,ohlcv,20,42,2025-03-20,1,0.506674,1
TSLA,2,ohlcv,20,42,2025-03-21,1,0.463662,0
TSLA,2,ohlcv,20,42,2025-03-24,1,0.466780,0
TSLA,2,ohlcv,20,42,2025-03-25,1,0.510692,1
TSLA,2,ohlcv,20,42,2025-03-26,0,0.566475,1
TSLA,2,ohlcv,20,42,2025-03-27,1,0.675033,1
TSLA,2,ohlcv,20,42,2025-03-28,0,0.726185,1
TSLA,2,ohlcv,20,42,2025-03-31,0,0.668762,1
TSLA,2,ohlcv,20,42,2025-04-01,1,0.752959,1
TSLA,2,ohlcv,20,42,2025-04-02,1,0.686988,1
TSLA,2,ohlcv,20,42,2025-04-03,0,0.706262,1
TSLA,2,ohlcv,20,42,2025-04-04,0,0.788320,1
TSLA,2,ohlcv,20,42,2025-04-07,0,0.773844,1
TSLA,2,ohlcv,20,42,2025-04-08,0,0.778693,1
TSLA,2,ohlcv,20,42,2025-04-09,1,0.712533,1
TSLA,2,ohlcv,20,42,2025-04-10,0,0.644712,1
TSLA,2,ohlcv,20,42,2025-04-11,0,0.741832,1
TSLA,2,ohlcv,20,42,2025-04-14,1,0.693569,1
TSLA,2,ohlcv,20,42,2025-04-15,1,0.583440,1
TSLA,2,ohlcv,20,42,2025-04-16,0,0.629412,1
TSLA,2,ohlcv,20,42,2025-04-17,0,0.695071,1
TSLA,2,ohlcv,20,42,2025-04-21,0,0.507351,1
TSLA,2,ohlcv,20,42,2025-04-22,1,0.629987,1
TSLA,2,ohlcv,20,42,2025-04-23,1,0.547415,1
TSLA,2,ohlcv,20,42,2025-04-24,1,0.515419,1
TSLA,2,ohlcv,20,42,2025-04-25,1,0.441798,0
TSLA,2,ohlcv,20,42,2025-04-28,1,0.504896,1
TSLA,2,ohlcv,20,42,2025-04-29,1,0.625321,1
TSLA,2,ohlcv,20,42,2025-04-30,0,0.608292,1
TSLA,2,ohlcv,20,42,2025-05-01,0,0.736426,1
TSLA,2,ohlcv,20,42,2025-05-02,1,0.752337,1
TSLA,2,ohlcv,20,42,2025-05-05,0,0.700347,1
TSLA,2,ohlcv,20,42,2025-05-06,0,0.675067,1
TSLA,2,ohlcv,20,42,2025-05-07,1,0.580347,1
TSLA,2,ohlcv,20,42,2025-05-08,1,0.427830,0
TSLA,2,ohlcv,20,42,2025-05-09,1,0.455257,0
TSLA,2,ohlcv,20,42,2025-05-12,1,0.568162,1
TSLA,2,ohlcv,20,42,2025-05-13,1,0.525019,1
TSLA,2,ohlcv,20,42,2025-05-14,1,0.547018,1
TSLA,2,ohlcv,20,42,2025-05-15,0,0.557179,1
TSLA,2,ohlcv,20,42,2025-05-16,1,0.695242,1
TSLA,2,ohlcv,20,42,2025-05-19,0,0.510808,1
TSLA,2,ohlcv,20,42,2025-05-20,1,0.520509,1
TSLA,2,ohlcv,20,42,2025-05-21,0,0.538286,1
TSLA,2,ohlcv,20,42,2025-05-22,1,0.476776,0
TSLA,2,ohlcv,20,42,2025-05-23,0,0.444629,0
TSLA,2,ohlcv,20,42,2025-05-27,1,0.504190,1
TSLA,2,ohlcv,20,42,2025-05-28,0,0.452748,0
TSLA,2,ohlcv,20,42,2025-05-29,1,0.424042,0
TSLA,2,ohlcv,20,42,2025-05-30,0,0.464555,0
TSLA,2,ohlcv,20,42,2025-06-02,0,0.466034,0
TSLA,2,ohlcv,20,42,2025-06-03,1,0.514199,1
TSLA,2,ohlcv,20,42,2025-06-04,0,0.525024,1
TSLA,2,ohlcv,20,42,2025-06-05,0,0.473757,0
TSLA,2,ohlcv,20,42,2025-06-06,1,0.521262,1
TSLA,2,ohlcv,20,42,2025-06-09,1,0.494876,0
TSLA,2,ohlcv,20,42,2025-06-10,1,0.458535,0
TSLA,2,ohlcv,20,42,2025-06-11,1,0.484998,0
TSLA,2,ohlcv,20,42,2025-06-12,0,0.486931,0
TSLA,2,ohlcv,20,42,2025-06-13,1,0.628277,1
TSLA,2,ohlcv,20,42,2025-06-16,1,0.673109,1
TSLA,2,ohlcv,20,42,2025-06-17,0,0.492052,0
TSLA,2,ohlcv,20,42,2025-06-18,1,0.431110,0
TSLA,2,ohlcv,20,42,2025-06-20,1,0.467992,0
TSLA,2,ohlcv,20,42,2025-06-23,1,0.501979,1
TSLA,2,ohlcv,20,42,2025-06-24,0,0.565200,1
TSLA,2,ohlcv,20,42,2025-06-25,0,0.500817,1
TSLA,2,ohlcv,20,42,2025-06-26,0,0.485834,0
TSLA,2,ohlcv,20,42,2025-06-27,0,0.442834,0
TSLA,2,ohlcv,20,42,2025-06-30,0,0.456284,0
TSLA,2,ohlcv,20,42,2025-07-01,0,0.473863,0
TSLA,2,ohlcv,20,42,2025-07-02,1,0.703346,1
TSLA,2,ohlcv,20,42,2025-07-03,0,0.520539,1
TSLA,2,ohlcv,20,42,2025-07-07,0,0.454585,0
TSLA,2,ohlcv,20,42,2025-07-08,1,0.557782,1
TSLA,2,ohlcv,20,42,2025-07-09,0,0.560977,1
TSLA,2,ohlcv,20,42,2025-07-10,1,0.456019,0
TSLA,2,ohlcv,20,42,2025-07-11,1,0.412346,0
TSLA,2,ohlcv,20,42,2025-07-14,1,0.377992,0
TSLA,2,ohlcv,20,42,2025-07-15,0,0.443381,0
TSLA,2,ohlcv,20,42,2025-07-16,1,0.434933,0
TSLA,2,ohlcv,20,42,2025-07-17,0,0.411911,0
TSLA,2,ohlcv,20,42,2025-07-18,1,0.419420,0
TSLA,2,ohlcv,20,42,2025-07-21,0,0.409389,0
TSLA,2,ohlcv,20,42,2025-07-22,1,0.445894,0
TSLA,2,ohlcv,20,42,2025-07-23,1,0.473525,0
TSLA,2,ohlcv,20,42,2025-07-24,0,0.448546,0
TSLA,2,ohlcv,20,42,2025-07-25,1,0.608193,1
TSLA,2,ohlcv,20,42,2025-07-28,1,0.605865,1
TSLA,2,ohlcv,20,42,2025-07-29,0,0.574277,1
TSLA,2,ohlcv,20,42,2025-07-30,0,0.445407,0
TSLA,2,ohlcv,20,42,2025-07-31,0,0.452005,0
TSLA,2,ohlcv,20,42,2025-08-01,0,0.445201,0
TSLA,2,ohlcv,20,42,2025-08-04,1,0.433274,0
TSLA,2,ohlcv,20,42,2025-08-05,0,0.467814,0
TSLA,2,ohlcv,20,42,2025-08-06,1,0.436622,0
TSLA,2,ohlcv,20,42,2025-08-07,1,0.395565,0
TSLA,2,ohlcv,20,42,2025-08-08,1,0.386158,0
TSLA,2,ohlcv,20,123,2025-03-18,0,0.436949,0
TSLA,2,ohlcv,20,123,2025-03-19,1,0.543161,1
TSLA,2,ohlcv,20,123,2025-03-20,1,0.445071,0
TSLA,2,ohlcv,20,123,2025-03-21,1,0.400027,0
TSLA,2,ohlcv,20,123,2025-03-24,1,0.485456,0
TSLA,2,ohlcv,20,123,2025-03-25,1,0.493171,0
TSLA,2,ohlcv,20,123,2025-03-26,0,0.517901,1
TSLA,2,ohlcv,20,123,2025-03-27,1,0.707777,1
TSLA,2,ohlcv,20,123,2025-03-28,0,0.733369,1
TSLA,2,ohlcv,20,123,2025-03-31,0,0.669182,1
TSLA,2,ohlcv,20,123,2025-04-01,1,0.767316,1
TSLA,2,ohlcv,20,123,2025-04-02,1,0.710536,1
TSLA,2,ohlcv,20,123,2025-04-03,0,0.717575,1
TSLA,2,ohlcv,20,123,2025-04-04,0,0.801768,1
TSLA,2,ohlcv,20,123,2025-04-07,0,0.797478,1
TSLA,2,ohlcv,20,123,2025-04-08,0,0.776259,1
TSLA,2,ohlcv,20,123,2025-04-09,1,0.691971,1
TSLA,2,ohlcv,20,123,2025-04-10,0,0.676066,1
TSLA,2,ohlcv,20,123,2025-04-11,0,0.761238,1
TSLA,2,ohlcv,20,123,2025-04-14,1,0.677891,1
TSLA,2,ohlcv,20,123,2025-04-15,1,0.542836,1
TSLA,2,ohlcv,20,123,2025-04-16,0,0.622078,1
TSLA,2,ohlcv,20,123,2025-04-17,0,0.733861,1
TSLA,2,ohlcv,20,123,2025-04-21,0,0.530635,1
TSLA,2,ohlcv,20,123,2025-04-22,1,0.676623,1
TSLA,2,ohlcv,20,123,2025-04-23,1,0.636630,1
TSLA,2,ohlcv,20,123,2025-04-24,1,0.469371,0
TSLA,2,ohlcv,20,123,2025-04-25,1,0.458406,0
TSLA,2,ohlcv,20,123,2025-04-28,1,0.516750,1
TSLA,2,ohlcv,20,123,2025-04-29,1,0.644893,1
TSLA,2,ohlcv,20,123,2025-04-30,0,0.598065,1
TSLA,2,ohlcv,20,123,2025-05-01,0,0.747296,1
TSLA,2,ohlcv,20,123,2025-05-02,1,0.777289,1
TSLA,2,ohlcv,20,123,2025-05-05,0,0.721840,1
TSLA,2,ohlcv,20,123,2025-05-06,0,0.693323,1
TSLA,2,ohlcv,20,123,2025-05-07,1,0.608731,1
TSLA,2,ohlcv,20,123,2025-05-08,1,0.442081,0
TSLA,2,ohlcv,20,123,2025-05-09,1,0.416933,0
TSLA,2,ohlcv,20,123,2025-05-12,1,0.582650,1
TSLA,2,ohlcv,20,123,2025-05-13,1,0.501425,1
TSLA,2,ohlcv,20,123,2025-05-14,1,0.508192,1
TSLA,2,ohlcv,20,123,2025-05-15,0,0.522132,1
TSLA,2,ohlcv,20,123,2025-05-16,1,0.707959,1
TSLA,2,ohlcv,20,123,2025-05-19,0,0.520026,1
TSLA,2,ohlcv,20,123,2025-05-20,1,0.584216,1
TSLA,2,ohlcv,20,123,2025-05-21,0,0.686653,1
TSLA,2,ohlcv,20,123,2025-05-22,1,0.537884,1
TSLA,2,ohlcv,20,123,2025-05-23,0,0.459308,0
TSLA,2,ohlcv,20,123,2025-05-27,1,0.462891,0
TSLA,2,ohlcv,20,123,2025-05-28,0,0.415732,0
TSLA,2,ohlcv,20,123,2025-05-29,1,0.423215,0
TSLA,2,ohlcv,20,123,2025-05-30,0,0.463780,0
TSLA,2,ohlcv,20,123,2025-06-02,0,0.439961,0
TSLA,2,ohlcv,20,123,2025-06-03,1,0.480606,0
TSLA,2,ohlcv,20,123,2025-06-04,0,0.479216,0
TSLA,2,ohlcv,20,123,2025-06-05,0,0.466033,0
TSLA,2,ohlcv,20,123,2025-06-06,1,0.583896,1
TSLA,2,ohlcv,20,123,2025-06-09,1,0.485771,0
TSLA,2,ohlcv,20,123,2025-06-10,1,0.433143,0
TSLA,2,ohlcv,20,123,2025-06-11,1,0.461436,0
TSLA,2,ohlcv,20,123,2025-06-12,0,0.503681,1
TSLA,2,ohlcv,20,123,2025-06-13,1,0.590386,1
TSLA,2,ohlcv,20,123,2025-06-16,1,0.678466,1
TSLA,2,ohlcv,20,123,2025-06-17,0,0.521131,1
TSLA,2,ohlcv,20,123,2025-06-18,1,0.437452,0
TSLA,2,ohlcv,20,123,2025-06-20,1,0.414233,0
TSLA,2,ohlcv,20,123,2025-06-23,1,0.477559,0
TSLA,2,ohlcv,20,123,2025-06-24,0,0.557994,1
TSLA,2,ohlcv,20,123,2025-06-25,0,0.531899,1
TSLA,2,ohlcv,20,123,2025-06-26,0,0.492664,0
TSLA,2,ohlcv,20,123,2025-06-27,0,0.457923,0
TSLA,2,ohlcv,20,123,2025-06-30,0,0.431710,0
TSLA,2,ohlcv,20,123,2025-07-01,0,0.428134,0
TSLA,2,ohlcv,20,123,2025-07-02,1,0.709713,1
TSLA,2,ohlcv,20,123,2025-07-03,0,0.461760,0
TSLA,2,ohlcv,20,123,2025-07-07,0,0.482663,0
TSLA,2,ohlcv,20,123,2025-07-08,1,0.604115,1
TSLA,2,ohlcv,20,123,2025-07-09,0,0.556468,1
TSLA,2,ohlcv,20,123,2025-07-10,1,0.464348,0
TSLA,2,ohlcv,20,123,2025-07-11,1,0.387496,0
TSLA,2,ohlcv,20,123,2025-07-14,1,0.381469,0
TSLA,2,ohlcv,20,123,2025-07-15,0,0.436892,0
TSLA,2,ohlcv,20,123,2025-07-16,1,0.431966,0
TSLA,2,ohlcv,20,123,2025-07-17,0,0.381566,0
TSLA,2,ohlcv,20,123,2025-07-18,1,0.424905,0
TSLA,2,ohlcv,20,123,2025-07-21,0,0.385533,0
TSLA,2,ohlcv,20,123,2025-07-22,1,0.447314,0
TSLA,2,ohlcv,20,123,2025-07-23,1,0.452562,0
TSLA,2,ohlcv,20,123,2025-07-24,0,0.363095,0
TSLA,2,ohlcv,20,123,2025-07-25,1,0.656800,1
TSLA,2,ohlcv,20,123,2025-07-28,1,0.646858,1
TSLA,2,ohlcv,20,123,2025-07-29,0,0.528782,1
TSLA,2,ohlcv,20,123,2025-07-30,0,0.451111,0
TSLA,2,ohlcv,20,123,2025-07-31,0,0.459708,0
TSLA,2,ohlcv,20,123,2025-08-01,0,0.446877,0
TSLA,2,ohlcv,20,123,2025-08-04,1,0.429651,0
TSLA,2,ohlcv,20,123,2025-08-05,0,0.465872,0
TSLA,2,ohlcv,20,123,2025-08-06,1,0.452111,0
TSLA,2,ohlcv,20,123,2025-08-07,1,0.373119,0
TSLA,2,ohlcv,20,123,2025-08-08,1,0.383218,0
TSLA,2,ohlcv,20,2026,2025-03-18,0,0.437050,0
TSLA,2,ohlcv,20,2026,2025-03-19,1,0.597486,1
TSLA,2,ohlcv,20,2026,2025-03-20,1,0.457162,0
TSLA,2,ohlcv,20,2026,2025-03-21,1,0.446705,0
TSLA,2,ohlcv,20,2026,2025-03-24,1,0.480653,0
TSLA,2,ohlcv,20,2026,2025-03-25,1,0.514633,1
TSLA,2,ohlcv,20,2026,2025-03-26,0,0.556345,1
TSLA,2,ohlcv,20,2026,2025-03-27,1,0.709622,1
TSLA,2,ohlcv,20,2026,2025-03-28,0,0.753320,1
TSLA,2,ohlcv,20,2026,2025-03-31,0,0.683130,1
TSLA,2,ohlcv,20,2026,2025-04-01,1,0.788983,1
TSLA,2,ohlcv,20,2026,2025-04-02,1,0.743517,1
TSLA,2,ohlcv,20,2026,2025-04-03,0,0.758464,1
TSLA,2,ohlcv,20,2026,2025-04-04,0,0.837620,1
TSLA,2,ohlcv,20,2026,2025-04-07,0,0.825984,1
TSLA,2,ohlcv,20,2026,2025-04-08,0,0.813148,1
TSLA,2,ohlcv,20,2026,2025-04-09,1,0.719182,1
TSLA,2,ohlcv,20,2026,2025-04-10,0,0.613997,1
TSLA,2,ohlcv,20,2026,2025-04-11,0,0.711051,1
TSLA,2,ohlcv,20,2026,2025-04-14,1,0.679911,1
TSLA,2,ohlcv,20,2026,2025-04-15,1,0.558515,1
TSLA,2,ohlcv,20,2026,2025-04-16,0,0.666433,1
TSLA,2,ohlcv,20,2026,2025-04-17,0,0.742133,1
TSLA,2,ohlcv,20,2026,2025-04-21,0,0.542664,1
TSLA,2,ohlcv,20,2026,2025-04-22,1,0.696065,1
TSLA,2,ohlcv,20,2026,2025-04-23,1,0.594523,1
TSLA,2,ohlcv,20,2026,2025-04-24,1,0.460181,0
TSLA,2,ohlcv,20,2026,2025-04-25,1,0.427237,0
TSLA,2,ohlcv,20,2026,2025-04-28,1,0.533584,1
TSLA,2,ohlcv,20,2026,2025-04-29,1,0.651937,1
TSLA,2,ohlcv,20,2026,2025-04-30,0,0.654942,1
TSLA,2,ohlcv,20,2026,2025-05-01,0,0.794036,1
TSLA,2,ohlcv,20,2026,2025-05-02,1,0.814022,1
TSLA,2,ohlcv,20,2026,2025-05-05,0,0.775519,1
TSLA,2,ohlcv,20,2026,2025-05-06,0,0.736674,1
TSLA,2,ohlcv,20,2026,2025-05-07,1,0.636967,1
TSLA,2,ohlcv,20,2026,2025-05-08,1,0.445650,0
TSLA,2,ohlcv,20,2026,2025-05-09,1,0.434126,0
TSLA,2,ohlcv,20,2026,2025-05-12,1,0.582089,1
TSLA,2,ohlcv,20,2026,2025-05-13,1,0.485641,0
TSLA,2,ohlcv,20,2026,2025-05-14,1,0.548583,1
TSLA,2,ohlcv,20,2026,2025-05-15,0,0.559165,1
TSLA,2,ohlcv,20,2026,2025-05-16,1,0.750925,1
TSLA,2,ohlcv,20,2026,2025-05-19,0,0.608905,1
TSLA,2,ohlcv,20,2026,2025-05-20,1,0.613320,1
TSLA,2,ohlcv,20,2026,2025-05-21,0,0.667318,1
TSLA,2,ohlcv,20,2026,2025-05-22,1,0.513490,1
TSLA,2,ohlcv,20,2026,2025-05-23,0,0.491197,0
TSLA,2,ohlcv,20,2026,2025-05-27,1,0.506497,1
TSLA,2,ohlcv,20,2026,2025-05-28,0,0.432445,0
TSLA,2,ohlcv,20,2026,2025-05-29,1,0.414128,0
TSLA,2,ohlcv,20,2026,2025-05-30,0,0.442995,0
TSLA,2,ohlcv,20,2026,2025-06-02,0,0.453232,0
TSLA,2,ohlcv,20,2026,2025-06-03,1,0.473174,0
TSLA,2,ohlcv,20,2026,2025-06-04,0,0.483061,0
TSLA,2,ohlcv,20,2026,2025-06-05,0,0.450668,0
TSLA,2,ohlcv,20,2026,2025-06-06,1,0.522374,1
TSLA,2,ohlcv,20,2026,2025-06-09,1,0.426107,0
TSLA,2,ohlcv,20,2026,2025-06-10,1,0.412385,0
TSLA,2,ohlcv,20,2026,2025-06-11,1,0.448311,0
TSLA,2,ohlcv,20,2026,2025-06-12,0,0.463180,0
TSLA,2,ohlcv,20,2026,2025-06-13,1,0.589365,1
TSLA,2,ohlcv,20,2026,2025-06-16,1,0.689313,1
TSLA,2,ohlcv,20,2026,2025-06-17,0,0.432604,0
TSLA,2,ohlcv,20,2026,2025-06-18,1,0.424700,0
TSLA,2,ohlcv,20,2026,2025-06-20,1,0.418496,0
TSLA,2,ohlcv,20,2026,2025-06-23,1,0.444254,0
TSLA,2,ohlcv,20,2026,2025-06-24,0,0.535450,1
TSLA,2,ohlcv,20,2026,2025-06-25,0,0.457727,0
TSLA,2,ohlcv,20,2026,2025-06-26,0,0.457620,0
TSLA,2,ohlcv,20,2026,2025-06-27,0,0.437813,0
TSLA,2,ohlcv,20,2026,2025-06-30,0,0.437206,0
TSLA,2,ohlcv,20,2026,2025-07-01,0,0.453660,0
TSLA,2,ohlcv,20,2026,2025-07-02,1,0.712084,1
TSLA,2,ohlcv,20,2026,2025-07-03,0,0.448413,0
TSLA,2,ohlcv,20,2026,2025-07-07,0,0.438448,0
TSLA,2,ohlcv,20,2026,2025-07-08,1,0.594176,1
TSLA,2,ohlcv,20,2026,2025-07-09,0,0.535576,1
TSLA,2,ohlcv,20,2026,2025-07-10,1,0.431880,0
TSLA,2,ohlcv,20,2026,2025-07-11,1,0.392787,0
TSLA,2,ohlcv,20,2026,2025-07-14,1,0.375430,0
TSLA,2,ohlcv,20,2026,2025-07-15,0,0.416960,0
TSLA,2,ohlcv,20,2026,2025-07-16,1,0.425151,0
TSLA,2,ohlcv,20,2026,2025-07-17,0,0.416065,0
TSLA,2,ohlcv,20,2026,2025-07-18,1,0.417915,0
TSLA,2,ohlcv,20,2026,2025-07-21,0,0.418996,0
TSLA,2,ohlcv,20,2026,2025-07-22,1,0.438907,0
TSLA,2,ohlcv,20,2026,2025-07-23,1,0.463035,0
TSLA,2,ohlcv,20,2026,2025-07-24,0,0.451591,0
TSLA,2,ohlcv,20,2026,2025-07-25,1,0.659241,1
TSLA,2,ohlcv,20,2026,2025-07-28,1,0.638341,1
TSLA,2,ohlcv,20,2026,2025-07-29,0,0.532348,1
TSLA,2,ohlcv,20,2026,2025-07-30,0,0.415277,0
TSLA,2,ohlcv,20,2026,2025-07-31,0,0.441912,0
TSLA,2,ohlcv,20,2026,2025-08-01,0,0.442650,0
TSLA,2,ohlcv,20,2026,2025-08-04,1,0.437122,0
TSLA,2,ohlcv,20,2026,2025-08-05,0,0.437539,0
TSLA,2,ohlcv,20,2026,2025-08-06,1,0.432959,0
TSLA,2,ohlcv,20,2026,2025-08-07,1,0.406169,0
TSLA,2,ohlcv,20,2026,2025-08-08,1,0.401482,0
TSLA,3,close-return,5,42,2025-08-11,1,0.514321,1
TSLA,3,close-return,5,42,2025-08-12,1,0.525661,1
TSLA,3,close-return,5,42,2025-08-13,0,0.514903,1
TSLA,3,close-return,5,42,2025-08-14,0,0.492297,0
TSLA,3,close-return,5,42,2025-08-15,0,0.496163,0
TSLA,3,close-return,5,42,2025-08-18,1,0.505875,1
TSLA,3,close-return,5,42,2025-08-19,0,0.493150,0
TSLA,3,close-return,5,42,2025-08-20,0,0.505997,1
TSLA,3,close-return,5,42,2025-08-21,0,0.511080,1
TSLA,3,close-return,5,42,2025-08-22,1,0.510257,1
TSLA,3,close-return,5,42,2025-08-25,1,0.495052,0
TSLA,3,close-return,5,42,2025-08-26,1,0.499645,0
TSLA,3,close-return,5,42,2025-08-27,0,0.509401,1
TSLA,3,close-return,5,42,2025-08-28,0,0.496550,0
TSLA,3,close-return,5,42,2025-08-29,0,0.493975,0
TSLA,3,close-return,5,42,2025-09-02,0,0.518586,1
TSLA,3,close-return,5,42,2025-09-03,1,0.515538,1
TSLA,3,close-return,5,42,2025-09-04,1,0.498565,0
TSLA,3,close-return,5,42,2025-09-05,1,0.490864,0
TSLA,3,close-return,5,42,2025-09-08,0,0.494797,0
TSLA,3,close-return,5,42,2025-09-09,1,0.491160,0
TSLA,3,close-return,5,42,2025-09-10,1,0.491182,0
TSLA,3,close-return,5,42,2025-09-11,1,0.490803,0
TSLA,3,close-return,5,42,2025-09-12,1,0.521949,1
TSLA,3,close-return,5,42,2025-09-15,1,0.555272,1
TSLA,3,close-return,5,42,2025-09-16,1,0.572742,1
TSLA,3,close-return,5,42,2025-09-17,1,0.577523,1
TSLA,3,close-return,5,42,2025-09-18,0,0.569758,1
TSLA,3,close-return,5,42,2025-09-19,1,0.499606,0
TSLA,3,close-return,5,42,2025-09-22,1,0.494163,0
TSLA,3,close-return,5,42,2025-09-23,0,0.495335,0
TSLA,3,close-return,5,42,2025-09-24,1,0.498031,0
TSLA,3,close-return,5,42,2025-09-25,0,0.495155,0
TSLA,3,close-return,5,42,2025-09-26,1,0.512281,1
TSLA,3,close-return,5,42,2025-09-29,1,0.489360,0
TSLA,3,close-return,5,42,2025-09-30,1,0.489177,0
TSLA,3,close-return,5,42,2025-10-01,1,0.490114,0
TSLA,3,close-return,5,42,2025-10-02,0,0.497636,0
TSLA,3,close-return,5,42,2025-10-03,0,0.515091,1
TSLA,3,close-return,5,42,2025-10-06,1,0.514398,1
TSLA,3,close-return,5,42,2025-10-07,0,0.489779,0
TSLA,3,close-return,5,42,2025-10-08,1,0.515092,1
TSLA,3,close-return,5,42,2025-10-09,0,0.498720,0
TSLA,3,close-return,5,42,2025-10-10,0,0.498632,0
TSLA,3,close-return,5,42,2025-10-13,1,0.525966,1
TSLA,3,close-return,5,42,2025-10-14,0,0.489308,0
TSLA,3,close-return,5,42,2025-10-15,1,0.498018,0
TSLA,3,close-return,5,42,2025-10-16,0,0.490326,0
TSLA,3,close-return,5,42,2025-10-17,1,0.500695,1
TSLA,3,close-return,5,42,2025-10-20,1,0.491982,0
TSLA,3,close-return,5,42,2025-10-21,0,0.491356,0
TSLA,3,close-return,5,42,2025-10-22,0,0.491936,0
TSLA,3,close-return,5,42,2025-10-23,1,0.497579,0
TSLA,3,close-return,5,42,2025-10-24,0,0.490369,0
TSLA,3,close-return,5,42,2025-10-27,1,0.511799,1
TSLA,3,close-return,5,42,2025-10-28,1,0.488858,0
TSLA,3,close-return,5,42,2025-10-29,1,0.494477,0
TSLA,3,close-return,5,42,2025-10-30,0,0.492346,0
TSLA,3,close-return,5,42,2025-10-31,1,0.519589,1
TSLA,3,close-return,5,42,2025-11-03,1,0.489334,0
TSLA,3,close-return,5,42,2025-11-04,0,0.492123,0
TSLA,3,close-return,5,42,2025-11-05,1,0.519889,1
TSLA,3,close-return,5,42,2025-11-06,0,0.488795,0
TSLA,3,close-return,5,42,2025-11-07,0,0.510612,1
TSLA,3,close-return,5,42,2025-11-10,1,0.524137,1
TSLA,3,close-return,5,42,2025-11-11,0,0.493473,0
TSLA,3,close-return,5,42,2025-11-12,0,0.499707,0
TSLA,3,close-return,5,42,2025-11-13,0,0.512708,1
TSLA,3,close-return,5,42,2025-11-14,1,0.533350,1
TSLA,3,close-return,5,42,2025-11-17,1,0.514783,1
TSLA,3,close-return,5,42,2025-11-18,0,0.502125,1
TSLA,3,close-return,5,42,2025-11-19,1,0.511395,1
TSLA,3,close-return,5,42,2025-11-20,0,0.499491,0
TSLA,3,close-return,5,42,2025-11-21,0,0.508503,1
TSLA,3,close-return,5,42,2025-11-24,1,0.508603,1
TSLA,3,close-return,5,42,2025-11-25,1,0.496667,0
TSLA,3,close-return,5,42,2025-11-26,1,0.495773,0
TSLA,3,close-return,5,42,2025-11-28,1,0.501092,1
TSLA,3,close-return,5,42,2025-12-01,0,0.505556,1
TSLA,3,close-return,5,42,2025-12-02,0,0.497491,0
TSLA,3,close-return,5,42,2025-12-03,1,0.491906,0
TSLA,3,close-return,5,42,2025-12-04,1,0.504121,1
TSLA,3,close-return,5,42,2025-12-05,1,0.506267,1
TSLA,3,close-return,5,42,2025-12-08,0,0.495219,0
TSLA,3,close-return,5,42,2025-12-09,1,0.509473,1
TSLA,3,close-return,5,42,2025-12-10,1,0.492714,0
TSLA,3,close-return,5,42,2025-12-11,0,0.489303,0
TSLA,3,close-return,5,42,2025-12-12,1,0.497806,0
TSLA,3,close-return,5,42,2025-12-15,1,0.489039,0
TSLA,3,close-return,5,42,2025-12-16,1,0.517618,1
TSLA,3,close-return,5,42,2025-12-17,0,0.533781,1
TSLA,3,close-return,5,42,2025-12-18,1,0.507781,1
TSLA,3,close-return,5,42,2025-12-19,0,0.495007,0
TSLA,3,close-return,5,42,2025-12-22,1,0.490945,0
TSLA,3,close-return,5,42,2025-12-23,0,0.489165,0
TSLA,3,close-return,5,42,2025-12-24,0,0.494148,0
TSLA,3,close-return,5,42,2025-12-26,0,0.491884,0
TSLA,3,close-return,5,42,2025-12-29,0,0.508329,1
TSLA,3,close-return,5,42,2025-12-30,0,0.520894,1
TSLA,3,close-return,5,42,2025-12-31,0,0.515766,1
TSLA,3,close-return,5,123,2025-08-11,1,0.503788,1
TSLA,3,close-return,5,123,2025-08-12,1,0.503430,1
TSLA,3,close-return,5,123,2025-08-13,0,0.504251,1
TSLA,3,close-return,5,123,2025-08-14,0,0.505114,1
TSLA,3,close-return,5,123,2025-08-15,0,0.505815,1
TSLA,3,close-return,5,123,2025-08-18,1,0.506266,1
TSLA,3,close-return,5,123,2025-08-19,0,0.504991,1
TSLA,3,close-return,5,123,2025-08-20,0,0.506055,1
TSLA,3,close-return,5,123,2025-08-21,0,0.506400,1
TSLA,3,close-return,5,123,2025-08-22,1,0.506308,1
TSLA,3,close-return,5,123,2025-08-25,1,0.502926,1
TSLA,3,close-return,5,123,2025-08-26,1,0.503402,1
TSLA,3,close-return,5,123,2025-08-27,0,0.503817,1
TSLA,3,close-return,5,123,2025-08-28,0,0.504976,1
TSLA,3,close-return,5,123,2025-08-29,0,0.505714,1
TSLA,3,close-return,5,123,2025-09-02,0,0.507113,1
TSLA,3,close-return,5,123,2025-09-03,1,0.506674,1
TSLA,3,close-return,5,123,2025-09-04,1,0.505144,1
TSLA,3,close-return,5,123,2025-09-05,1,0.504556,1
TSLA,3,close-return,5,123,2025-09-08,0,0.503348,1
TSLA,3,close-return,5,123,2025-09-09,1,0.505073,1
TSLA,3,close-return,5,123,2025-09-10,1,0.505130,1
TSLA,3,close-return,5,123,2025-09-11,1,0.505125,1
TSLA,3,close-return,5,123,2025-09-12,1,0.502712,1
TSLA,3,close-return,5,123,2025-09-15,1,0.501889,1
TSLA,3,close-return,5,123,2025-09-16,1,0.502425,1
TSLA,3,close-return,5,123,2025-09-17,1,0.502901,1
TSLA,3,close-return,5,123,2025-09-18,0,0.503787,1
TSLA,3,close-return,5,123,2025-09-19,1,0.505768,1
TSLA,3,close-return,5,123,2025-09-22,1,0.504419,1
TSLA,3,close-return,5,123,2025-09-23,0,0.504038,1
TSLA,3,close-return,5,123,2025-09-24,1,0.505770,1
TSLA,3,close-return,5,123,2025-09-25,0,0.503606,1
TSLA,3,close-return,5,123,2025-09-26,1,0.506715,1
TSLA,3,close-return,5,123,2025-09-29,1,0.503910,1
TSLA,3,close-return,5,123,2025-09-30,1,0.504399,1
TSLA,3,close-return,5,123,2025-10-01,1,0.504753,1
TSLA,3,close-return,5,123,2025-10-02,0,0.503563,1
TSLA,3,close-return,5,123,2025-10-03,0,0.507010,1
TSLA,3,close-return,5,123,2025-10-06,1,0.506661,1
TSLA,3,close-return,5,123,2025-10-07,0,0.503304,1
TSLA,3,close-return,5,123,2025-10-08,1,0.506576,1
TSLA,3,close-return,5,123,2025-10-09,0,0.505158,1
TSLA,3,close-return,5,123,2025-10-10,0,0.505579,1
TSLA,3,close-return,5,123,2025-10-13,1,0.507536,1
TSLA,3,close-return,5,123,2025-10-14,0,0.503713,1
TSLA,3,close-return,5,123,2025-10-15,1,0.505350,1
TSLA,3,close-return,5,123,2025-10-16,0,0.504616,1
TSLA,3,close-return,5,123,2025-10-17,1,0.505767,1
TSLA,3,close-return,5,123,2025-10-20,1,0.504249,1
TSLA,3,close-return,5,123,2025-10-21,0,0.504008,1
TSLA,3,close-return,5,123,2025-10-22,0,0.505310,1
TSLA,3,close-return,5,123,2025-10-23,1,0.505738,1
TSLA,3,close-return,5,123,2025-10-24,0,0.504335,1
TSLA,3,close-return,5,123,2025-10-27,1,0.506594,1
TSLA,3,close-return,5,123,2025-10-28,1,0.503742,1
TSLA,3,close-return,5,123,2025-10-29,1,0.503798,1
TSLA,3,close-return,5,123,2025-10-30,0,0.504566,1
TSLA,3,close-return,5,123,2025-10-31,1,0.507199,1
TSLA,3,close-return,5,123,2025-11-03,1,0.504232,1
TSLA,3,close-return,5,123,2025-11-04,0,0.503658,1
TSLA,3,close-return,5,123,2025-11-05,1,0.507044,1
TSLA,3,close-return,5,123,2025-11-06,0,0.504046,1
TSLA,3,close-return,5,123,2025-11-07,0,0.506473,1
TSLA,3,close-return,5,123,2025-11-10,1,0.507311,1
TSLA,3,close-return,5,123,2025-11-11,0,0.504377,1
TSLA,3,close-return,5,123,2025-11-12,0,0.505521,1
TSLA,3,close-return,5,123,2025-11-13,0,0.506400,1
TSLA,3,close-return,5,123,2025-11-14,1,0.507950,1
TSLA,3,close-return,5,123,2025-11-17,1,0.506353,1
TSLA,3,close-return,5,123,2025-11-18,0,0.505153,1
TSLA,3,close-return,5,123,2025-11-19,1,0.506144,1
TSLA,3,close-return,5,123,2025-11-20,0,0.505280,1
TSLA,3,close-return,5,123,2025-11-21,0,0.506352,1
TSLA,3,close-return,5,123,2025-11-24,1,0.506238,1
TSLA,3,close-return,5,123,2025-11-25,1,0.502723,1
TSLA,3,close-return,5,123,2025-11-26,1,0.503927,1
TSLA,3,close-return,5,123,2025-11-28,1,0.503931,1
TSLA,3,close-return,5,123,2025-12-01,0,0.504327,1
TSLA,3,close-return,5,123,2025-12-02,0,0.504915,1
TSLA,3,close-return,5,123,2025-12-03,1,0.505294,1
TSLA,3,close-return,5,123,2025-12-04,1,0.503421,1
TSLA,3,close-return,5,123,2025-12-05,1,0.503712,1
TSLA,3,close-return,5,123,2025-12-08,0,0.504589,1
TSLA,3,close-return,5,123,2025-12-09,1,0.506705,1
TSLA,3,close-return,5,123,2025-12-10,1,0.505225,1
TSLA,3,close-return,5,123,2025-12-11,0,0.504570,1
TSLA,3,close-return,5,123,2025-12-12,1,0.505525,1
TSLA,3,close-return,5,123,2025-12-15,1,0.504065,1
TSLA,3,close-return,5,123,2025-12-16,1,0.503231,1
TSLA,3,close-return,5,123,2025-12-17,0,0.503140,1
TSLA,3,close-return,5,123,2025-12-18,1,0.506623,1
TSLA,3,close-return,5,123,2025-12-19,0,0.504124,1
TSLA,3,close-return,5,123,2025-12-22,1,0.505035,1
TSLA,3,close-return,5,123,2025-12-23,0,0.504425,1
TSLA,3,close-return,5,123,2025-12-24,0,0.505289,1
TSLA,3,close-return,5,123,2025-12-26,0,0.505305,1
TSLA,3,close-return,5,123,2025-12-29,0,0.506370,1
TSLA,3,close-return,5,123,2025-12-30,0,0.507176,1
TSLA,3,close-return,5,123,2025-12-31,0,0.506606,1
TSLA,3,close-return,5,2026,2025-08-11,1,0.507570,1
TSLA,3,close-return,5,2026,2025-08-12,1,0.507501,1
TSLA,3,close-return,5,2026,2025-08-13,0,0.507666,1
TSLA,3,close-return,5,2026,2025-08-14,0,0.507512,1
TSLA,3,close-return,5,2026,2025-08-15,0,0.507223,1
TSLA,3,close-return,5,2026,2025-08-18,1,0.506892,1
TSLA,3,close-return,5,2026,2025-08-19,0,0.507197,1
TSLA,3,close-return,5,2026,2025-08-20,0,0.506916,1
TSLA,3,close-return,5,2026,2025-08-21,0,0.506715,1
TSLA,3,close-return,5,2026,2025-08-22,1,0.506705,1
TSLA,3,close-return,5,2026,2025-08-25,1,0.507248,1
TSLA,3,close-return,5,2026,2025-08-26,1,0.507446,1
TSLA,3,close-return,5,2026,2025-08-27,0,0.507590,1
TSLA,3,close-return,5,2026,2025-08-28,0,0.507612,1
TSLA,3,close-return,5,2026,2025-08-29,0,0.507348,1
TSLA,3,close-return,5,2026,2025-09-02,0,0.506451,1
TSLA,3,close-return,5,2026,2025-09-03,1,0.506466,1
TSLA,3,close-return,5,2026,2025-09-04,1,0.507005,1
TSLA,3,close-return,5,2026,2025-09-05,1,0.507248,1
TSLA,3,close-return,5,2026,2025-09-08,0,0.507346,1
TSLA,3,close-return,5,2026,2025-09-09,1,0.507521,1
TSLA,3,close-return,5,2026,2025-09-10,1,0.507456,1
TSLA,3,close-return,5,2026,2025-09-11,1,0.507379,1
TSLA,3,close-return,5,2026,2025-09-12,1,0.507227,1
TSLA,3,close-return,5,2026,2025-09-15,1,0.506634,1
TSLA,3,close-return,5,2026,2025-09-16,1,0.507041,1
TSLA,3,close-return,5,2026,2025-09-17,1,0.507362,1
TSLA,3,close-return,5,2026,2025-09-18,0,0.507758,1
TSLA,3,close-return,5,2026,2025-09-19,1,0.507534,1
TSLA,3,close-return,5,2026,2025-09-22,1,0.507535,1
TSLA,3,close-return,5,2026,2025-09-23,0,0.507507,1
TSLA,3,close-return,5,2026,2025-09-24,1,0.507225,1
TSLA,3,close-return,5,2026,2025-09-25,0,0.507452,1
TSLA,3,close-return,5,2026,2025-09-26,1,0.506901,1
TSLA,3,close-return,5,2026,2025-09-29,1,0.507470,1
TSLA,3,close-return,5,2026,2025-09-30,1,0.507479,1
TSLA,3,close-return,5,2026,2025-10-01,1,0.507487,1
TSLA,3,close-return,5,2026,2025-10-02,0,0.507442,1
TSLA,3,close-return,5,2026,2025-10-03,0,0.506807,1
TSLA,3,close-return,5,2026,2025-10-06,1,0.506619,1
TSLA,3,close-return,5,2026,2025-10-07,0,0.507334,1
TSLA,3,close-return,5,2026,2025-10-08,1,0.506836,1
TSLA,3,close-return,5,2026,2025-10-09,0,0.507156,1
TSLA,3,close-return,5,2026,2025-10-10,0,0.507151,1
TSLA,3,close-return,5,2026,2025-10-13,1,0.506105,1
TSLA,3,close-return,5,2026,2025-10-14,0,0.507271,1
TSLA,3,close-return,5,2026,2025-10-15,1,0.507263,1
TSLA,3,close-return,5,2026,2025-10-16,0,0.507365,1
TSLA,3,close-return,5,2026,2025-10-17,1,0.507132,1
TSLA,3,close-return,5,2026,2025-10-20,1,0.507490,1
TSLA,3,close-return,5,2026,2025-10-21,0,0.507460,1
TSLA,3,close-return,5,2026,2025-10-22,0,0.507401,1
TSLA,3,close-return,5,2026,2025-10-23,1,0.507177,1
TSLA,3,close-return,5,2026,2025-10-24,0,0.507455,1
TSLA,3,close-return,5,2026,2025-10-27,1,0.506812,1
TSLA,3,close-return,5,2026,2025-10-28,1,0.507399,1
TSLA,3,close-return,5,2026,2025-10-29,1,0.507498,1
TSLA,3,close-return,5,2026,2025-10-30,0,0.507560,1
TSLA,3,close-return,5,2026,2025-10-31,1,0.506547,1
TSLA,3,close-return,5,2026,2025-11-03,1,0.507464,1
TSLA,3,close-return,5,2026,2025-11-04,0,0.507437,1
TSLA,3,close-return,5,2026,2025-11-05,1,0.506622,1
TSLA,3,close-return,5,2026,2025-11-06,0,0.507423,1
TSLA,3,close-return,5,2026,2025-11-07,0,0.506921,1
TSLA,3,close-return,5,2026,2025-11-10,1,0.506156,1
TSLA,3,close-return,5,2026,2025-11-11,0,0.507169,1
TSLA,3,close-return,5,2026,2025-11-12,0,0.507140,1
TSLA,3,close-return,5,2026,2025-11-13,0,0.506703,1
TSLA,3,close-return,5,2026,2025-11-14,1,0.505538,1
TSLA,3,close-return,5,2026,2025-11-17,1,0.506460,1
TSLA,3,close-return,5,2026,2025-11-18,0,0.506890,1
TSLA,3,close-return,5,2026,2025-11-19,1,0.506712,1
TSLA,3,close-return,5,2026,2025-11-20,0,0.507053,1
TSLA,3,close-return,5,2026,2025-11-21,0,0.506841,1
TSLA,3,close-return,5,2026,2025-11-24,1,0.506776,1
TSLA,3,close-return,5,2026,2025-11-25,1,0.507180,1
TSLA,3,close-return,5,2026,2025-11-26,1,0.507584,1
TSLA,3,close-return,5,2026,2025-11-28,1,0.507582,1
TSLA,3,close-return,5,2026,2025-12-01,0,0.507639,1
TSLA,3,close-return,5,2026,2025-12-02,0,0.507579,1
TSLA,3,close-return,5,2026,2025-12-03,1,0.507335,1
TSLA,3,close-return,5,2026,2025-12-04,1,0.507433,1
TSLA,3,close-return,5,2026,2025-12-05,1,0.507529,1
TSLA,3,close-return,5,2026,2025-12-08,0,0.507591,1
TSLA,3,close-return,5,2026,2025-12-09,1,0.506900,1
TSLA,3,close-return,5,2026,2025-12-10,1,0.507276,1
TSLA,3,close-return,5,2026,2025-12-11,0,0.507343,1
TSLA,3,close-return,5,2026,2025-12-12,1,0.507167,1
TSLA,3,close-return,5,2026,2025-12-15,1,0.507413,1
TSLA,3,close-return,5,2026,2025-12-16,1,0.507413,1
TSLA,3,close-return,5,2026,2025-12-17,0,0.507412,1
TSLA,3,close-return,5,2026,2025-12-18,1,0.507113,1
TSLA,3,close-return,5,2026,2025-12-19,0,0.507589,1
TSLA,3,close-return,5,2026,2025-12-22,1,0.507440,1
TSLA,3,close-return,5,2026,2025-12-23,0,0.507443,1
TSLA,3,close-return,5,2026,2025-12-24,0,0.507284,1
TSLA,3,close-return,5,2026,2025-12-26,0,0.507334,1
TSLA,3,close-return,5,2026,2025-12-29,0,0.506847,1
TSLA,3,close-return,5,2026,2025-12-30,0,0.506292,1
TSLA,3,close-return,5,2026,2025-12-31,0,0.506427,1
TSLA,3,close-return,20,42,2025-08-11,1,0.502077,1
TSLA,3,close-return,20,42,2025-08-12,1,0.502399,1
TSLA,3,close-return,20,42,2025-08-13,0,0.502036,1
TSLA,3,close-return,20,42,2025-08-14,0,0.501558,1
TSLA,3,close-return,20,42,2025-08-15,0,0.501165,1
TSLA,3,close-return,20,42,2025-08-18,1,0.500913,1
TSLA,3,close-return,20,42,2025-08-19,0,0.501201,1
TSLA,3,close-return,20,42,2025-08-20,0,0.500889,1
TSLA,3,close-return,20,42,2025-08-21,0,0.500748,1
TSLA,3,close-return,20,42,2025-08-22,1,0.500697,1
TSLA,3,close-return,20,42,2025-08-25,1,0.502062,1
TSLA,3,close-return,20,42,2025-08-26,1,0.502204,1
TSLA,3,close-return,20,42,2025-08-27,0,0.502157,1
TSLA,3,close-return,20,42,2025-08-28,0,0.501594,1
TSLA,3,close-return,20,42,2025-08-29,0,0.501198,1
TSLA,3,close-return,20,42,2025-09-02,0,0.500762,1
TSLA,3,close-return,20,42,2025-09-03,1,0.500664,1
TSLA,3,close-return,20,42,2025-09-04,1,0.500937,1
TSLA,3,close-return,20,42,2025-09-05,1,0.501269,1
TSLA,3,close-return,20,42,2025-09-08,0,0.502068,1
TSLA,3,close-return,20,42,2025-09-09,1,0.501406,1
TSLA,3,close-return,20,42,2025-09-10,1,0.501330,1
TSLA,3,close-return,20,42,2025-09-11,1,0.501297,1
TSLA,3,close-return,20,42,2025-09-12,1,0.502568,1
TSLA,3,close-return,20,42,2025-09-15,1,0.503132,1
TSLA,3,close-return,20,42,2025-09-16,1,0.503249,1
TSLA,3,close-return,20,42,2025-09-17,1,0.503176,1
TSLA,3,close-return,20,42,2025-09-18,0,0.502726,1
TSLA,3,close-return,20,42,2025-09-19,1,0.501562,1
TSLA,3,close-return,20,42,2025-09-22,1,0.501939,1
TSLA,3,close-return,20,42,2025-09-23,0,0.502095,1
TSLA,3,close-return,20,42,2025-09-24,1,0.501265,1
TSLA,3,close-return,20,42,2025-09-25,0,0.502147,1
TSLA,3,close-return,20,42,2025-09-26,1,0.500947,1
TSLA,3,close-return,20,42,2025-09-29,1,0.501787,1
TSLA,3,close-return,20,42,2025-09-30,1,0.501677,1
TSLA,3,close-return,20,42,2025-10-01,1,0.501534,1
TSLA,3,close-return,20,42,2025-10-02,0,0.502179,1
TSLA,3,close-return,20,42,2025-10-03,0,0.500896,1
TSLA,3,close-return,20,42,2025-10-06,1,0.500754,1
TSLA,3,close-return,20,42,2025-10-07,0,0.501909,1
TSLA,3,close-return,20,42,2025-10-08,1,0.500857,1
TSLA,3,close-return,20,42,2025-10-09,0,0.501097,1
TSLA,3,close-return,20,42,2025-10-10,0,0.500980,1
TSLA,3,close-return,20,42,2025-10-13,1,0.500632,1
TSLA,3,close-return,20,42,2025-10-14,0,0.501485,1
TSLA,3,close-return,20,42,2025-10-15,1,0.501057,1
TSLA,3,close-return,20,42,2025-10-16,0,0.501356,1
TSLA,3,close-return,20,42,2025-10-17,1,0.500999,1
TSLA,3,close-return,20,42,2025-10-20,1,0.501550,1
TSLA,3,close-return,20,42,2025-10-21,0,0.501829,1
TSLA,3,close-return,20,42,2025-10-22,0,0.501303,1
TSLA,3,close-return,20,42,2025-10-23,1,0.501080,1
TSLA,3,close-return,20,42,2025-10-24,0,0.501577,1
TSLA,3,close-return,20,42,2025-10-27,1,0.500856,1
TSLA,3,close-return,20,42,2025-10-28,1,0.501784,1
TSLA,3,close-return,20,42,2025-10-29,1,0.501969,1
TSLA,3,close-return,20,42,2025-10-30,0,0.501681,1
TSLA,3,close-return,20,42,2025-10-31,1,0.500816,1
TSLA,3,close-return,20,42,2025-11-03,1,0.501495,1
TSLA,3,close-return,20,42,2025-11-04,0,0.501973,1
TSLA,3,close-return,20,42,2025-11-05,1,0.500834,1
TSLA,3,close-return,20,42,2025-11-06,0,0.501601,1
TSLA,3,close-return,20,42,2025-11-07,0,0.500852,1
TSLA,3,close-return,20,42,2025-11-10,1,0.500631,1
TSLA,3,close-return,20,42,2025-11-11,0,0.501175,1
TSLA,3,close-return,20,42,2025-11-12,0,0.500941,1
TSLA,3,close-return,20,42,2025-11-13,0,0.500738,1
TSLA,3,close-return,20,42,2025-11-14,1,0.500591,1
TSLA,3,close-return,20,42,2025-11-17,1,0.500466,1
TSLA,3,close-return,20,42,2025-11-18,0,0.500729,1
TSLA,3,close-return,20,42,2025-11-19,1,0.500645,1
TSLA,3,close-return,20,42,2025-11-20,0,0.500862,1
TSLA,3,close-return,20,42,2025-11-21,0,0.500688,1
TSLA,3,close-return,20,42,2025-11-24,1,0.500672,1
TSLA,3,close-return,20,42,2025-11-25,1,0.502155,1
TSLA,3,close-return,20,42,2025-11-26,1,0.501917,1
TSLA,3,close-return,20,42,2025-11-28,1,0.502032,1
TSLA,3,close-return,20,42,2025-12-01,0,0.501879,1
TSLA,3,close-return,20,42,2025-12-02,0,0.501569,1
TSLA,3,close-return,20,42,2025-12-03,1,0.501346,1
TSLA,3,close-return,20,42,2025-12-04,1,0.502232,1
TSLA,3,close-return,20,42,2025-12-05,1,0.502237,1
TSLA,3,close-return,20,42,2025-12-08,0,0.501813,1
TSLA,3,close-return,20,42,2025-12-09,1,0.500957,1
TSLA,3,close-return,20,42,2025-12-10,1,0.501179,1
TSLA,3,close-return,20,42,2025-12-11,0,0.501457,1
TSLA,3,close-return,20,42,2025-12-12,1,0.501124,1
TSLA,3,close-return,20,42,2025-12-15,1,0.501723,1
TSLA,3,close-return,20,42,2025-12-16,1,0.502342,1
TSLA,3,close-return,20,42,2025-12-17,0,0.502599,1
TSLA,3,close-return,20,42,2025-12-18,1,0.501086,1
TSLA,3,close-return,20,42,2025-12-19,0,0.501810,1
TSLA,3,close-return,20,42,2025-12-22,1,0.501428,1
TSLA,3,close-return,20,42,2025-12-23,0,0.501672,1
TSLA,3,close-return,20,42,2025-12-24,0,0.501307,1
TSLA,3,close-return,20,42,2025-12-26,0,0.501226,1
TSLA,3,close-return,20,42,2025-12-29,0,0.500867,1
TSLA,3,close-return,20,42,2025-12-30,0,0.500647,1
TSLA,3,close-return,20,42,2025-12-31,0,0.500588,1
TSLA,3,close-return,20,123,2025-08-11,1,0.503997,1
TSLA,3,close-return,20,123,2025-08-12,1,0.503648,1
TSLA,3,close-return,20,123,2025-08-13,0,0.504486,1
TSLA,3,close-return,20,123,2025-08-14,0,0.505318,1
TSLA,3,close-return,20,123,2025-08-15,0,0.505995,1
TSLA,3,close-return,20,123,2025-08-18,1,0.506416,1
TSLA,3,close-return,20,123,2025-08-19,0,0.505154,1
TSLA,3,close-return,20,123,2025-08-20,0,0.506193,1
TSLA,3,close-return,20,123,2025-08-21,0,0.506517,1
TSLA,3,close-return,20,123,2025-08-22,1,0.506412,1
TSLA,3,close-return,20,123,2025-08-25,1,0.503100,1
TSLA,3,close-return,20,123,2025-08-26,1,0.503604,1
TSLA,3,close-return,20,123,2025-08-27,0,0.504039,1
TSLA,3,close-return,20,123,2025-08-28,0,0.505190,1
TSLA,3,close-return,20,123,2025-08-29,0,0.505897,1
TSLA,3,close-return,20,123,2025-09-02,0,0.507238,1
TSLA,3,close-return,20,123,2025-09-03,1,0.506782,1
TSLA,3,close-return,20,123,2025-09-04,1,0.505267,1
TSLA,3,close-return,20,123,2025-09-05,1,0.504711,1
TSLA,3,close-return,20,123,2025-09-08,0,0.503538,1
TSLA,3,close-return,20,123,2025-09-09,1,0.505266,1
TSLA,3,close-return,20,123,2025-09-10,1,0.505311,1
TSLA,3,close-return,20,123,2025-09-11,1,0.505295,1
TSLA,3,close-return,20,123,2025-09-12,1,0.502914,1
TSLA,3,close-return,20,123,2025-09-15,1,0.502091,1
TSLA,3,close-return,20,123,2025-09-16,1,0.502681,1
TSLA,3,close-return,20,123,2025-09-17,1,0.503189,1
TSLA,3,close-return,20,123,2025-09-18,0,0.504097,1
TSLA,3,close-return,20,123,2025-09-19,1,0.506012,1
TSLA,3,close-return,20,123,2025-09-22,1,0.504662,1
TSLA,3,close-return,20,123,2025-09-23,0,0.504291,1
TSLA,3,close-return,20,123,2025-09-24,1,0.505975,1
TSLA,3,close-return,20,123,2025-09-25,0,0.503847,1
TSLA,3,close-return,20,123,2025-09-26,1,0.506895,1
TSLA,3,close-return,20,123,2025-09-29,1,0.504119,1
TSLA,3,close-return,20,123,2025-09-30,1,0.504604,1
TSLA,3,close-return,20,123,2025-10-01,1,0.504962,1
TSLA,3,close-return,20,123,2025-10-02,0,0.503777,1
TSLA,3,close-return,20,123,2025-10-03,0,0.507163,1
TSLA,3,close-return,20,123,2025-10-06,1,0.506777,1
TSLA,3,close-return,20,123,2025-10-07,0,0.503485,1
TSLA,3,close-return,20,123,2025-10-08,1,0.506711,1
TSLA,3,close-return,20,123,2025-10-09,0,0.505287,1
TSLA,3,close-return,20,123,2025-10-10,0,0.505717,1
TSLA,3,close-return,20,123,2025-10-13,1,0.507617,1
TSLA,3,close-return,20,123,2025-10-14,0,0.503840,1
TSLA,3,close-return,20,123,2025-10-15,1,0.505485,1
TSLA,3,close-return,20,123,2025-10-16,0,0.504764,1
TSLA,3,close-return,20,123,2025-10-17,1,0.505894,1
TSLA,3,close-return,20,123,2025-10-20,1,0.504426,1
TSLA,3,close-return,20,123,2025-10-21,0,0.504181,1
TSLA,3,close-return,20,123,2025-10-22,0,0.505482,1
TSLA,3,close-return,20,123,2025-10-23,1,0.505885,1
TSLA,3,close-return,20,123,2025-10-24,0,0.504524,1
TSLA,3,close-return,20,123,2025-10-27,1,0.506723,1
TSLA,3,close-return,20,123,2025-10-28,1,0.503922,1
TSLA,3,close-return,20,123,2025-10-29,1,0.504005,1
TSLA,3,close-return,20,123,2025-10-30,0,0.504776,1
TSLA,3,close-return,20,123,2025-10-31,1,0.507332,1
TSLA,3,close-return,20,123,2025-11-03,1,0.504417,1
TSLA,3,close-return,20,123,2025-11-04,0,0.503850,1
TSLA,3,close-return,20,123,2025-11-05,1,0.507179,1
TSLA,3,close-return,20,123,2025-11-06,0,0.504222,1
TSLA,3,close-return,20,123,2025-11-07,0,0.506605,1
TSLA,3,close-return,20,123,2025-11-10,1,0.507405,1
TSLA,3,close-return,20,123,2025-11-11,0,0.504498,1
TSLA,3,close-return,20,123,2025-11-12,0,0.505650,1
TSLA,3,close-return,20,123,2025-11-13,0,0.506479,1
TSLA,3,close-return,20,123,2025-11-14,1,0.508015,1
TSLA,3,close-return,20,123,2025-11-17,1,0.506385,1
TSLA,3,close-return,20,123,2025-11-18,0,0.505208,1
TSLA,3,close-return,20,123,2025-11-19,1,0.506199,1
TSLA,3,close-return,20,123,2025-11-20,0,0.505367,1
TSLA,3,close-return,20,123,2025-11-21,0,0.506419,1
TSLA,3,close-return,20,123,2025-11-24,1,0.506296,1
TSLA,3,close-return,20,123,2025-11-25,1,0.502865,1
TSLA,3,close-return,20,123,2025-11-26,1,0.504116,1
TSLA,3,close-return,20,123,2025-11-28,1,0.504131,1
TSLA,3,close-return,20,123,2025-12-01,0,0.504541,1
TSLA,3,close-return,20,123,2025-12-02,0,0.505123,1
TSLA,3,close-return,20,123,2025-12-03,1,0.505458,1
TSLA,3,close-return,20,123,2025-12-04,1,0.503637,1
TSLA,3,close-return,20,123,2025-12-05,1,0.503945,1
TSLA,3,close-return,20,123,2025-12-08,0,0.504819,1
TSLA,3,close-return,20,123,2025-12-09,1,0.506871,1
TSLA,3,close-return,20,123,2025-12-10,1,0.505405,1
TSLA,3,close-return,20,123,2025-12-11,0,0.504750,1
TSLA,3,close-return,20,123,2025-12-12,1,0.505683,1
TSLA,3,close-return,20,123,2025-12-15,1,0.504261,1
TSLA,3,close-return,20,123,2025-12-16,1,0.503451,1
TSLA,3,close-return,20,123,2025-12-17,0,0.503374,1
TSLA,3,close-return,20,123,2025-12-18,1,0.506800,1
TSLA,3,close-return,20,123,2025-12-19,0,0.504342,1
TSLA,3,close-return,20,123,2025-12-22,1,0.505230,1
TSLA,3,close-return,20,123,2025-12-23,0,0.504624,1
TSLA,3,close-return,20,123,2025-12-24,0,0.505462,1
TSLA,3,close-return,20,123,2025-12-26,0,0.505491,1
TSLA,3,close-return,20,123,2025-12-29,0,0.506501,1
TSLA,3,close-return,20,123,2025-12-30,0,0.507283,1
TSLA,3,close-return,20,123,2025-12-31,0,0.506692,1
TSLA,3,close-return,20,2026,2025-08-11,1,0.507682,1
TSLA,3,close-return,20,2026,2025-08-12,1,0.507711,1
TSLA,3,close-return,20,2026,2025-08-13,0,0.507833,1
TSLA,3,close-return,20,2026,2025-08-14,0,0.507667,1
TSLA,3,close-return,20,2026,2025-08-15,0,0.507314,1
TSLA,3,close-return,20,2026,2025-08-18,1,0.506961,1
TSLA,3,close-return,20,2026,2025-08-19,0,0.507317,1
TSLA,3,close-return,20,2026,2025-08-20,0,0.506968,1
TSLA,3,close-return,20,2026,2025-08-21,0,0.506711,1
TSLA,3,close-return,20,2026,2025-08-22,1,0.506658,1
TSLA,3,close-return,20,2026,2025-08-25,1,0.507382,1
TSLA,3,close-return,20,2026,2025-08-26,1,0.507632,1
TSLA,3,close-return,20,2026,2025-08-27,0,0.507759,1
TSLA,3,close-return,20,2026,2025-08-28,0,0.507680,1
TSLA,3,close-return,20,2026,2025-08-29,0,0.507351,1
TSLA,3,close-return,20,2026,2025-09-02,0,0.506503,1
TSLA,3,close-return,20,2026,2025-09-03,1,0.506495,1
TSLA,3,close-return,20,2026,2025-09-04,1,0.507061,1
TSLA,3,close-return,20,2026,2025-09-05,1,0.507313,1
TSLA,3,close-return,20,2026,2025-09-08,0,0.507508,1
TSLA,3,close-return,20,2026,2025-09-09,1,0.507532,1
TSLA,3,close-return,20,2026,2025-09-10,1,0.507453,1
TSLA,3,close-return,20,2026,2025-09-11,1,0.507414,1
TSLA,3,close-return,20,2026,2025-09-12,1,0.507470,1
TSLA,3,close-return,20,2026,2025-09-15,1,0.507001,1
TSLA,3,close-return,20,2026,2025-09-16,1,0.507445,1
TSLA,3,close-return,20,2026,2025-09-17,1,0.507766,1
TSLA,3,close-return,20,2026,2025-09-18,0,0.508097,1
TSLA,3,close-return,20,2026,2025-09-19,1,0.507776,1
TSLA,3,close-return,20,2026,2025-09-22,1,0.507854,1
TSLA,3,close-return,20,2026,2025-09-23,0,0.507827,1
TSLA,3,close-return,20,2026,2025-09-24,1,0.507441,1
TSLA,3,close-return,20,2026,2025-09-25,0,0.507720,1
TSLA,3,close-return,20,2026,2025-09-26,1,0.506940,1
TSLA,3,close-return,20,2026,2025-09-29,1,0.507634,1
TSLA,3,close-return,20,2026,2025-09-30,1,0.507643,1
TSLA,3,close-return,20,2026,2025-10-01,1,0.507583,1
TSLA,3,close-return,20,2026,2025-10-02,0,0.507671,1
TSLA,3,close-return,20,2026,2025-10-03,0,0.506781,1
TSLA,3,close-return,20,2026,2025-10-06,1,0.506635,1
TSLA,3,close-return,20,2026,2025-10-07,0,0.507484,1
TSLA,3,close-return,20,2026,2025-10-08,1,0.506848,1
TSLA,3,close-return,20,2026,2025-10-09,0,0.507235,1
TSLA,3,close-return,20,2026,2025-10-10,0,0.507095,1
TSLA,3,close-return,20,2026,2025-10-13,1,0.506016,1
TSLA,3,close-return,20,2026,2025-10-14,0,0.507363,1
TSLA,3,close-return,20,2026,2025-10-15,1,0.507212,1
TSLA,3,close-return,20,2026,2025-10-16,0,0.507398,1
TSLA,3,close-return,20,2026,2025-10-17,1,0.507114,1
TSLA,3,close-return,20,2026,2025-10-20,1,0.507474,1
TSLA,3,close-return,20,2026,2025-10-21,0,0.507592,1
TSLA,3,close-return,20,2026,2025-10-22,0,0.507441,1
TSLA,3,close-return,20,2026,2025-10-23,1,0.507212,1
TSLA,3,close-return,20,2026,2025-10-24,0,0.507522,1
TSLA,3,close-return,20,2026,2025-10-27,1,0.506833,1
TSLA,3,close-return,20,2026,2025-10-28,1,0.507546,1
TSLA,3,close-return,20,2026,2025-10-29,1,0.507652,1
TSLA,3,close-return,20,2026,2025-10-30,0,0.507665,1
TSLA,3,close-return,20,2026,2025-10-31,1,0.506572,1
TSLA,3,close-return,20,2026,2025-11-03,1,0.507494,1
TSLA,3,close-return,20,2026,2025-11-04,0,0.507609,1
TSLA,3,close-return,20,2026,2025-11-05,1,0.506667,1
TSLA,3,close-return,20,2026,2025-11-06,0,0.507536,1
TSLA,3,close-return,20,2026,2025-11-07,0,0.506846,1
TSLA,3,close-return,20,2026,2025-11-10,1,0.506132,1
TSLA,3,close-return,20,2026,2025-11-11,0,0.507232,1
TSLA,3,close-return,20,2026,2025-11-12,0,0.507065,1
TSLA,3,close-return,20,2026,2025-11-13,0,0.506693,1
TSLA,3,close-return,20,2026,2025-11-14,1,0.505455,1
TSLA,3,close-return,20,2026,2025-11-17,1,0.506280,1
TSLA,3,close-return,20,2026,2025-11-18,0,0.506831,1
TSLA,3,close-return,20,2026,2025-11-19,1,0.506627,1
TSLA,3,close-return,20,2026,2025-11-20,0,0.506967,1
TSLA,3,close-return,20,2026,2025-11-21,0,0.506642,1
TSLA,3,close-return,20,2026,2025-11-24,1,0.506641,1
TSLA,3,close-return,20,2026,2025-11-25,1,0.507310,1
TSLA,3,close-return,20,2026,2025-11-26,1,0.507673,1
TSLA,3,close-return,20,2026,2025-11-28,1,0.507721,1
TSLA,3,close-return,20,2026,2025-12-01,0,0.507741,1
TSLA,3,close-return,20,2026,2025-12-02,0,0.507635,1
TSLA,3,close-return,20,2026,2025-12-03,1,0.507476,1
TSLA,3,close-return,20,2026,2025-12-04,1,0.507655,1
TSLA,3,close-return,20,2026,2025-12-05,1,0.507769,1
TSLA,3,close-return,20,2026,2025-12-08,0,0.507778,1
TSLA,3,close-return,20,2026,2025-12-09,1,0.506950,1
TSLA,3,close-return,20,2026,2025-12-10,1,0.507325,1
TSLA,3,close-return,20,2026,2025-12-11,0,0.507483,1
TSLA,3,close-return,20,2026,2025-12-12,1,0.507270,1
TSLA,3,close-return,20,2026,2025-12-15,1,0.507563,1
TSLA,3,close-return,20,2026,2025-12-16,1,0.507608,1
TSLA,3,close-return,20,2026,2025-12-17,0,0.507673,1
TSLA,3,close-return,20,2026,2025-12-18,1,0.507182,1
TSLA,3,close-return,20,2026,2025-12-19,0,0.507712,1
TSLA,3,close-return,20,2026,2025-12-22,1,0.507555,1
TSLA,3,close-return,20,2026,2025-12-23,0,0.507624,1
TSLA,3,close-return,20,2026,2025-12-24,0,0.507442,1
TSLA,3,close-return,20,2026,2025-12-26,0,0.507358,1
TSLA,3,close-return,20,2026,2025-12-29,0,0.506882,1
TSLA,3,close-return,20,2026,2025-12-30,0,0.506265,1
TSLA,3,close-return,20,2026,2025-12-31,0,0.506401,1
TSLA,3,ohlcv,5,42,2025-08-11,1,0.497675,0
TSLA,3,ohlcv,5,42,2025-08-12,1,0.501056,1
TSLA,3,ohlcv,5,42,2025-08-13,0,0.498072,0
TSLA,3,ohlcv,5,42,2025-08-14,0,0.500847,1
TSLA,3,ohlcv,5,42,2025-08-15,0,0.502269,1
TSLA,3,ohlcv,5,42,2025-08-18,1,0.497088,0
TSLA,3,ohlcv,5,42,2025-08-19,0,0.492657,0
TSLA,3,ohlcv,5,42,2025-08-20,0,0.494802,0
TSLA,3,ohlcv,5,42,2025-08-21,0,0.497282,0
TSLA,3,ohlcv,5,42,2025-08-22,1,0.494996,0
TSLA,3,ohlcv,5,42,2025-08-25,1,0.496843,0
TSLA,3,ohlcv,5,42,2025-08-26,1,0.497121,0
TSLA,3,ohlcv,5,42,2025-08-27,0,0.494009,0
TSLA,3,ohlcv,5,42,2025-08-28,0,0.492793,0
TSLA,3,ohlcv,5,42,2025-08-29,0,0.493087,0
TSLA,3,ohlcv,5,42,2025-09-02,0,0.493398,0
TSLA,3,ohlcv,5,42,2025-09-03,1,0.495452,0
TSLA,3,ohlcv,5,42,2025-09-04,1,0.502266,1
TSLA,3,ohlcv,5,42,2025-09-05,1,0.496943,0
TSLA,3,ohlcv,5,42,2025-09-08,0,0.500338,1
TSLA,3,ohlcv,5,42,2025-09-09,1,0.495541,0
TSLA,3,ohlcv,5,42,2025-09-10,1,0.494328,0
TSLA,3,ohlcv,5,42,2025-09-11,1,0.496647,0
TSLA,3,ohlcv,5,42,2025-09-12,1,0.497888,0
TSLA,3,ohlcv,5,42,2025-09-15,1,0.498780,0
TSLA,3,ohlcv,5,42,2025-09-16,1,0.499048,0
TSLA,3,ohlcv,5,42,2025-09-17,1,0.496773,0
TSLA,3,ohlcv,5,42,2025-09-18,0,0.497246,0
TSLA,3,ohlcv,5,42,2025-09-19,1,0.492492,0
TSLA,3,ohlcv,5,42,2025-09-22,1,0.492799,0
TSLA,3,ohlcv,5,42,2025-09-23,0,0.499895,0
TSLA,3,ohlcv,5,42,2025-09-24,1,0.493425,0
TSLA,3,ohlcv,5,42,2025-09-25,0,0.493511,0
TSLA,3,ohlcv,5,42,2025-09-26,1,0.491985,0
TSLA,3,ohlcv,5,42,2025-09-29,1,0.494319,0
TSLA,3,ohlcv,5,42,2025-09-30,1,0.495151,0
TSLA,3,ohlcv,5,42,2025-10-01,1,0.494958,0
TSLA,3,ohlcv,5,42,2025-10-02,0,0.497210,0
TSLA,3,ohlcv,5,42,2025-10-03,0,0.493774,0
TSLA,3,ohlcv,5,42,2025-10-06,1,0.495993,0
TSLA,3,ohlcv,5,42,2025-10-07,0,0.494943,0
TSLA,3,ohlcv,5,42,2025-10-08,1,0.493706,0
TSLA,3,ohlcv,5,42,2025-10-09,0,0.497165,0
TSLA,3,ohlcv,5,42,2025-10-10,0,0.495478,0
TSLA,3,ohlcv,5,42,2025-10-13,1,0.497727,0
TSLA,3,ohlcv,5,42,2025-10-14,0,0.494606,0
TSLA,3,ohlcv,5,42,2025-10-15,1,0.498721,0
TSLA,3,ohlcv,5,42,2025-10-16,0,0.500807,1
TSLA,3,ohlcv,5,42,2025-10-17,1,0.500341,1
TSLA,3,ohlcv,5,42,2025-10-20,1,0.497470,0
TSLA,3,ohlcv,5,42,2025-10-21,0,0.494441,0
TSLA,3,ohlcv,5,42,2025-10-22,0,0.492761,0
TSLA,3,ohlcv,5,42,2025-10-23,1,0.495107,0
TSLA,3,ohlcv,5,42,2025-10-24,0,0.499174,0
TSLA,3,ohlcv,5,42,2025-10-27,1,0.495691,0
TSLA,3,ohlcv,5,42,2025-10-28,1,0.498999,0
TSLA,3,ohlcv,5,42,2025-10-29,1,0.498879,0
TSLA,3,ohlcv,5,42,2025-10-30,0,0.498685,0
TSLA,3,ohlcv,5,42,2025-10-31,1,0.496886,0
TSLA,3,ohlcv,5,42,2025-11-03,1,0.494354,0
TSLA,3,ohlcv,5,42,2025-11-04,0,0.496471,0
TSLA,3,ohlcv,5,42,2025-11-05,1,0.497171,0
TSLA,3,ohlcv,5,42,2025-11-06,0,0.500771,1
TSLA,3,ohlcv,5,42,2025-11-07,0,0.500700,1
TSLA,3,ohlcv,5,42,2025-11-10,1,0.498601,0
TSLA,3,ohlcv,5,42,2025-11-11,0,0.498706,0
TSLA,3,ohlcv,5,42,2025-11-12,0,0.497792,0
TSLA,3,ohlcv,5,42,2025-11-13,0,0.493356,0
TSLA,3,ohlcv,5,42,2025-11-14,1,0.495920,0
TSLA,3,ohlcv,5,42,2025-11-17,1,0.500906,1
TSLA,3,ohlcv,5,42,2025-11-18,0,0.504009,1
TSLA,3,ohlcv,5,42,2025-11-19,1,0.503130,1
TSLA,3,ohlcv,5,42,2025-11-20,0,0.502691,1
TSLA,3,ohlcv,5,42,2025-11-21,0,0.503818,1
TSLA,3,ohlcv,5,42,2025-11-24,1,0.499276,0
TSLA,3,ohlcv,5,42,2025-11-25,1,0.498672,0
TSLA,3,ohlcv,5,42,2025-11-26,1,0.497116,0
TSLA,3,ohlcv,5,42,2025-11-28,1,0.495711,0
TSLA,3,ohlcv,5,42,2025-12-01,0,0.494315,0
TSLA,3,ohlcv,5,42,2025-12-02,0,0.493944,0
TSLA,3,ohlcv,5,42,2025-12-03,1,0.497720,0
TSLA,3,ohlcv,5,42,2025-12-04,1,0.496454,0
TSLA,3,ohlcv,5,42,2025-12-05,1,0.493485,0
TSLA,3,ohlcv,5,42,2025-12-08,0,0.492805,0
TSLA,3,ohlcv,5,42,2025-12-09,1,0.493487,0
TSLA,3,ohlcv,5,42,2025-12-10,1,0.495952,0
TSLA,3,ohlcv,5,42,2025-12-11,0,0.496549,0
TSLA,3,ohlcv,5,42,2025-12-12,1,0.493603,0
TSLA,3,ohlcv,5,42,2025-12-15,1,0.498966,0
TSLA,3,ohlcv,5,42,2025-12-16,1,0.499766,0
TSLA,3,ohlcv,5,42,2025-12-17,0,0.498712,0
TSLA,3,ohlcv,5,42,2025-12-18,1,0.495592,0
TSLA,3,ohlcv,5,42,2025-12-19,0,0.500104,1
TSLA,3,ohlcv,5,42,2025-12-22,1,0.496457,0
TSLA,3,ohlcv,5,42,2025-12-23,0,0.499823,0
TSLA,3,ohlcv,5,42,2025-12-24,0,0.495305,0
TSLA,3,ohlcv,5,42,2025-12-26,0,0.495629,0
TSLA,3,ohlcv,5,42,2025-12-29,0,0.493700,0
TSLA,3,ohlcv,5,42,2025-12-30,0,0.493119,0
TSLA,3,ohlcv,5,42,2025-12-31,0,0.491545,0
TSLA,3,ohlcv,5,123,2025-08-11,1,0.504239,1
TSLA,3,ohlcv,5,123,2025-08-12,1,0.504691,1
TSLA,3,ohlcv,5,123,2025-08-13,0,0.498943,0
TSLA,3,ohlcv,5,123,2025-08-14,0,0.501071,1
TSLA,3,ohlcv,5,123,2025-08-15,0,0.503713,1
TSLA,3,ohlcv,5,123,2025-08-18,1,0.497651,0
TSLA,3,ohlcv,5,123,2025-08-19,0,0.497465,0
TSLA,3,ohlcv,5,123,2025-08-20,0,0.500229,1
TSLA,3,ohlcv,5,123,2025-08-21,0,0.498778,0
TSLA,3,ohlcv,5,123,2025-08-22,1,0.497300,0
TSLA,3,ohlcv,5,123,2025-08-25,1,0.502236,1
TSLA,3,ohlcv,5,123,2025-08-26,1,0.503050,1
TSLA,3,ohlcv,5,123,2025-08-27,0,0.500801,1
TSLA,3,ohlcv,5,123,2025-08-28,0,0.499755,0
TSLA,3,ohlcv,5,123,2025-08-29,0,0.498179,0
TSLA,3,ohlcv,5,123,2025-09-02,0,0.497320,0
TSLA,3,ohlcv,5,123,2025-09-03,1,0.498456,0
TSLA,3,ohlcv,5,123,2025-09-04,1,0.503013,1
TSLA,3,ohlcv,5,123,2025-09-05,1,0.497602,0
TSLA,3,ohlcv,5,123,2025-09-08,0,0.500380,1
TSLA,3,ohlcv,5,123,2025-09-09,1,0.498569,0
TSLA,3,ohlcv,5,123,2025-09-10,1,0.496909,0
TSLA,3,ohlcv,5,123,2025-09-11,1,0.498562,0
TSLA,3,ohlcv,5,123,2025-09-12,1,0.502080,1
TSLA,3,ohlcv,5,123,2025-09-15,1,0.503053,1
TSLA,3,ohlcv,5,123,2025-09-16,1,0.498019,0
TSLA,3,ohlcv,5,123,2025-09-17,1,0.498633,0
TSLA,3,ohlcv,5,123,2025-09-18,0,0.499857,0
TSLA,3,ohlcv,5,123,2025-09-19,1,0.496674,0
TSLA,3,ohlcv,5,123,2025-09-22,1,0.497789,0
TSLA,3,ohlcv,5,123,2025-09-23,0,0.502372,1
TSLA,3,ohlcv,5,123,2025-09-24,1,0.497353,0
TSLA,3,ohlcv,5,123,2025-09-25,0,0.498811,0
TSLA,3,ohlcv,5,123,2025-09-26,1,0.497881,0
TSLA,3,ohlcv,5,123,2025-09-29,1,0.497274,0
TSLA,3,ohlcv,5,123,2025-09-30,1,0.497714,0
TSLA,3,ohlcv,5,123,2025-10-01,1,0.496194,0
TSLA,3,ohlcv,5,123,2025-10-02,0,0.501924,1
TSLA,3,ohlcv,5,123,2025-10-03,0,0.497650,0
TSLA,3,ohlcv,5,123,2025-10-06,1,0.495815,0
TSLA,3,ohlcv,5,123,2025-10-07,0,0.494226,0
TSLA,3,ohlcv,5,123,2025-10-08,1,0.497101,0
TSLA,3,ohlcv,5,123,2025-10-09,0,0.494359,0
TSLA,3,ohlcv,5,123,2025-10-10,0,0.495657,0
TSLA,3,ohlcv,5,123,2025-10-13,1,0.500262,1
TSLA,3,ohlcv,5,123,2025-10-14,0,0.496456,0
TSLA,3,ohlcv,5,123,2025-10-15,1,0.500712,1
TSLA,3,ohlcv,5,123,2025-10-16,0,0.499839,0
TSLA,3,ohlcv,5,123,2025-10-17,1,0.499571,0
TSLA,3,ohlcv,5,123,2025-10-20,1,0.502796,1
TSLA,3,ohlcv,5,123,2025-10-21,0,0.499062,0
TSLA,3,ohlcv,5,123,2025-10-22,0,0.498237,0
TSLA,3,ohlcv,5,123,2025-10-23,1,0.499696,0
TSLA,3,ohlcv,5,123,2025-10-24,0,0.506151,1
TSLA,3,ohlcv,5,123,2025-10-27,1,0.502895,1
TSLA,3,ohlcv,5,123,2025-10-28,1,0.504501,1
TSLA,3,ohlcv,5,123,2025-10-29,1,0.503351,1
TSLA,3,ohlcv,5,123,2025-10-30,0,0.499932,0
TSLA,3,ohlcv,5,123,2025-10-31,1,0.499747,0
TSLA,3,ohlcv,5,123,2025-11-03,1,0.499226,0
TSLA,3,ohlcv,5,123,2025-11-04,0,0.502461,1
TSLA,3,ohlcv,5,123,2025-11-05,1,0.504106,1
TSLA,3,ohlcv,5,123,2025-11-06,0,0.502945,1
TSLA,3,ohlcv,5,123,2025-11-07,0,0.501977,1
TSLA,3,ohlcv,5,123,2025-11-10,1,0.499327,0
TSLA,3,ohlcv,5,123,2025-11-11,0,0.496235,0
TSLA,3,ohlcv,5,123,2025-11-12,0,0.496462,0
TSLA,3,ohlcv,5,123,2025-11-13,0,0.494826,0
TSLA,3,ohlcv,5,123,2025-11-14,1,0.499635,0
TSLA,3,ohlcv,5,123,2025-11-17,1,0.506891,1
TSLA,3,ohlcv,5,123,2025-11-18,0,0.508856,1
TSLA,3,ohlcv,5,123,2025-11-19,1,0.506348,1
TSLA,3,ohlcv,5,123,2025-11-20,0,0.502887,1
TSLA,3,ohlcv,5,123,2025-11-21,0,0.503235,1
TSLA,3,ohlcv,5,123,2025-11-24,1,0.496770,0
TSLA,3,ohlcv,5,123,2025-11-25,1,0.499303,0
TSLA,3,ohlcv,5,123,2025-11-26,1,0.496722,0
TSLA,3,ohlcv,5,123,2025-11-28,1,0.494991,0
TSLA,3,ohlcv,5,123,2025-12-01,0,0.496739,0
TSLA,3,ohlcv,5,123,2025-12-02,0,0.500621,1
TSLA,3,ohlcv,5,123,2025-12-03,1,0.502934,1
TSLA,3,ohlcv,5,123,2025-12-04,1,0.502649,1
TSLA,3,ohlcv,5,123,2025-12-05,1,0.499307,0
TSLA,3,ohlcv,5,123,2025-12-08,0,0.499362,0
TSLA,3,ohlcv,5,123,2025-12-09,1,0.500049,1
TSLA,3,ohlcv,5,123,2025-12-10,1,0.502703,1
TSLA,3,ohlcv,5,123,2025-12-11,0,0.502665,1
TSLA,3,ohlcv,5,123,2025-12-12,1,0.498640,0
TSLA,3,ohlcv,5,123,2025-12-15,1,0.503492,1
TSLA,3,ohlcv,5,123,2025-12-16,1,0.502769,1
TSLA,3,ohlcv,5,123,2025-12-17,0,0.503123,1
TSLA,3,ohlcv,5,123,2025-12-18,1,0.501344,1
TSLA,3,ohlcv,5,123,2025-12-19,0,0.501049,1
TSLA,3,ohlcv,5,123,2025-12-22,1,0.496751,0
TSLA,3,ohlcv,5,123,2025-12-23,0,0.499052,0
TSLA,3,ohlcv,5,123,2025-12-24,0,0.496815,0
TSLA,3,ohlcv,5,123,2025-12-26,0,0.495274,0
TSLA,3,ohlcv,5,123,2025-12-29,0,0.496670,0
TSLA,3,ohlcv,5,123,2025-12-30,0,0.497907,0
TSLA,3,ohlcv,5,123,2025-12-31,0,0.497159,0
TSLA,3,ohlcv,5,2026,2025-08-11,1,0.505144,1
TSLA,3,ohlcv,5,2026,2025-08-12,1,0.506013,1
TSLA,3,ohlcv,5,2026,2025-08-13,0,0.502936,1
TSLA,3,ohlcv,5,2026,2025-08-14,0,0.503340,1
TSLA,3,ohlcv,5,2026,2025-08-15,0,0.504888,1
TSLA,3,ohlcv,5,2026,2025-08-18,1,0.501714,1
TSLA,3,ohlcv,5,2026,2025-08-19,0,0.498123,0
TSLA,3,ohlcv,5,2026,2025-08-20,0,0.501843,1
TSLA,3,ohlcv,5,2026,2025-08-21,0,0.503393,1
TSLA,3,ohlcv,5,2026,2025-08-22,1,0.499877,0
TSLA,3,ohlcv,5,2026,2025-08-25,1,0.504272,1
TSLA,3,ohlcv,5,2026,2025-08-26,1,0.504657,1
TSLA,3,ohlcv,5,2026,2025-08-27,0,0.501361,1
TSLA,3,ohlcv,5,2026,2025-08-28,0,0.499691,0
TSLA,3,ohlcv,5,2026,2025-08-29,0,0.501539,1
TSLA,3,ohlcv,5,2026,2025-09-02,0,0.500674,1
TSLA,3,ohlcv,5,2026,2025-09-03,1,0.499880,0
TSLA,3,ohlcv,5,2026,2025-09-04,1,0.506125,1
TSLA,3,ohlcv,5,2026,2025-09-05,1,0.501055,1
TSLA,3,ohlcv,5,2026,2025-09-08,0,0.505798,1
TSLA,3,ohlcv,5,2026,2025-09-09,1,0.501155,1
TSLA,3,ohlcv,5,2026,2025-09-10,1,0.498778,0
TSLA,3,ohlcv,5,2026,2025-09-11,1,0.503080,1
TSLA,3,ohlcv,5,2026,2025-09-12,1,0.504218,1
TSLA,3,ohlcv,5,2026,2025-09-15,1,0.504486,1
TSLA,3,ohlcv,5,2026,2025-09-16,1,0.503468,1
TSLA,3,ohlcv,5,2026,2025-09-17,1,0.500981,1
TSLA,3,ohlcv,5,2026,2025-09-18,0,0.503888,1
TSLA,3,ohlcv,5,2026,2025-09-19,1,0.498412,0
TSLA,3,ohlcv,5,2026,2025-09-22,1,0.499450,0
TSLA,3,ohlcv,5,2026,2025-09-23,0,0.503957,1
TSLA,3,ohlcv,5,2026,2025-09-24,1,0.499163,0
TSLA,3,ohlcv,5,2026,2025-09-25,0,0.500248,1
TSLA,3,ohlcv,5,2026,2025-09-26,1,0.499578,0
TSLA,3,ohlcv,5,2026,2025-09-29,1,0.502264,1
TSLA,3,ohlcv,5,2026,2025-09-30,1,0.501595,1
TSLA,3,ohlcv,5,2026,2025-10-01,1,0.502275,1
TSLA,3,ohlcv,5,2026,2025-10-02,0,0.504734,1
TSLA,3,ohlcv,5,2026,2025-10-03,0,0.500625,1
TSLA,3,ohlcv,5,2026,2025-10-06,1,0.501631,1
TSLA,3,ohlcv,5,2026,2025-10-07,0,0.498956,0
TSLA,3,ohlcv,5,2026,2025-10-08,1,0.500016,1
TSLA,3,ohlcv,5,2026,2025-10-09,0,0.500771,1
TSLA,3,ohlcv,5,2026,2025-10-10,0,0.501332,1
TSLA,3,ohlcv,5,2026,2025-10-13,1,0.502873,1
TSLA,3,ohlcv,5,2026,2025-10-14,0,0.499482,0
TSLA,3,ohlcv,5,2026,2025-10-15,1,0.503392,1
TSLA,3,ohlcv,5,2026,2025-10-16,0,0.505293,1
TSLA,3,ohlcv,5,2026,2025-10-17,1,0.504451,1
TSLA,3,ohlcv,5,2026,2025-10-20,1,0.504383,1
TSLA,3,ohlcv,5,2026,2025-10-21,0,0.500190,1
TSLA,3,ohlcv,5,2026,2025-10-22,0,0.498542,0
TSLA,3,ohlcv,5,2026,2025-10-23,1,0.503540,1
TSLA,3,ohlcv,5,2026,2025-10-24,0,0.504722,1
TSLA,3,ohlcv,5,2026,2025-10-27,1,0.502535,1
TSLA,3,ohlcv,5,2026,2025-10-28,1,0.505282,1
TSLA,3,ohlcv,5,2026,2025-10-29,1,0.503671,1
TSLA,3,ohlcv,5,2026,2025-10-30,0,0.502414,1
TSLA,3,ohlcv,5,2026,2025-10-31,1,0.500603,1
TSLA,3,ohlcv,5,2026,2025-11-03,1,0.501749,1
TSLA,3,ohlcv,5,2026,2025-11-04,0,0.503185,1
TSLA,3,ohlcv,5,2026,2025-11-05,1,0.502087,1
TSLA,3,ohlcv,5,2026,2025-11-06,0,0.505463,1
TSLA,3,ohlcv,5,2026,2025-11-07,0,0.504265,1
TSLA,3,ohlcv,5,2026,2025-11-10,1,0.502646,1
TSLA,3,ohlcv,5,2026,2025-11-11,0,0.501630,1
TSLA,3,ohlcv,5,2026,2025-11-12,0,0.501293,1
TSLA,3,ohlcv,5,2026,2025-11-13,0,0.499264,0
TSLA,3,ohlcv,5,2026,2025-11-14,1,0.502388,1
TSLA,3,ohlcv,5,2026,2025-11-17,1,0.504051,1
TSLA,3,ohlcv,5,2026,2025-11-18,0,0.506106,1
TSLA,3,ohlcv,5,2026,2025-11-19,1,0.504154,1
TSLA,3,ohlcv,5,2026,2025-11-20,0,0.504164,1
TSLA,3,ohlcv,5,2026,2025-11-21,0,0.505337,1
TSLA,3,ohlcv,5,2026,2025-11-24,1,0.502278,1
TSLA,3,ohlcv,5,2026,2025-11-25,1,0.502169,1
TSLA,3,ohlcv,5,2026,2025-11-26,1,0.501110,1
TSLA,3,ohlcv,5,2026,2025-11-28,1,0.501177,1
TSLA,3,ohlcv,5,2026,2025-12-01,0,0.498152,0
TSLA,3,ohlcv,5,2026,2025-12-02,0,0.502169,1
TSLA,3,ohlcv,5,2026,2025-12-03,1,0.505547,1
TSLA,3,ohlcv,5,2026,2025-12-04,1,0.504012,1
TSLA,3,ohlcv,5,2026,2025-12-05,1,0.501256,1
TSLA,3,ohlcv,5,2026,2025-12-08,0,0.499559,0
TSLA,3,ohlcv,5,2026,2025-12-09,1,0.501115,1
TSLA,3,ohlcv,5,2026,2025-12-10,1,0.502317,1
TSLA,3,ohlcv,5,2026,2025-12-11,0,0.502880,1
TSLA,3,ohlcv,5,2026,2025-12-12,1,0.500438,1
TSLA,3,ohlcv,5,2026,2025-12-15,1,0.505550,1
TSLA,3,ohlcv,5,2026,2025-12-16,1,0.505554,1
TSLA,3,ohlcv,5,2026,2025-12-17,0,0.504907,1
TSLA,3,ohlcv,5,2026,2025-12-18,1,0.502462,1
TSLA,3,ohlcv,5,2026,2025-12-19,0,0.503653,1
TSLA,3,ohlcv,5,2026,2025-12-22,1,0.502016,1
TSLA,3,ohlcv,5,2026,2025-12-23,0,0.502534,1
TSLA,3,ohlcv,5,2026,2025-12-24,0,0.498545,0
TSLA,3,ohlcv,5,2026,2025-12-26,0,0.498337,0
TSLA,3,ohlcv,5,2026,2025-12-29,0,0.500669,1
TSLA,3,ohlcv,5,2026,2025-12-30,0,0.499680,0
TSLA,3,ohlcv,5,2026,2025-12-31,0,0.498302,0
TSLA,3,ohlcv,20,42,2025-08-11,1,0.498436,0
TSLA,3,ohlcv,20,42,2025-08-12,1,0.501251,1
TSLA,3,ohlcv,20,42,2025-08-13,0,0.498599,0
TSLA,3,ohlcv,20,42,2025-08-14,0,0.500522,1
TSLA,3,ohlcv,20,42,2025-08-15,0,0.501647,1
TSLA,3,ohlcv,20,42,2025-08-18,1,0.497154,0
TSLA,3,ohlcv,20,42,2025-08-19,0,0.493676,0
TSLA,3,ohlcv,20,42,2025-08-20,0,0.495625,0
TSLA,3,ohlcv,20,42,2025-08-21,0,0.497454,0
TSLA,3,ohlcv,20,42,2025-08-22,1,0.495550,0
TSLA,3,ohlcv,20,42,2025-08-25,1,0.497538,0
TSLA,3,ohlcv,20,42,2025-08-26,1,0.497928,0
TSLA,3,ohlcv,20,42,2025-08-27,0,0.495376,0
TSLA,3,ohlcv,20,42,2025-08-28,0,0.494165,0
TSLA,3,ohlcv,20,42,2025-08-29,0,0.494480,0
TSLA,3,ohlcv,20,42,2025-09-02,0,0.494102,0
TSLA,3,ohlcv,20,42,2025-09-03,1,0.495944,0
TSLA,3,ohlcv,20,42,2025-09-04,1,0.501597,1
TSLA,3,ohlcv,20,42,2025-09-05,1,0.496771,0
TSLA,3,ohlcv,20,42,2025-09-08,0,0.500202,1
TSLA,3,ohlcv,20,42,2025-09-09,1,0.495636,0
TSLA,3,ohlcv,20,42,2025-09-10,1,0.494723,0
TSLA,3,ohlcv,20,42,2025-09-11,1,0.497221,0
TSLA,3,ohlcv,20,42,2025-09-12,1,0.498635,0
TSLA,3,ohlcv,20,42,2025-09-15,1,0.499813,0
TSLA,3,ohlcv,20,42,2025-09-16,1,0.499716,0
TSLA,3,ohlcv,20,42,2025-09-17,1,0.497657,0
TSLA,3,ohlcv,20,42,2025-09-18,0,0.498501,0
TSLA,3,ohlcv,20,42,2025-09-19,1,0.494090,0
TSLA,3,ohlcv,20,42,2025-09-22,1,0.494275,0
TSLA,3,ohlcv,20,42,2025-09-23,0,0.500317,1
TSLA,3,ohlcv,20,42,2025-09-24,1,0.494534,0
TSLA,3,ohlcv,20,42,2025-09-25,0,0.494871,0
TSLA,3,ohlcv,20,42,2025-09-26,1,0.493457,0
TSLA,3,ohlcv,20,42,2025-09-29,1,0.495340,0
TSLA,3,ohlcv,20,42,2025-09-30,1,0.496147,0
TSLA,3,ohlcv,20,42,2025-10-01,1,0.495784,0
TSLA,3,ohlcv,20,42,2025-10-02,0,0.498095,0
TSLA,3,ohlcv,20,42,2025-10-03,0,0.494430,0
TSLA,3,ohlcv,20,42,2025-10-06,1,0.495995,0
TSLA,3,ohlcv,20,42,2025-10-07,0,0.495278,0
TSLA,3,ohlcv,20,42,2025-10-08,1,0.494530,0
TSLA,3,ohlcv,20,42,2025-10-09,0,0.497152,0
TSLA,3,ohlcv,20,42,2025-10-10,0,0.495813,0
TSLA,3,ohlcv,20,42,2025-10-13,1,0.497704,0
TSLA,3,ohlcv,20,42,2025-10-14,0,0.494927,0
TSLA,3,ohlcv,20,42,2025-10-15,1,0.498725,0
TSLA,3,ohlcv,20,42,2025-10-16,0,0.500392,1
TSLA,3,ohlcv,20,42,2025-10-17,1,0.499778,0
TSLA,3,ohlcv,20,42,2025-10-20,1,0.497889,0
TSLA,3,ohlcv,20,42,2025-10-21,0,0.495309,0
TSLA,3,ohlcv,20,42,2025-10-22,0,0.493992,0
TSLA,3,ohlcv,20,42,2025-10-23,1,0.496039,0
TSLA,3,ohlcv,20,42,2025-10-24,0,0.499899,0
TSLA,3,ohlcv,20,42,2025-10-27,1,0.496712,0
TSLA,3,ohlcv,20,42,2025-10-28,1,0.499347,0
TSLA,3,ohlcv,20,42,2025-10-29,1,0.499055,0
TSLA,3,ohlcv,20,42,2025-10-30,0,0.498905,0
TSLA,3,ohlcv,20,42,2025-10-31,1,0.497487,0
TSLA,3,ohlcv,20,42,2025-11-03,1,0.495370,0
TSLA,3,ohlcv,20,42,2025-11-04,0,0.497565,0
TSLA,3,ohlcv,20,42,2025-11-05,1,0.498206,0
TSLA,3,ohlcv,20,42,2025-11-06,0,0.500828,1
TSLA,3,ohlcv,20,42,2025-11-07,0,0.500253,1
TSLA,3,ohlcv,20,42,2025-11-10,1,0.498413,0
TSLA,3,ohlcv,20,42,2025-11-11,0,0.498481,0
TSLA,3,ohlcv,20,42,2025-11-12,0,0.497669,0
TSLA,3,ohlcv,20,42,2025-11-13,0,0.493903,0
TSLA,3,ohlcv,20,42,2025-11-14,1,0.496183,0
TSLA,3,ohlcv,20,42,2025-11-17,1,0.500647,1
TSLA,3,ohlcv,20,42,2025-11-18,0,0.503199,1
TSLA,3,ohlcv,20,42,2025-11-19,1,0.502245,1
TSLA,3,ohlcv,20,42,2025-11-20,0,0.501552,1
TSLA,3,ohlcv,20,42,2025-11-21,0,0.502614,1
TSLA,3,ohlcv,20,42,2025-11-24,1,0.498799,0
TSLA,3,ohlcv,20,42,2025-11-25,1,0.498907,0
TSLA,3,ohlcv,20,42,2025-11-26,1,0.497603,0
TSLA,3,ohlcv,20,42,2025-11-28,1,0.496504,0
TSLA,3,ohlcv,20,42,2025-12-01,0,0.495199,0
TSLA,3,ohlcv,20,42,2025-12-02,0,0.495228,0
TSLA,3,ohlcv,20,42,2025-12-03,1,0.498490,0
TSLA,3,ohlcv,20,42,2025-12-04,1,0.497519,0
TSLA,3,ohlcv,20,42,2025-12-05,1,0.494979,0
TSLA,3,ohlcv,20,42,2025-12-08,0,0.494266,0
TSLA,3,ohlcv,20,42,2025-12-09,1,0.494896,0
TSLA,3,ohlcv,20,42,2025-12-10,1,0.496905,0
TSLA,3,ohlcv,20,42,2025-12-11,0,0.497370,0
TSLA,3,ohlcv,20,42,2025-12-12,1,0.494806,0
TSLA,3,ohlcv,20,42,2025-12-15,1,0.499316,0
TSLA,3,ohlcv,20,42,2025-12-16,1,0.499968,0
TSLA,3,ohlcv,20,42,2025-12-17,0,0.499511,0
TSLA,3,ohlcv,20,42,2025-12-18,1,0.496639,0
TSLA,3,ohlcv,20,42,2025-12-19,0,0.499940,0
TSLA,3,ohlcv,20,42,2025-12-22,1,0.496933,0
TSLA,3,ohlcv,20,42,2025-12-23,0,0.499748,0
TSLA,3,ohlcv,20,42,2025-12-24,0,0.495741,0
TSLA,3,ohlcv,20,42,2025-12-26,0,0.495991,0
TSLA,3,ohlcv,20,42,2025-12-29,0,0.494510,0
TSLA,3,ohlcv,20,42,2025-12-30,0,0.493999,0
TSLA,3,ohlcv,20,42,2025-12-31,0,0.492502,0
TSLA,3,ohlcv,20,123,2025-08-11,1,0.504532,1
TSLA,3,ohlcv,20,123,2025-08-12,1,0.505051,1
TSLA,3,ohlcv,20,123,2025-08-13,0,0.499215,0
TSLA,3,ohlcv,20,123,2025-08-14,0,0.501654,1
TSLA,3,ohlcv,20,123,2025-08-15,0,0.504176,1
TSLA,3,ohlcv,20,123,2025-08-18,1,0.498379,0
TSLA,3,ohlcv,20,123,2025-08-19,0,0.498151,0
TSLA,3,ohlcv,20,123,2025-08-20,0,0.500463,1
TSLA,3,ohlcv,20,123,2025-08-21,0,0.498876,0
TSLA,3,ohlcv,20,123,2025-08-22,1,0.497556,0
TSLA,3,ohlcv,20,123,2025-08-25,1,0.502295,1
TSLA,3,ohlcv,20,123,2025-08-26,1,0.503241,1
TSLA,3,ohlcv,20,123,2025-08-27,0,0.501167,1
TSLA,3,ohlcv,20,123,2025-08-28,0,0.500142,1
TSLA,3,ohlcv,20,123,2025-08-29,0,0.498542,0
TSLA,3,ohlcv,20,123,2025-09-02,0,0.497744,0
TSLA,3,ohlcv,20,123,2025-09-03,1,0.498855,0
TSLA,3,ohlcv,20,123,2025-09-04,1,0.503311,1
TSLA,3,ohlcv,20,123,2025-09-05,1,0.497799,0
TSLA,3,ohlcv,20,123,2025-09-08,0,0.500424,1
TSLA,3,ohlcv,20,123,2025-09-09,1,0.498577,0
TSLA,3,ohlcv,20,123,2025-09-10,1,0.497109,0
TSLA,3,ohlcv,20,123,2025-09-11,1,0.499038,0
TSLA,3,ohlcv,20,123,2025-09-12,1,0.502242,1
TSLA,3,ohlcv,20,123,2025-09-15,1,0.503265,1
TSLA,3,ohlcv,20,123,2025-09-16,1,0.498173,0
TSLA,3,ohlcv,20,123,2025-09-17,1,0.498835,0
TSLA,3,ohlcv,20,123,2025-09-18,0,0.500406,1
TSLA,3,ohlcv,20,123,2025-09-19,1,0.497458,0
TSLA,3,ohlcv,20,123,2025-09-22,1,0.498779,0
TSLA,3,ohlcv,20,123,2025-09-23,0,0.502860,1
TSLA,3,ohlcv,20,123,2025-09-24,1,0.497674,0
TSLA,3,ohlcv,20,123,2025-09-25,0,0.499292,0
TSLA,3,ohlcv,20,123,2025-09-26,1,0.498139,0
TSLA,3,ohlcv,20,123,2025-09-29,1,0.497629,0
TSLA,3,ohlcv,20,123,2025-09-30,1,0.498233,0
TSLA,3,ohlcv,20,123,2025-10-01,1,0.496373,0
TSLA,3,ohlcv,20,123,2025-10-02,0,0.502259,1
TSLA,3,ohlcv,20,123,2025-10-03,0,0.497865,0
TSLA,3,ohlcv,20,123,2025-10-06,1,0.495817,0
TSLA,3,ohlcv,20,123,2025-10-07,0,0.494280,0
TSLA,3,ohlcv,20,123,2025-10-08,1,0.497109,0
TSLA,3,ohlcv,20,123,2025-10-09,0,0.494541,0
TSLA,3,ohlcv,20,123,2025-10-10,0,0.495770,0
TSLA,3,ohlcv,20,123,2025-10-13,1,0.499990,0
TSLA,3,ohlcv,20,123,2025-10-14,0,0.496247,0
TSLA,3,ohlcv,20,123,2025-10-15,1,0.500574,1
TSLA,3,ohlcv,20,123,2025-10-16,0,0.499389,0
TSLA,3,ohlcv,20,123,2025-10-17,1,0.499468,0
TSLA,3,ohlcv,20,123,2025-10-20,1,0.502849,1
TSLA,3,ohlcv,20,123,2025-10-21,0,0.499172,0
TSLA,3,ohlcv,20,123,2025-10-22,0,0.498610,0
TSLA,3,ohlcv,20,123,2025-10-23,1,0.499916,0
TSLA,3,ohlcv,20,123,2025-10-24,0,0.506298,1
TSLA,3,ohlcv,20,123,2025-10-27,1,0.503320,1
TSLA,3,ohlcv,20,123,2025-10-28,1,0.504773,1
TSLA,3,ohlcv,20,123,2025-10-29,1,0.503594,1
TSLA,3,ohlcv,20,123,2025-10-30,0,0.500487,1
TSLA,3,ohlcv,20,123,2025-10-31,1,0.500648,1
TSLA,3,ohlcv,20,123,2025-11-03,1,0.499694,0
TSLA,3,ohlcv,20,123,2025-11-04,0,0.503045,1
TSLA,3,ohlcv,20,123,2025-11-05,1,0.504460,1
TSLA,3,ohlcv,20,123,2025-11-06,0,0.503298,1
TSLA,3,ohlcv,20,123,2025-11-07,0,0.502103,1
TSLA,3,ohlcv,20,123,2025-11-10,1,0.499393,0
TSLA,3,ohlcv,20,123,2025-11-11,0,0.496450,0
TSLA,3,ohlcv,20,123,2025-11-12,0,0.496793,0
TSLA,3,ohlcv,20,123,2025-11-13,0,0.494965,0
TSLA,3,ohlcv,20,123,2025-11-14,1,0.499443,0
TSLA,3,ohlcv,20,123,2025-11-17,1,0.506510,1
TSLA,3,ohlcv,20,123,2025-11-18,0,0.508866,1
TSLA,3,ohlcv,20,123,2025-11-19,1,0.506302,1
TSLA,3,ohlcv,20,123,2025-11-20,0,0.502772,1
TSLA,3,ohlcv,20,123,2025-11-21,0,0.503281,1
TSLA,3,ohlcv,20,123,2025-11-24,1,0.497157,0
TSLA,3,ohlcv,20,123,2025-11-25,1,0.499908,0
TSLA,3,ohlcv,20,123,2025-11-26,1,0.497276,0
TSLA,3,ohlcv,20,123,2025-11-28,1,0.495322,0
TSLA,3,ohlcv,20,123,2025-12-01,0,0.497106,0
TSLA,3,ohlcv,20,123,2025-12-02,0,0.500732,1
TSLA,3,ohlcv,20,123,2025-12-03,1,0.503399,1
TSLA,3,ohlcv,20,123,2025-12-04,1,0.502971,1
TSLA,3,ohlcv,20,123,2025-12-05,1,0.499590,0
TSLA,3,ohlcv,20,123,2025-12-08,0,0.499567,0
TSLA,3,ohlcv,20,123,2025-12-09,1,0.500602,1
TSLA,3,ohlcv,20,123,2025-12-10,1,0.503305,1
TSLA,3,ohlcv,20,123,2025-12-11,0,0.503390,1
TSLA,3,ohlcv,20,123,2025-12-12,1,0.499220,0
TSLA,3,ohlcv,20,123,2025-12-15,1,0.503814,1
TSLA,3,ohlcv,20,123,2025-12-16,1,0.503127,1
TSLA,3,ohlcv,20,123,2025-12-17,0,0.503625,1
TSLA,3,ohlcv,20,123,2025-12-18,1,0.501945,1
TSLA,3,ohlcv,20,123,2025-12-19,0,0.501365,1
TSLA,3,ohlcv,20,123,2025-12-22,1,0.497515,0
TSLA,3,ohlcv,20,123,2025-12-23,0,0.499708,0
TSLA,3,ohlcv,20,123,2025-12-24,0,0.497368,0
TSLA,3,ohlcv,20,123,2025-12-26,0,0.495632,0
TSLA,3,ohlcv,20,123,2025-12-29,0,0.496929,0
TSLA,3,ohlcv,20,123,2025-12-30,0,0.498015,0
TSLA,3,ohlcv,20,123,2025-12-31,0,0.497259,0
TSLA,3,ohlcv,20,2026,2025-08-11,1,0.505157,1
TSLA,3,ohlcv,20,2026,2025-08-12,1,0.505930,1
TSLA,3,ohlcv,20,2026,2025-08-13,0,0.502949,1
TSLA,3,ohlcv,20,2026,2025-08-14,0,0.503318,1
TSLA,3,ohlcv,20,2026,2025-08-15,0,0.504910,1
TSLA,3,ohlcv,20,2026,2025-08-18,1,0.501883,1
TSLA,3,ohlcv,20,2026,2025-08-19,0,0.498332,0
TSLA,3,ohlcv,20,2026,2025-08-20,0,0.502027,1
TSLA,3,ohlcv,20,2026,2025-08-21,0,0.503416,1
TSLA,3,ohlcv,20,2026,2025-08-22,1,0.499941,0
TSLA,3,ohlcv,20,2026,2025-08-25,1,0.504272,1
TSLA,3,ohlcv,20,2026,2025-08-26,1,0.504561,1
TSLA,3,ohlcv,20,2026,2025-08-27,0,0.501439,1
TSLA,3,ohlcv,20,2026,2025-08-28,0,0.499977,0
TSLA,3,ohlcv,20,2026,2025-08-29,0,0.501897,1
TSLA,3,ohlcv,20,2026,2025-09-02,0,0.501033,1
TSLA,3,ohlcv,20,2026,2025-09-03,1,0.500057,1
TSLA,3,ohlcv,20,2026,2025-09-04,1,0.506066,1
TSLA,3,ohlcv,20,2026,2025-09-05,1,0.500911,1
TSLA,3,ohlcv,20,2026,2025-09-08,0,0.505678,1
TSLA,3,ohlcv,20,2026,2025-09-09,1,0.501048,1
TSLA,3,ohlcv,20,2026,2025-09-10,1,0.498673,0
TSLA,3,ohlcv,20,2026,2025-09-11,1,0.503169,1
TSLA,3,ohlcv,20,2026,2025-09-12,1,0.504241,1
TSLA,3,ohlcv,20,2026,2025-09-15,1,0.504554,1
TSLA,3,ohlcv,20,2026,2025-09-16,1,0.503392,1
TSLA,3,ohlcv,20,2026,2025-09-17,1,0.500755,1
TSLA,3,ohlcv,20,2026,2025-09-18,0,0.503875,1
TSLA,3,ohlcv,20,2026,2025-09-19,1,0.498973,0
TSLA,3,ohlcv,20,2026,2025-09-22,1,0.500202,1
TSLA,3,ohlcv,20,2026,2025-09-23,0,0.504081,1
TSLA,3,ohlcv,20,2026,2025-09-24,1,0.499162,0
TSLA,3,ohlcv,20,2026,2025-09-25,0,0.500672,1
TSLA,3,ohlcv,20,2026,2025-09-26,1,0.499928,0
TSLA,3,ohlcv,20,2026,2025-09-29,1,0.502543,1
TSLA,3,ohlcv,20,2026,2025-09-30,1,0.501778,1
TSLA,3,ohlcv,20,2026,2025-10-01,1,0.502293,1
TSLA,3,ohlcv,20,2026,2025-10-02,0,0.504785,1
TSLA,3,ohlcv,20,2026,2025-10-03,0,0.500759,1
TSLA,3,ohlcv,20,2026,2025-10-06,1,0.501751,1
TSLA,3,ohlcv,20,2026,2025-10-07,0,0.498767,0
TSLA,3,ohlcv,20,2026,2025-10-08,1,0.500103,1
TSLA,3,ohlcv,20,2026,2025-10-09,0,0.500867,1
TSLA,3,ohlcv,20,2026,2025-10-10,0,0.501414,1
TSLA,3,ohlcv,20,2026,2025-10-13,1,0.502843,1
TSLA,3,ohlcv,20,2026,2025-10-14,0,0.499520,0
TSLA,3,ohlcv,20,2026,2025-10-15,1,0.503334,1
TSLA,3,ohlcv,20,2026,2025-10-16,0,0.505241,1
TSLA,3,ohlcv,20,2026,2025-10-17,1,0.504509,1
TSLA,3,ohlcv,20,2026,2025-10-20,1,0.504344,1
TSLA,3,ohlcv,20,2026,2025-10-21,0,0.500323,1
TSLA,3,ohlcv,20,2026,2025-10-22,0,0.498819,0
TSLA,3,ohlcv,20,2026,2025-10-23,1,0.503874,1
TSLA,3,ohlcv,20,2026,2025-10-24,0,0.504870,1
TSLA,3,ohlcv,20,2026,2025-10-27,1,0.502861,1
TSLA,3,ohlcv,20,2026,2025-10-28,1,0.505242,1
TSLA,3,ohlcv,20,2026,2025-10-29,1,0.503387,1
TSLA,3,ohlcv,20,2026,2025-10-30,0,0.502668,1
TSLA,3,ohlcv,20,2026,2025-10-31,1,0.501045,1
TSLA,3,ohlcv,20,2026,2025-11-03,1,0.502109,1
TSLA,3,ohlcv,20,2026,2025-11-04,0,0.503410,1
TSLA,3,ohlcv,20,2026,2025-11-05,1,0.502275,1
TSLA,3,ohlcv,20,2026,2025-11-06,0,0.505519,1
TSLA,3,ohlcv,20,2026,2025-11-07,0,0.504387,1
TSLA,3,ohlcv,20,2026,2025-11-10,1,0.502639,1
TSLA,3,ohlcv,20,2026,2025-11-11,0,0.501622,1
TSLA,3,ohlcv,20,2026,2025-11-12,0,0.501098,1
TSLA,3,ohlcv,20,2026,2025-11-13,0,0.499297,0
TSLA,3,ohlcv,20,2026,2025-11-14,1,0.502519,1
TSLA,3,ohlcv,20,2026,2025-11-17,1,0.504106,1
TSLA,3,ohlcv,20,2026,2025-11-18,0,0.505891,1
TSLA,3,ohlcv,20,2026,2025-11-19,1,0.503902,1
TSLA,3,ohlcv,20,2026,2025-11-20,0,0.503789,1
TSLA,3,ohlcv,20,2026,2025-11-21,0,0.504962,1
TSLA,3,ohlcv,20,2026,2025-11-24,1,0.502045,1
TSLA,3,ohlcv,20,2026,2025-11-25,1,0.502059,1
TSLA,3,ohlcv,20,2026,2025-11-26,1,0.501094,1
TSLA,3,ohlcv,20,2026,2025-11-28,1,0.501225,1
TSLA,3,ohlcv,20,2026,2025-12-01,0,0.498008,0
TSLA,3,ohlcv,20,2026,2025-12-02,0,0.502204,1
TSLA,3,ohlcv,20,2026,2025-12-03,1,0.505588,1
TSLA,3,ohlcv,20,2026,2025-12-04,1,0.504146,1
TSLA,3,ohlcv,20,2026,2025-12-05,1,0.501612,1
TSLA,3,ohlcv,20,2026,2025-12-08,0,0.499823,0
TSLA,3,ohlcv,20,2026,2025-12-09,1,0.501598,1
TSLA,3,ohlcv,20,2026,2025-12-10,1,0.502672,1
TSLA,3,ohlcv,20,2026,2025-12-11,0,0.503241,1
TSLA,3,ohlcv,20,2026,2025-12-12,1,0.500922,1
TSLA,3,ohlcv,20,2026,2025-12-15,1,0.505629,1
TSLA,3,ohlcv,20,2026,2025-12-16,1,0.505523,1
TSLA,3,ohlcv,20,2026,2025-12-17,0,0.504852,1
TSLA,3,ohlcv,20,2026,2025-12-18,1,0.502642,1
TSLA,3,ohlcv,20,2026,2025-12-19,0,0.503622,1
TSLA,3,ohlcv,20,2026,2025-12-22,1,0.502497,1
TSLA,3,ohlcv,20,2026,2025-12-23,0,0.502621,1
TSLA,3,ohlcv,20,2026,2025-12-24,0,0.498451,0
TSLA,3,ohlcv,20,2026,2025-12-26,0,0.498262,0
TSLA,3,ohlcv,20,2026,2025-12-29,0,0.500790,1
TSLA,3,ohlcv,20,2026,2025-12-30,0,0.499864,0
TSLA,3,ohlcv,20,2026,2025-12-31,0,0.498433,0
